source_row,partition
0,train
1,validation
2,train
3,train
4,train
5,train
6,train
7,train
8,validation
9,train
10,train
11,validation
12,train
13,train
14,train
15,train
16,validation
17,validation
18,train
19,train
20,train
21,train
22,train
23,train
24,train
25,validation
26,train
27,validation
28,train
29,train
30,train
31,train
32,train
33,train
34,train
35,train
36,train
37,train
38,train
39,train
40,train
41,train
42,train
43,train
44,train
45,train
46,train
47,train
48,train
49,train
50,train
51,train
52,train
53,train
54,train
55,validation
56,train
57,train
58,train
59,train
60,train
61,train
62,train
63,validation
64,train
65,train
66,validation
67,train
68,train
69,train
70,train
71,train
72,train
73,train
74,train
75,train
76,train
77,train
78,train
79,train
80,train
81,train
82,validation
83,validation
84,train
85,train
86,train
87,train
88,train
89,train
90,train
91,train
92,train
93,train
94,validation
95,train
96,train
97,validation
98,train
99,train
100,train
101,train
102,validation
103,train
104,train
105,train
106,train
107,train
108,train
109,train
110,train
111,validation
112,train
113,train
114,validation
115,train
116,validation
117,validation
118,train
119,validation
120,train
121,train
122,validation
123,validation
124,train
125,train
126,validation
127,train
128,train
129,train
130,train
131,train
132,train
133,validation
134,train
135,train
136,validation
137,train
138,train
139,train
140,train
141,train
142,train
143,train
144,train
145,validation
146,train
147,train
148,train
149,train
150,train
151,train
152,train
153,train
154,validation
155,train
156,train
157,validation
158,train
159,train
160,train
161,validation
162,train
163,train
164,validation
165,train
166,train
167,train
168,train
169,train
170,train
171,train
172,train
173,validation
174,train
175,validation
176,train
177,train
178,train
179,validation
180,train
181,train
182,train
183,train
184,train
185,train
186,train
187,train
188,validation
189,validation
190,train
191,train
192,train
193,train
194,train
195,train
196,validation
197,train
198,validation
199,train
200,train
201,train
202,train
203,validation
204,train
205,validation
206,train
207,train
208,train
209,train
210,train
211,train
212,train
213,train
214,train
215,train
216,validation
217,validation
218,validation
219,train
220,train
221,validation
222,train
223,validation
224,train
225,validation
226,validation
227,train
228,validation
229,validation
230,train
231,train
232,train
233,train
234,train
235,train
236,train
237,train
238,train
239,train
240,train
241,train
242,train
243,train
244,train
245,validation
246,train
247,train
248,train
249,train
250,validation
251,train
252,train
253,train
254,train
255,train
256,train
257,train
258,train
259,train
260,train
261,train
262,train
263,train
264,validation
265,train
266,validation
267,train
268,train
269,train
270,train
271,validation
272,train
273,train
274,train
275,train
276,train
277,train
278,train
279,train
280,train
281,train
282,train
283,validation
284,train
285,train
286,train
287,train
288,validation
289,train
290,train
291,train
292,train
293,train
294,validation
295,validation
296,train
297,train
298,train
299,validation
300,train
301,train
302,train
303,train
304,train
305,train
306,train
307,train
308,train
309,train
310,validation
311,train
312,train
313,validation
314,train
315,train
316,train
317,train
318,train
319,train
320,train
321,train
322,train
323,train
324,train
325,train
326,train
327,validation
328,validation
329,train
330,train
331,train
332,train
333,validation
334,train
335,train
336,train
337,train
338,train
339,validation
340,train
341,train
342,train
343,train
344,validation
345,train
346,train
347,validation
348,train
349,train
350,validation
351,train
352,train
353,train
354,train
355,train
356,train
357,train
358,train
359,validation
360,train
361,train
362,validation
363,validation
364,train
365,validation
366,train
367,train
368,train
369,validation
370,train
371,train
372,validation
373,train
374,train
375,train
376,train
377,train
378,train
379,train
380,train
381,train
382,train
383,train
384,train
385,train
386,train
387,validation
388,train
389,train
390,validation
391,train
392,validation
393,train
394,train
395,train
396,validation
397,train
398,train
399,train
400,train
401,train
402,train
403,train
404,validation
405,train
406,validation
407,train
408,train
409,train
410,train
411,validation
412,train
413,validation
414,train
415,train
416,train
417,train
418,train
419,train
420,train
421,train
422,train
423,train
424,validation
425,train
426,train
427,train
428,train
429,train
430,train
431,train
432,validation
433,train
434,validation
435,train
436,train
437,train
438,train
439,validation
440,validation
441,train
442,train
443,train
444,train
445,train
446,train
447,validation
448,train
449,train
450,train
451,train
452,train
453,train
454,train
455,train
456,train
457,train
458,train
459,train
460,train
461,train
462,train
463,train
464,train
465,train
466,train
467,train
468,train
469,validation
470,train
471,train
472,train
473,validation
474,train
475,validation
476,train
477,train
478,train
479,train
480,validation
481,train
482,train
483,validation
484,train
485,train
486,train
487,train
488,train
489,train
490,train
491,train
492,train
493,train
494,train
495,train
496,train
497,validation
498,train
499,train
500,train
501,train
502,train
503,train
504,train
505,validation
506,train
507,train
508,train
509,train
510,train
511,validation
512,validation
513,train
514,train
515,train
516,train
517,train
518,validation
519,train
520,validation
521,train
522,train
523,validation
524,train
525,train
526,train
527,train
528,train
529,train
530,train
531,train
532,train
533,train
534,validation
535,train
536,validation
537,train
538,train
539,train
540,train
541,validation
542,train
543,validation
544,train
545,train
546,train
547,train
548,validation
549,train
550,train
551,train
552,train
553,train
554,train
555,validation
556,train
557,train
558,train
559,train
560,train
561,train
562,train
563,validation
564,train
565,train
566,train
567,train
568,train
569,train
570,train
571,train
572,train
573,validation
574,train
575,train
576,train
577,validation
578,train
579,train
580,train
581,validation
582,train
583,validation
584,validation
585,train
586,train
587,train
588,train
589,train
590,train
591,train
592,validation
593,train
594,train
595,validation
596,train
597,train
598,train
599,validation
600,train
601,train
602,train
603,train
604,train
605,train
606,train
607,validation
608,train
609,train
610,train
611,train
612,validation
613,train
614,validation
615,train
616,validation
617,validation
618,train
619,train
620,train
621,train
622,train
623,train
624,train
625,validation
626,train
627,train
628,train
629,train
630,train
631,validation
632,train
633,train
634,train
635,train
636,train
637,train
638,validation
639,train
640,train
641,validation
642,train
643,train
644,validation
645,train
646,train
647,validation
648,train
649,validation
650,train
651,train
652,train
653,train
654,train
655,train
656,validation
657,train
658,validation
659,validation
660,train
661,train
662,train
663,train
664,train
665,train
666,train
667,train
668,train
669,train
670,train
671,train
672,train
673,train
674,train
675,validation
676,train
677,train
678,train
679,train
680,train
681,train
682,train
683,train
684,validation
685,train
686,train
687,train
688,train
689,validation
690,train
691,train
692,train
693,validation
694,train
695,train
696,train
697,train
698,train
699,train
700,train
701,train
702,train
703,validation
704,validation
705,validation
706,validation
707,train
708,validation
709,validation
710,train
711,train
712,train
713,train
714,train
715,train
716,train
717,train
718,train
719,train
720,validation
721,train
722,train
723,train
724,train
725,train
726,train
727,train
728,validation
729,validation
730,validation
731,train
732,train
733,train
734,train
735,train
736,train
737,validation
738,train
739,train
740,validation
741,train
742,validation
743,train
744,train
745,train
746,train
747,train
748,validation
749,train
750,validation
751,train
752,train
753,train
754,train
755,train
756,train
757,train
758,train
759,train
760,train
761,train
762,train
763,train
764,train
765,train
766,train
767,train
768,train
769,train
770,validation
771,validation
772,validation
773,train
774,train
775,train
776,train
777,train
778,train
779,train
780,validation
781,train
782,train
783,train
784,train
785,train
786,train
787,train
788,train
789,train
790,train
791,validation
792,validation
793,train
794,validation
795,train
796,train
797,train
798,train
799,train
800,train
801,train
802,train
803,train
804,validation
805,train
806,train
807,train
808,validation
809,train
810,validation
811,train
812,train
813,train
814,train
815,train
816,train
817,validation
818,train
819,train
820,train
821,train
822,validation
823,train
824,train
825,train
826,train
827,train
828,train
829,validation
830,train
831,train
832,train
833,train
834,train
835,train
836,train
837,train
838,train
839,train
840,validation
841,train
842,train
843,validation
844,train
845,train
846,train
847,train
848,train
849,train
850,train
851,train
852,train
853,train
854,train
855,train
856,validation
857,train
858,train
859,validation
860,validation
861,validation
862,train
863,train
864,validation
865,train
866,train
867,train
868,validation
869,train
870,train
871,train
872,validation
873,train
874,validation
875,train
876,train
877,train
878,train
879,validation
880,train
881,train
882,train
883,train
884,train
885,validation
886,train
887,validation
888,train
889,train
890,train
891,train
892,train
893,train
894,validation
895,train
896,train
897,train
898,train
899,train
900,train
901,train
902,train
903,train
904,train
905,train
906,train
907,validation
908,train
909,train
910,train
911,train
912,train
913,validation
914,train
915,train
916,validation
917,train
918,train
919,validation
920,train
921,train
922,train
923,train
924,train
925,train
926,train
927,train
928,train
929,train
930,train
931,train
932,train
933,validation
934,train
935,validation
936,train
937,train
938,train
939,validation
940,train
941,train
942,train
943,validation
944,train
945,train
946,train
947,train
948,train
949,train
950,train
951,train
952,validation
953,train
954,train
955,train
956,train
957,train
958,validation
959,validation
960,train
961,train
962,train
963,train
964,train
965,train
966,train
967,train
968,train
969,train
970,train
971,train
972,train
973,train
974,train
975,validation
976,train
977,train
978,train
979,validation
980,train
981,train
982,train
983,validation
984,validation
985,train
986,validation
987,validation
988,train
989,train
990,train
991,validation
992,train
993,train
994,train
995,train
996,validation
997,train
998,validation
999,train
1000,train
1001,train
1002,validation
1003,train
1004,train
1005,train
1006,train
1007,train
1008,train
1009,train
1010,train
1011,train
1012,train
1013,validation
1014,validation
1015,train
1016,validation
1017,train
1018,train
1019,train
1020,train
1021,train
1022,validation
1023,train
1024,train
1025,train
1026,validation
1027,train
1028,train
1029,train
1030,train
1031,train
1032,train
1033,train
1034,train
1035,validation
1036,train
1037,train
1038,train
1039,validation
1040,train
1041,train
1042,train
1043,validation
1044,validation
1045,train
1046,validation
1047,validation
1048,train
1049,train
1050,train
1051,train
1052,train
1053,validation
1054,train
1055,train
1056,train
1057,train
1058,train
1059,train
1060,train
1061,train
1062,train
1063,train
1064,train
1065,train
1066,train
1067,train
1068,train
1069,train
1070,train
1071,train
1072,train
1073,train
1074,train
1075,validation
1076,train
1077,train
1078,train
1079,train
1080,validation
1081,validation
1082,validation
1083,train
1084,validation
1085,train
1086,train
1087,train
1088,validation
1089,train
1090,validation
1091,train
1092,train
1093,train
1094,train
1095,validation
1096,train
1097,train
1098,validation
1099,train
1100,train
1101,train
1102,train
1103,train
1104,train
1105,validation
1106,train
1107,train
1108,train
1109,train
1110,train
1111,validation
1112,train
1113,train
1114,train
1115,train
1116,train
1117,train
1118,train
1119,train
1120,train
1121,train
1122,train
1123,validation
1124,train
1125,train
1126,train
1127,train
1128,train
1129,train
1130,train
1131,train
1132,train
1133,train
1134,train
1135,train
1136,train
1137,train
1138,train
1139,train
1140,train
1141,train
1142,train
1143,validation
1144,train
1145,train
1146,validation
1147,train
1148,train
1149,validation
1150,train
1151,train
1152,train
1153,train
1154,train
1155,train
1156,train
1157,train
1158,train
1159,train
1160,train
1161,train
1162,train
1163,train
1164,train
1165,train
1166,train
1167,train
1168,validation
1169,train
1170,train
1171,train
1172,validation
1173,validation
1174,validation
1175,train
1176,train
1177,train
1178,validation
1179,train
1180,train
1181,validation
1182,train
1183,train
1184,train
1185,train
1186,train
1187,train
1188,train
1189,train
1190,train
1191,train
1192,train
1193,train
1194,train
1195,validation
1196,train
1197,train
1198,train
1199,train
1200,train
1201,train
1202,train
1203,train
1204,train
1205,train
1206,validation
1207,validation
1208,validation
1209,validation
1210,train
1211,validation
1212,train
1213,train
1214,train
1215,validation
1216,train
1217,train
1218,train
1219,validation
1220,train
1221,train
1222,validation
1223,train
1224,train
1225,train
1226,train
1227,train
1228,train
1229,validation
1230,train
1231,train
1232,train
1233,validation
1234,train
1235,validation
1236,train
1237,train
1238,train
1239,train
1240,train
1241,train
1242,validation
1243,train
1244,train
1245,train
1246,train
1247,train
1248,validation
1249,train
1250,train
1251,validation
1252,train
1253,train
1254,train
1255,train
1256,validation
1257,train
1258,train
1259,train
1260,train
1261,validation
1262,train
1263,train
1264,train
1265,train
1266,validation
1267,train
1268,validation
1269,train
1270,train
1271,train
1272,train
1273,train
1274,train
1275,train
1276,train
1277,train
1278,validation
1279,train
1280,train
1281,validation
1282,train
1283,train
1284,train
1285,train
1286,train
1287,train
1288,train
1289,train
1290,validation
1291,train
1292,train
1293,train
1294,train
1295,train
1296,validation
1297,train
1298,train
1299,validation
1300,train
1301,train
1302,train
1303,train
1304,train
1305,train
1306,train
1307,train
1308,train
1309,train
1310,train
1311,train
1312,train
1313,train
1314,train
1315,train
1316,validation
1317,train
1318,train
1319,train
1320,train
1321,train
1322,validation
1323,train
1324,train
1325,train
1326,train
1327,train
1328,train
1329,train
1330,train
1331,validation
1332,train
1333,train
1334,train
1335,train
1336,train
1337,validation
1338,train
1339,train
1340,train
1341,train
1342,train
1343,train
1344,train
1345,train
1346,train
1347,validation
1348,train
1349,train
1350,train
1351,validation
1352,train
1353,train
1354,train
1355,train
1356,train
1357,train
1358,train
1359,train
1360,train
1361,train
1362,train
1363,train
1364,train
1365,validation
1366,train
1367,train
1368,train
1369,train
1370,train
1371,train
1372,train
1373,train
1374,train
1375,validation
1376,train
1377,train
1378,train
1379,train
1380,train
1381,train
1382,train
1383,train
1384,train
1385,train
1386,train
1387,validation
1388,train
1389,train
1390,train
1391,train
1392,train
1393,train
1394,train
1395,train
1396,train
1397,train
1398,train
1399,validation
1400,validation
1401,train
1402,train
1403,train
1404,validation
1405,train
1406,train
1407,train
1408,train
1409,train
1410,validation
1411,train
1412,train
1413,validation
1414,train
1415,validation
1416,train
1417,train
1418,train
1419,train
1420,train
1421,train
1422,train
1423,train
1424,train
1425,train
1426,train
1427,train
1428,train
1429,train
1430,train
1431,train
1432,train
1433,train
1434,train
1435,train
1436,train
1437,train
1438,train
1439,train
1440,train
1441,train
1442,train
1443,validation
1444,train
1445,train
1446,train
1447,validation
1448,validation
1449,train
1450,train
1451,train
1452,validation
1453,train
1454,train
1455,validation
1456,train
1457,train
1458,train
1459,train
1460,train
1461,train
1462,train
1463,train
1464,train
1465,train
1466,train
1467,train
1468,train
1469,train
1470,train
1471,train
1472,train
1473,train
1474,validation
1475,validation
1476,train
1477,train
1478,train
1479,train
1480,validation
1481,train
1482,train
1483,train
1484,train
1485,train
1486,train
1487,validation
1488,train
1489,train
1490,train
1491,train
1492,train
1493,validation
1494,validation
1495,validation
1496,train
1497,train
1498,train
1499,train
1500,validation
1501,train
1502,train
1503,validation
1504,train
1505,validation
1506,train
1507,train
1508,train
1509,train
1510,train
1511,train
1512,train
1513,train
1514,train
1515,train
1516,train
1517,train
1518,train
1519,validation
1520,train
1521,train
1522,validation
1523,validation
1524,train
1525,train
1526,train
1527,train
1528,train
1529,train
1530,validation
1531,train
1532,train
1533,train
1534,train
1535,train
1536,train
1537,train
1538,train
1539,train
1540,train
1541,validation
1542,train
1543,train
1544,train
1545,train
1546,train
1547,train
1548,train
1549,train
1550,train
1551,train
1552,train
1553,validation
1554,validation
1555,train
1556,train
1557,train
1558,train
1559,train
1560,train
1561,validation
1562,validation
1563,train
1564,train
1565,train
1566,validation
1567,train
1568,train
1569,train
1570,validation
1571,validation
1572,train
1573,train
1574,train
1575,validation
1576,train
1577,train
1578,train
1579,train
1580,train
1581,train
1582,train
1583,train
1584,validation
1585,train
1586,train
1587,train
1588,train
1589,validation
1590,train
1591,train
1592,train
1593,train
1594,train
1595,train
1596,validation
1597,train
1598,train
1599,train
1600,train
1601,train
1602,train
1603,train
1604,train
1605,train
1606,validation
1607,train
1608,validation
1609,train
1610,train
1611,train
1612,train
1613,validation
1614,train
1615,train
1616,train
1617,train
1618,train
1619,train
1620,validation
1621,train
1622,train
1623,train
1624,train
1625,train
1626,train
1627,validation
1628,train
1629,validation
1630,validation
1631,train
1632,train
1633,train
1634,train
1635,train
1636,train
1637,validation
1638,train
1639,validation
1640,validation
1641,validation
1642,train
1643,train
1644,train
1645,train
1646,validation
1647,train
1648,validation
1649,train
1650,train
1651,validation
1652,train
1653,validation
1654,train
1655,train
1656,train
1657,train
1658,validation
1659,train
1660,validation
1661,train
1662,validation
1663,train
1664,train
1665,train
1666,train
1667,train
1668,train
1669,train
1670,train
1671,train
1672,train
1673,train
1674,train
1675,train
1676,train
1677,train
1678,train
1679,train
1680,validation
1681,train
1682,train
1683,train
1684,train
1685,train
1686,train
1687,validation
1688,train
1689,train
1690,train
1691,train
1692,train
1693,train
1694,train
1695,train
1696,validation
1697,validation
1698,train
1699,validation
1700,train
1701,validation
1702,train
1703,validation
1704,validation
1705,validation
1706,train
1707,train
1708,validation
1709,train
1710,train
1711,validation
1712,train
1713,validation
1714,train
1715,train
1716,validation
1717,train
1718,train
1719,train
1720,validation
1721,train
1722,train
1723,validation
1724,train
1725,train
1726,validation
1727,train
1728,train
1729,train
1730,train
1731,train
1732,train
1733,validation
1734,validation
1735,train
1736,train
1737,train
1738,train
1739,train
1740,train
1741,train
1742,train
1743,validation
1744,train
1745,validation
1746,train
1747,train
1748,train
1749,train
1750,validation
1751,train
1752,validation
1753,train
1754,train
1755,train
1756,validation
1757,train
1758,validation
1759,validation
1760,train
1761,train
1762,train
1763,train
1764,train
1765,validation
1766,train
1767,train
1768,train
1769,train
1770,train
1771,train
1772,train
1773,validation
1774,train
1775,validation
1776,validation
1777,train
1778,train
1779,train
1780,train
1781,train
1782,train
1783,validation
1784,train
1785,validation
1786,train
1787,validation
1788,train
1789,train
1790,validation
1791,train
1792,train
1793,train
1794,train
1795,train
1796,train
1797,train
1798,train
1799,train
1800,train
1801,train
1802,train
1803,train
1804,train
1805,validation
1806,validation
1807,train
1808,train
1809,train
1810,validation
1811,train
1812,validation
1813,train
1814,train
1815,train
1816,train
1817,train
1818,train
1819,train
1820,train
1821,train
1822,validation
1823,train
1824,train
1825,train
1826,validation
1827,train
1828,validation
1829,validation
1830,train
1831,validation
1832,train
1833,train
1834,train
1835,train
1836,train
1837,validation
1838,train
1839,train
1840,train
1841,train
1842,train
1843,train
1844,train
1845,train
1846,train
1847,train
1848,train
1849,train
1850,validation
1851,train
1852,train
1853,train
1854,train
1855,validation
1856,train
1857,train
1858,train
1859,train
1860,train
1861,validation
1862,validation
1863,validation
1864,validation
1865,train
1866,train
1867,validation
1868,train
1869,validation
1870,train
1871,train
1872,train
1873,train
1874,train
1875,train
1876,validation
1877,train
1878,train
1879,train
1880,train
1881,train
1882,train
1883,validation
1884,train
1885,validation
1886,train
1887,train
1888,train
1889,train
1890,train
1891,train
1892,validation
1893,train
1894,train
1895,train
1896,validation
1897,validation
1898,train
1899,train
1900,validation
1901,train
1902,train
1903,validation
1904,train
1905,train
1906,validation
1907,train
1908,train
1909,validation
1910,train
1911,train
1912,validation
1913,validation
1914,train
1915,train
1916,train
1917,train
1918,train
1919,validation
1920,validation
1921,train
1922,train
1923,train
1924,train
1925,train
1926,train
1927,train
1928,train
1929,train
1930,train
1931,train
1932,train
1933,train
1934,train
1935,train
1936,train
1937,train
1938,train
1939,train
1940,train
1941,train
1942,train
1943,train
1944,train
1945,train
1946,train
1947,train
1948,train
1949,train
1950,validation
1951,validation
1952,train
1953,validation
1954,validation
1955,train
1956,train
1957,train
1958,validation
1959,validation
1960,train
1961,train
1962,train
1963,train
1964,train
1965,train
1966,train
1967,train
1968,train
1969,train
1970,validation
1971,validation
1972,train
1973,train
1974,train
1975,train
1976,train
1977,train
1978,train
1979,train
1980,train
1981,train
1982,train
1983,validation
1984,train
1985,train
1986,train
1987,train
1988,validation
1989,train
1990,train
1991,train
1992,train
1993,train
1994,train
1995,validation
1996,train
1997,validation
1998,validation
1999,train
2000,train
2001,train
2002,train
2003,train
2004,train
2005,train
2006,train
2007,train
2008,train
2009,train
2010,train
2011,train
2012,train
2013,train
2014,train
2015,train
2016,validation
2017,train
2018,train
2019,train
2020,validation
2021,validation
2022,train
2023,train
2024,train
2025,train
2026,validation
2027,validation
2028,train
2029,train
2030,train
2031,train
2032,train
2033,train
2034,train
2035,train
2036,validation
2037,train
2038,train
2039,train
2040,train
2041,train
2042,train
2043,train
2044,validation
2045,train
2046,validation
2047,train
2048,train
2049,train
2050,validation
2051,train
2052,train
2053,train
2054,train
2055,train
2056,validation
2057,train
2058,train
2059,train
2060,train
2061,train
2062,train
2063,train
2064,validation
2065,validation
2066,train
2067,validation
2068,validation
2069,validation
2070,train
2071,train
2072,validation
2073,train
2074,validation
2075,train
2076,validation
2077,train
2078,train
2079,validation
2080,train
2081,validation
2082,validation
2083,validation
2084,validation
2085,train
2086,train
2087,train
2088,train
2089,train
2090,validation
2091,train
2092,train
2093,train
2094,train
2095,train
2096,validation
2097,train
2098,train
2099,train
2100,train
2101,train
2102,train
2103,train
2104,train
2105,train
2106,train
2107,train
2108,validation
2109,train
2110,validation
2111,train
2112,train
2113,train
2114,train
2115,train
2116,train
2117,validation
2118,train
2119,validation
2120,train
2121,train
2122,train
2123,train
2124,train
2125,validation
2126,train
2127,train
2128,validation
2129,train
2130,validation
2131,validation
2132,train
2133,validation
2134,train
2135,train
2136,train
2137,train
2138,train
2139,train
2140,train
2141,validation
2142,train
2143,train
2144,train
2145,train
2146,train
2147,train
2148,train
2149,train
2150,train
2151,validation
2152,train
2153,train
2154,validation
2155,train
2156,train
2157,train
2158,validation
2159,validation
2160,validation
2161,train
2162,train
2163,train
2164,train
2165,validation
2166,train
2167,train
2168,validation
2169,train
2170,train
2171,train
2172,train
2173,validation
2174,validation
2175,train
2176,validation
2177,train
2178,train
2179,train
2180,train
2181,train
2182,train
2183,train
2184,train
2185,train
2186,validation
2187,train
2188,train
2189,train
2190,validation
2191,train
2192,train
2193,train
2194,train
2195,train
2196,train
2197,train
2198,train
2199,validation
2200,train
2201,validation
2202,train
2203,train
2204,validation
2205,validation
2206,validation
2207,validation
2208,validation
2209,validation
2210,train
2211,train
2212,train
2213,train
2214,train
2215,train
2216,train
2217,train
2218,train
2219,validation
2220,train
2221,train
2222,train
2223,train
2224,train
2225,train
2226,validation
2227,train
2228,train
2229,train
2230,train
2231,train
2232,train
2233,train
2234,train
2235,train
2236,validation
2237,validation
2238,train
2239,train
2240,train
2241,train
2242,train
2243,train
2244,validation
2245,validation
2246,train
2247,train
2248,train
2249,train
2250,train
2251,validation
2252,validation
2253,train
2254,train
2255,validation
2256,train
2257,validation
2258,train
2259,train
2260,train
2261,train
2262,train
2263,train
2264,train
2265,train
2266,train
2267,train
2268,validation
2269,train
2270,validation
2271,train
2272,train
2273,train
2274,train
2275,train
2276,train
2277,train
2278,train
2279,train
2280,train
2281,train
2282,train
2283,validation
2284,train
2285,train
2286,train
2287,train
2288,train
2289,train
2290,train
2291,validation
2292,validation
2293,train
2294,validation
2295,train
2296,train
2297,train
2298,train
2299,validation
2300,train
2301,validation
2302,train
2303,train
2304,train
2305,train
2306,train
2307,validation
2308,train
2309,validation
2310,validation
2311,train
2312,validation
2313,train
2314,train
2315,train
2316,train
2317,train
2318,train
2319,validation
2320,train
2321,train
2322,train
2323,validation
2324,train
2325,train
2326,validation
2327,train
2328,train
2329,train
2330,train
2331,validation
2332,train
2333,train
2334,train
2335,train
2336,train
2337,train
2338,train
2339,validation
2340,validation
2341,validation
2342,train
2343,train
2344,train
2345,validation
2346,train
2347,validation
2348,validation
2349,train
2350,validation
2351,validation
2352,train
2353,train
2354,train
2355,train
2356,validation
2357,train
2358,train
2359,validation
2360,validation
2361,train
2362,train
2363,train
2364,train
2365,validation
2366,train
2367,train
2368,train
2369,train
2370,train
2371,train
2372,train
2373,train
2374,train
2375,train
2376,train
2377,validation
2378,train
2379,train
2380,train
2381,train
2382,train
2383,train
2384,train
2385,train
2386,train
2387,train
2388,train
2389,train
2390,train
2391,train
2392,validation
2393,validation
2394,train
2395,train
2396,train
2397,train
2398,train
2399,train
2400,train
2401,train
2402,train
2403,train
2404,validation
2405,train
2406,train
2407,train
2408,train
2409,train
2410,train
2411,train
2412,validation
2413,train
2414,train
2415,train
2416,train
2417,validation
2418,train
2419,train
2420,train
2421,train
2422,train
2423,train
2424,train
2425,train
2426,validation
2427,train
2428,train
2429,train
2430,train
2431,train
2432,train
2433,train
2434,validation
2435,train
2436,train
2437,train
2438,train
2439,train
2440,train
2441,train
2442,train
2443,train
2444,train
2445,train
2446,train
2447,train
2448,train
2449,train
2450,train
2451,validation
2452,train
2453,train
2454,train
2455,train
2456,validation
2457,validation
2458,train
2459,train
2460,train
2461,train
2462,train
2463,train
2464,train
2465,train
2466,train
2467,train
2468,train
2469,train
2470,train
2471,train
2472,validation
2473,train
2474,train
2475,train
2476,train
2477,train
2478,train
2479,train
2480,train
2481,validation
2482,train
2483,train
2484,train
2485,train
2486,train
2487,train
2488,train
2489,validation
2490,train
2491,train
2492,validation
2493,train
2494,train
2495,train
2496,train
2497,train
2498,validation
2499,train
2500,train
2501,train
2502,train
2503,train
2504,train
2505,train
2506,train
2507,train
2508,train
2509,train
2510,train
2511,train
2512,train
2513,train
2514,validation
2515,train
2516,train
2517,train
2518,train
2519,train
2520,train
2521,train
2522,train
2523,train
2524,train
2525,validation
2526,train
2527,train
2528,train
2529,train
2530,train
2531,train
2532,validation
2533,train
2534,train
2535,train
2536,train
2537,train
2538,train
2539,validation
2540,train
2541,train
2542,train
2543,train
2544,validation
2545,train
2546,train
2547,train
2548,train
2549,train
2550,validation
2551,train
2552,train
2553,train
2554,train
2555,train
2556,validation
2557,train
2558,train
2559,train
2560,train
2561,validation
2562,train
2563,train
2564,validation
2565,train
2566,train
2567,validation
2568,train
2569,train
2570,validation
2571,train
2572,train
2573,train
2574,train
2575,train
2576,train
2577,train
2578,train
2579,train
2580,train
2581,train
2582,train
2583,train
2584,train
2585,train
2586,train
2587,train
2588,validation
2589,train
2590,train
2591,train
2592,train
2593,train
2594,train
2595,train
2596,train
2597,train
2598,validation
2599,validation
2600,train
2601,train
2602,train
2603,train
2604,train
2605,train
2606,train
2607,train
2608,train
2609,train
2610,validation
2611,train
2612,train
2613,train
2614,train
2615,validation
2616,train
2617,train
2618,train
2619,train
2620,train
2621,train
2622,train
2623,train
2624,train
2625,validation
2626,validation
2627,train
2628,train
2629,train
2630,validation
2631,train
2632,train
2633,train
2634,train
2635,train
2636,validation
2637,train
2638,train
2639,train
2640,train
2641,train
2642,train
2643,train
2644,train
2645,train
2646,validation
2647,train
2648,train
2649,validation
2650,validation
2651,train
2652,validation
2653,train
2654,train
2655,train
2656,train
2657,validation
2658,train
2659,train
2660,validation
2661,train
2662,validation
2663,train
2664,validation
2665,validation
2666,train
2667,train
2668,validation
2669,train
2670,train
2671,train
2672,train
2673,train
2674,train
2675,validation
2676,train
2677,train
2678,train
2679,train
2680,train
2681,train
2682,train
2683,train
2684,validation
2685,validation
2686,train
2687,validation
2688,train
2689,train
2690,train
2691,train
2692,validation
2693,train
2694,train
2695,validation
2696,validation
2697,train
2698,train
2699,train
2700,train
2701,train
2702,train
2703,train
2704,train
2705,validation
2706,train
2707,validation
2708,train
2709,train
2710,train
2711,train
2712,train
2713,train
2714,train
2715,train
2716,train
2717,train
2718,train
2719,train
2720,train
2721,train
2722,train
2723,train
2724,validation
2725,train
2726,validation
2727,train
2728,train
2729,train
2730,train
2731,train
2732,train
2733,train
2734,train
2735,train
2736,train
2737,train
2738,train
2739,train
2740,train
2741,validation
2742,train
2743,train
2744,train
2745,train
2746,train
2747,train
2748,train
2749,train
2750,train
2751,train
2752,validation
2753,train
2754,train
2755,train
2756,train
2757,validation
2758,train
2759,train
2760,validation
2761,train
2762,validation
2763,train
2764,train
2765,train
2766,train
2767,train
2768,validation
2769,train
2770,train
2771,validation
2772,train
2773,train
2774,train
2775,train
2776,validation
2777,train
2778,train
2779,train
2780,train
2781,train
2782,train
2783,train
2784,train
2785,train
2786,validation
2787,train
2788,train
2789,train
2790,validation
2791,validation
2792,train
2793,train
2794,train
2795,validation
2796,validation
2797,train
2798,validation
2799,validation
2800,train
2801,train
2802,validation
2803,train
2804,train
2805,train
2806,train
2807,train
2808,train
2809,validation
2810,train
2811,train
2812,train
2813,train
2814,validation
2815,validation
2816,train
2817,train
2818,train
2819,validation
2820,train
2821,validation
2822,train
2823,train
2824,train
2825,train
2826,validation
2827,validation
2828,validation
2829,train
2830,validation
2831,train
2832,train
2833,train
2834,train
2835,validation
2836,train
2837,train
2838,train
2839,train
2840,validation
2841,validation
2842,train
2843,train
2844,validation
2845,train
2846,train
2847,train
2848,train
2849,validation
2850,train
2851,validation
2852,train
2853,train
2854,train
2855,train
2856,train
2857,train
2858,validation
2859,train
2860,train
2861,train
2862,validation
2863,train
2864,train
2865,train
2866,train
2867,train
2868,train
2869,train
2870,train
2871,train
2872,train
2873,train
2874,train
2875,train
2876,train
2877,train
2878,train
2879,train
2880,train
2881,train
2882,validation
2883,train
2884,train
2885,validation
2886,train
2887,validation
2888,train
2889,train
2890,train
2891,train
2892,train
2893,train
2894,train
2895,train
2896,train
2897,train
2898,train
2899,train
2900,validation
2901,validation
2902,train
2903,train
2904,train
2905,train
2906,train
2907,train
2908,train
2909,train
2910,train
2911,validation
2912,train
2913,train
2914,train
2915,validation
2916,train
2917,train
2918,train
2919,train
2920,train
2921,train
2922,validation
2923,train
2924,train
2925,train
2926,validation
2927,train
2928,train
2929,validation
2930,train
2931,train
2932,train
2933,train
2934,validation
2935,validation
2936,train
2937,validation
2938,validation
2939,validation
2940,validation
2941,train
2942,train
2943,train
2944,validation
2945,train
2946,train
2947,train
2948,train
2949,train
2950,train
2951,train
2952,train
2953,train
2954,train
2955,train
2956,train
2957,train
2958,train
2959,train
2960,validation
2961,train
2962,train
2963,train
2964,validation
2965,train
2966,train
2967,train
2968,validation
2969,train
2970,train
2971,train
2972,validation
2973,validation
2974,validation
2975,validation
2976,train
2977,train
2978,train
2979,train
2980,train
2981,train
2982,train
2983,validation
2984,train
2985,validation
2986,validation
2987,train
2988,train
2989,train
2990,train
2991,train
2992,validation
2993,validation
2994,train
2995,train
2996,train
2997,train
2998,train
2999,train
3000,validation
3001,train
3002,train
3003,validation
3004,validation
3005,train
3006,train
3007,train
3008,train
3009,train
3010,train
3011,train
3012,validation
3013,train
3014,validation
3015,train
3016,train
3017,train
3018,train
3019,validation
3020,train
3021,train
3022,train
3023,validation
3024,train
3025,train
3026,validation
3027,train
3028,train
3029,validation
3030,train
3031,validation
3032,train
3033,validation
3034,train
3035,validation
3036,train
3037,train
3038,train
3039,validation
3040,train
3041,train
3042,train
3043,train
3044,train
3045,validation
3046,train
3047,train
3048,validation
3049,train
3050,train
3051,train
3052,train
3053,validation
3054,validation
3055,train
3056,train
3057,train
3058,train
3059,train
3060,train
3061,validation
3062,train
3063,validation
3064,train
3065,train
3066,train
3067,train
3068,train
3069,train
3070,train
3071,train
3072,train
3073,train
3074,train
3075,train
3076,train
3077,validation
3078,train
3079,train
3080,train
3081,train
3082,train
3083,validation
3084,train
3085,train
3086,train
3087,train
3088,train
3089,train
3090,train
3091,train
3092,train
3093,train
3094,validation
3095,train
3096,train
3097,train
3098,train
3099,train
3100,train
3101,train
3102,train
3103,train
3104,train
3105,train
3106,validation
3107,train
3108,train
3109,validation
3110,train
3111,train
3112,validation
3113,train
3114,train
3115,train
3116,train
3117,validation
3118,train
3119,train
3120,train
3121,train
3122,validation
3123,train
3124,train
3125,validation
3126,validation
3127,train
3128,train
3129,train
3130,validation
3131,train
3132,train
3133,train
3134,validation
3135,train
3136,train
3137,train
3138,train
3139,train
3140,train
3141,train
3142,train
3143,train
3144,train
3145,validation
3146,train
3147,train
3148,train
3149,validation
3150,train
3151,validation
3152,train
3153,train
3154,train
3155,validation
3156,train
3157,validation
3158,train
3159,validation
3160,train
3161,train
3162,validation
3163,train
3164,train
3165,validation
3166,train
3167,train
3168,train
3169,train
3170,train
3171,validation
3172,train
3173,train
3174,train
3175,train
3176,validation
3177,train
3178,train
3179,train
3180,validation
3181,validation
3182,validation
3183,train
3184,train
3185,train
3186,train
3187,validation
3188,validation
3189,train
3190,train
3191,train
3192,train
3193,train
3194,train
3195,train
3196,train
3197,train
3198,train
3199,validation
3200,train
3201,validation
3202,train
3203,validation
3204,train
3205,train
3206,train
3207,train
3208,train
3209,train
3210,train
3211,validation
3212,train
3213,train
3214,train
3215,train
3216,train
3217,train
3218,train
3219,validation
3220,train
3221,train
3222,validation
3223,train
3224,train
3225,train
3226,train
3227,train
3228,train
3229,train
3230,train
3231,train
3232,validation
3233,train
3234,validation
3235,train
3236,train
3237,train
3238,validation
3239,validation
3240,train
3241,train
3242,validation
3243,train
3244,train
3245,train
3246,train
3247,train
3248,validation
3249,train
3250,train
3251,train
3252,train
3253,train
3254,train
3255,validation
3256,train
3257,validation
3258,train
3259,train
3260,train
3261,train
3262,train
3263,train
3264,validation
3265,train
3266,train
3267,train
3268,validation
3269,train
3270,train
3271,train
3272,train
3273,train
3274,validation
3275,train
3276,train
3277,train
3278,validation
3279,validation
3280,train
3281,validation
3282,train
3283,train
3284,validation
3285,train
3286,train
3287,train
3288,train
3289,train
3290,validation
3291,train
3292,train
3293,train
3294,train
3295,validation
3296,train
3297,train
3298,train
3299,train
3300,train
3301,train
3302,train
3303,validation
3304,train
3305,train
3306,train
3307,train
3308,train
3309,train
3310,train
3311,train
3312,train
3313,train
3314,validation
3315,train
3316,train
3317,train
3318,train
3319,train
3320,train
3321,validation
3322,train
3323,validation
3324,train
3325,train
3326,train
3327,validation
3328,train
3329,train
3330,train
3331,train
3332,train
3333,train
3334,train
3335,train
3336,validation
3337,train
3338,validation
3339,validation
3340,train
3341,train
3342,validation
3343,validation
3344,train
3345,train
3346,train
3347,validation
3348,validation
3349,train
3350,train
3351,train
3352,train
3353,validation
3354,train
3355,train
3356,train
3357,train
3358,validation
3359,train
3360,validation
3361,train
3362,train
3363,train
3364,train
3365,validation
3366,validation
3367,train
3368,train
3369,train
3370,train
3371,validation
3372,validation
3373,train
3374,train
3375,train
3376,train
3377,train
3378,train
3379,train
3380,train
3381,validation
3382,train
3383,train
3384,train
3385,train
3386,validation
3387,train
3388,train
3389,train
3390,validation
3391,train
3392,train
3393,train
3394,train
3395,train
3396,validation
3397,train
3398,train
3399,train
3400,train
3401,train
3402,train
3403,train
3404,train
3405,train
3406,train
3407,train
3408,train
3409,train
3410,train
3411,validation
3412,train
3413,train
3414,train
3415,train
3416,train
3417,train
3418,train
3419,train
3420,validation
3421,train
3422,validation
3423,train
3424,train
3425,validation
3426,validation
3427,train
3428,train
3429,train
3430,train
3431,train
3432,validation
3433,validation
3434,train
3435,train
3436,train
3437,train
3438,train
3439,train
3440,train
3441,train
3442,train
3443,train
3444,train
3445,train
3446,train
3447,train
3448,train
3449,validation
3450,train
3451,validation
3452,train
3453,validation
3454,train
3455,train
3456,train
3457,train
3458,validation
3459,train
3460,train
3461,train
3462,train
3463,train
3464,train
3465,train
3466,train
3467,train
3468,validation
3469,train
3470,validation
3471,train
3472,train
3473,validation
3474,train
3475,train
3476,train
3477,train
3478,train
3479,validation
3480,train
3481,train
3482,train
3483,train
3484,train
3485,train
3486,train
3487,train
3488,train
3489,validation
3490,train
3491,train
3492,validation
3493,train
3494,train
3495,train
3496,train
3497,train
3498,train
3499,train
3500,train
3501,train
3502,validation
3503,validation
3504,train
3505,train
3506,train
3507,train
3508,train
3509,train
3510,train
3511,validation
3512,validation
3513,train
3514,train
3515,train
3516,train
3517,train
3518,train
3519,validation
3520,train
3521,train
3522,train
3523,train
3524,train
3525,validation
3526,train
3527,train
3528,train
3529,train
3530,validation
3531,validation
3532,validation
3533,validation
3534,train
3535,train
3536,train
3537,train
3538,train
3539,validation
3540,validation
3541,train
3542,train
3543,train
3544,train
3545,train
3546,train
3547,train
3548,validation
3549,validation
3550,train
3551,validation
3552,train
3553,train
3554,train
3555,train
3556,train
3557,train
3558,validation
3559,train
3560,train
3561,train
3562,train
3563,train
3564,train
3565,train
3566,train
3567,validation
3568,validation
3569,train
3570,validation
3571,train
3572,train
3573,train
3574,train
3575,train
3576,validation
3577,train
3578,train
3579,validation
3580,train
3581,validation
3582,train
3583,validation
3584,train
3585,train
3586,validation
3587,train
3588,train
3589,train
3590,train
3591,train
3592,validation
3593,train
3594,train
3595,train
3596,train
3597,train
3598,train
3599,train
3600,train
3601,train
3602,train
3603,train
3604,train
3605,train
3606,train
3607,train
3608,train
3609,train
3610,validation
3611,validation
3612,train
3613,train
3614,train
3615,train
3616,train
3617,train
3618,train
3619,train
3620,train
3621,validation
3622,train
3623,train
3624,train
3625,train
3626,train
3627,train
3628,train
3629,train
3630,train
3631,validation
3632,train
3633,train
3634,train
3635,train
3636,train
3637,train
3638,validation
3639,train
3640,train
3641,train
3642,train
3643,train
3644,validation
3645,validation
3646,train
3647,train
3648,train
3649,train
3650,train
3651,train
3652,validation
3653,train
3654,train
3655,validation
3656,train
3657,train
3658,validation
3659,train
3660,train
3661,train
3662,train
3663,train
3664,train
3665,train
3666,validation
3667,train
3668,validation
3669,train
3670,train
3671,validation
3672,train
3673,validation
3674,train
3675,train
3676,train
3677,train
3678,train
3679,train
3680,train
3681,train
3682,validation
3683,validation
3684,train
3685,train
3686,validation
3687,train
3688,train
3689,train
3690,train
3691,train
3692,train
3693,train
3694,validation
3695,train
3696,train
3697,train
3698,train
3699,train
3700,train
3701,validation
3702,train
3703,train
3704,train
3705,train
3706,train
3707,validation
3708,train
3709,train
3710,train
3711,train
3712,train
3713,train
3714,train
3715,validation
3716,train
3717,train
3718,train
3719,train
3720,train
3721,train
3722,train
3723,train
3724,validation
3725,train
3726,validation
3727,train
3728,train
3729,train
3730,validation
3731,train
3732,train
3733,train
3734,validation
3735,train
3736,train
3737,train
3738,train
3739,validation
3740,train
3741,validation
3742,train
3743,validation
3744,train
3745,validation
3746,train
3747,train
3748,train
3749,train
3750,train
3751,train
3752,train
3753,train
3754,train
3755,train
3756,validation
3757,validation
3758,train
3759,train
3760,train
3761,train
3762,train
3763,validation
3764,train
3765,train
3766,train
3767,train
3768,validation
3769,train
3770,train
3771,train
3772,validation
3773,train
3774,train
3775,train
3776,train
3777,train
3778,validation
3779,train
3780,train
3781,train
3782,train
3783,train
3784,train
3785,train
3786,train
3787,train
3788,train
3789,train
3790,train
3791,train
3792,train
3793,train
3794,train
3795,train
3796,train
3797,train
3798,train
3799,train
3800,train
3801,validation
3802,train
3803,train
3804,train
3805,train
3806,train
3807,train
3808,train
3809,validation
3810,train
3811,train
3812,train
3813,train
3814,train
3815,train
3816,train
3817,train
3818,train
3819,validation
3820,train
3821,train
3822,train
3823,train
3824,train
3825,train
3826,train
3827,train
3828,train
3829,train
3830,train
3831,train
3832,train
3833,train
3834,train
3835,validation
3836,train
3837,train
3838,train
3839,train
3840,train
3841,train
3842,validation
3843,train
3844,train
3845,validation
3846,train
3847,train
3848,train
3849,train
3850,train
3851,train
3852,train
3853,train
3854,train
3855,validation
3856,train
3857,train
3858,train
3859,train
3860,train
3861,train
3862,train
3863,train
3864,train
3865,train
3866,train
3867,train
3868,train
3869,validation
3870,train
3871,train
3872,train
3873,train
3874,train
3875,train
3876,validation
3877,train
3878,train
3879,train
3880,train
3881,train
3882,train
3883,train
3884,train
3885,train
3886,validation
3887,validation
3888,train
3889,train
3890,train
3891,train
3892,validation
3893,validation
3894,train
3895,train
3896,train
3897,train
3898,train
3899,train
3900,train
3901,train
3902,train
3903,train
3904,train
3905,validation
3906,train
3907,validation
3908,train
3909,validation
3910,train
3911,train
3912,train
3913,train
3914,train
3915,train
3916,train
3917,validation
3918,train
3919,train
3920,train
3921,train
3922,train
3923,train
3924,train
3925,train
3926,train
3927,train
3928,validation
3929,train
3930,train
3931,validation
3932,train
3933,train
3934,train
3935,train
3936,train
3937,validation
3938,train
3939,train
3940,train
3941,train
3942,train
3943,train
3944,validation
3945,validation
3946,train
3947,validation
3948,train
3949,train
3950,train
3951,train
3952,train
3953,train
3954,train
3955,train
3956,validation
3957,train
3958,train
3959,train
3960,validation
3961,validation
3962,train
3963,train
3964,train
3965,train
3966,train
3967,train
3968,train
3969,validation
3970,train
3971,train
3972,validation
3973,validation
3974,train
3975,train
3976,train
3977,train
3978,train
3979,train
3980,validation
3981,train
3982,validation
3983,train
3984,train
3985,train
3986,validation
3987,validation
3988,train
3989,train
3990,validation
3991,train
3992,train
3993,train
3994,train
3995,train
3996,train
3997,train
3998,train
3999,train
4000,train
4001,train
4002,train
4003,validation
4004,train
4005,train
4006,train
4007,train
4008,train
4009,train
4010,validation
4011,train
4012,train
4013,validation
4014,train
4015,validation
4016,train
4017,train
4018,train
4019,train
4020,train
4021,train
4022,train
4023,validation
4024,train
4025,train
4026,train
4027,train
4028,train
4029,train
4030,train
4031,train
4032,train
4033,train
4034,validation
4035,validation
4036,train
4037,train
4038,train
4039,train
4040,train
4041,train
4042,train
4043,train
4044,train
4045,train
4046,train
4047,validation
4048,validation
4049,train
4050,train
4051,validation
4052,train
4053,train
4054,train
4055,train
4056,train
4057,train
4058,train
4059,train
4060,validation
4061,train
4062,train
4063,train
4064,train
4065,train
4066,train
4067,train
4068,validation
4069,train
4070,train
4071,train
4072,train
4073,validation
4074,train
4075,train
4076,train
4077,validation
4078,train
4079,train
4080,validation
4081,train
4082,validation
4083,train
4084,train
4085,train
4086,train
4087,train
4088,train
4089,train
4090,train
4091,train
4092,train
4093,validation
4094,train
4095,train
4096,train
4097,train
4098,train
4099,train
4100,train
4101,validation
4102,train
4103,validation
4104,train
4105,train
4106,train
4107,train
4108,train
4109,train
4110,train
4111,train
4112,train
4113,train
4114,train
4115,train
4116,train
4117,validation
4118,train
4119,train
4120,train
4121,train
4122,train
4123,train
4124,train
4125,train
4126,validation
4127,train
4128,train
4129,validation
4130,train
4131,train
4132,validation
4133,train
4134,train
4135,validation
4136,validation
4137,validation
4138,train
4139,train
4140,validation
4141,train
4142,train
4143,train
4144,validation
4145,train
4146,validation
4147,train
4148,train
4149,train
4150,validation
4151,validation
4152,train
4153,train
4154,validation
4155,validation
4156,train
4157,train
4158,train
4159,train
4160,train
4161,train
4162,train
4163,train
4164,train
4165,train
4166,train
4167,validation
4168,train
4169,validation
4170,train
4171,train
4172,train
4173,train
4174,validation
4175,train
4176,train
4177,validation
4178,train
4179,train
4180,train
4181,validation
4182,train
4183,train
4184,train
4185,validation
4186,train
4187,train
4188,validation
4189,validation
4190,train
4191,train
4192,validation
4193,train
4194,train
4195,train
4196,train
4197,train
4198,train
4199,train
4200,validation
4201,validation
4202,train
4203,train
4204,train
4205,train
4206,train
4207,validation
4208,train
4209,train
4210,train
4211,train
4212,train
4213,validation
4214,train
4215,train
4216,train
4217,train
4218,validation
4219,train
4220,validation
4221,train
4222,train
4223,train
4224,train
4225,train
4226,validation
4227,train
4228,train
4229,train
4230,train
4231,train
4232,train
4233,train
4234,validation
4235,train
4236,validation
4237,train
4238,validation
4239,validation
4240,train
4241,validation
4242,train
4243,validation
4244,train
4245,train
4246,train
4247,train
4248,train
4249,train
4250,train
4251,train
4252,train
4253,train
4254,train
4255,train
4256,train
4257,validation
4258,train
4259,train
4260,train
4261,train
4262,train
4263,validation
4264,train
4265,train
4266,train
4267,train
4268,train
4269,train
4270,train
4271,train
4272,train
4273,train
4274,train
4275,train
4276,train
4277,validation
4278,validation
4279,train
4280,validation
4281,train
4282,train
4283,train
4284,train
4285,train
4286,validation
4287,train
4288,train
4289,train
4290,train
4291,train
4292,validation
4293,train
4294,train
4295,train
4296,train
4297,train
4298,train
4299,train
4300,train
4301,train
4302,validation
4303,train
4304,train
4305,train
4306,train
4307,train
4308,train
4309,validation
4310,train
4311,train
4312,train
4313,train
4314,train
4315,train
4316,validation
4317,validation
4318,train
4319,train
4320,train
4321,validation
4322,train
4323,validation
4324,train
4325,train
4326,train
4327,train
4328,validation
4329,train
4330,validation
4331,validation
4332,train
4333,train
4334,train
4335,train
4336,train
4337,train
4338,train
4339,train
4340,train
4341,train
4342,train
4343,validation
4344,train
4345,train
4346,train
4347,train
4348,train
4349,train
4350,train
4351,validation
4352,validation
4353,train
4354,train
4355,validation
4356,train
4357,train
4358,train
4359,validation
4360,train
4361,validation
4362,train
4363,train
4364,train
4365,validation
4366,train
4367,train
4368,train
4369,train
4370,train
4371,train
4372,validation
4373,train
4374,train
4375,validation
4376,train
4377,train
4378,train
4379,train
4380,train
4381,train
4382,train
4383,train
4384,train
4385,validation
4386,train
4387,train
4388,train
4389,train
4390,train
4391,validation
4392,train
4393,train
4394,train
4395,train
4396,validation
4397,train
4398,train
4399,validation
4400,train
4401,train
4402,train
4403,validation
4404,train
4405,validation
4406,validation
4407,validation
4408,train
4409,train
4410,train
4411,train
4412,train
4413,train
4414,train
4415,validation
4416,validation
4417,train
4418,validation
4419,train
4420,train
4421,validation
4422,train
4423,train
4424,validation
4425,train
4426,train
4427,train
4428,train
4429,train
4430,train
4431,validation
4432,train
4433,train
4434,train
4435,validation
4436,train
4437,validation
4438,validation
4439,train
4440,validation
4441,train
4442,train
4443,validation
4444,train
4445,train
4446,train
4447,validation
4448,validation
4449,train
4450,train
4451,train
4452,train
4453,train
4454,train
4455,train
4456,train
4457,validation
4458,validation
4459,train
4460,train
4461,train
4462,train
4463,train
4464,validation
4465,validation
4466,train
4467,train
4468,train
4469,train
4470,train
4471,train
4472,train
4473,train
4474,train
4475,train
4476,train
4477,train
4478,train
4479,train
4480,train
4481,train
4482,train
4483,train
4484,train
4485,validation
4486,validation
4487,train
4488,train
4489,train
4490,train
4491,train
4492,train
4493,train
4494,train
4495,validation
4496,train
4497,validation
4498,train
4499,train
4500,train
4501,train
4502,train
4503,train
4504,train
4505,train
4506,train
4507,train
4508,train
4509,train
4510,validation
4511,train
4512,train
4513,train
4514,validation
4515,train
4516,train
4517,validation
4518,train
4519,train
4520,train
4521,train
4522,train
4523,train
4524,validation
4525,train
4526,train
4527,train
4528,train
4529,train
4530,validation
4531,train
4532,validation
4533,validation
4534,train
4535,train
4536,validation
4537,train
4538,train
4539,train
4540,train
4541,validation
4542,train
4543,train
4544,train
4545,train
4546,train
4547,train
4548,train
4549,train
4550,train
4551,train
4552,train
4553,train
4554,train
4555,train
4556,validation
4557,validation
4558,train
4559,train
4560,train
4561,train
4562,train
4563,train
4564,train
4565,train
4566,train
4567,train
4568,train
4569,validation
4570,train
4571,train
4572,validation
4573,validation
4574,train
4575,train
4576,train
4577,train
4578,validation
4579,validation
4580,train
4581,train
4582,train
4583,train
4584,train
4585,validation
4586,train
4587,train
4588,train
4589,train
4590,train
4591,train
4592,train
4593,train
4594,train
4595,train
4596,train
4597,train
4598,train
4599,train
4600,train
4601,train
4602,train
4603,train
4604,train
4605,train
4606,train
4607,train
4608,train
4609,validation
4610,train
4611,train
4612,validation
4613,train
4614,train
4615,train
4616,train
4617,validation
4618,train
4619,validation
4620,train
4621,validation
4622,train
4623,validation
4624,validation
4625,train
4626,train
4627,train
4628,validation
4629,train
4630,train
4631,validation
4632,validation
4633,train
4634,validation
4635,train
4636,validation
4637,train
4638,validation
4639,train
4640,train
4641,train
4642,validation
4643,train
4644,train
4645,validation
4646,validation
4647,train
4648,train
4649,train
4650,train
4651,train
4652,train
4653,validation
4654,train
4655,train
4656,train
4657,train
4658,train
4659,validation
4660,train
4661,validation
4662,train
4663,train
4664,validation
4665,train
4666,train
4667,train
4668,train
4669,validation
4670,validation
4671,train
4672,train
4673,train
4674,validation
4675,train
4676,train
4677,train
4678,validation
4679,train
4680,train
4681,train
4682,train
4683,train
4684,train
4685,train
4686,train
4687,train
4688,train
4689,train
4690,train
4691,train
4692,train
4693,train
4694,train
4695,train
4696,train
4697,train
4698,train
4699,train
4700,train
4701,train
4702,train
4703,train
4704,validation
4705,train
4706,train
4707,train
4708,validation
4709,train
4710,train
4711,validation
4712,train
4713,train
4714,train
4715,train
4716,train
4717,train
4718,train
4719,validation
4720,train
4721,train
4722,train
4723,train
4724,train
4725,train
4726,train
4727,train
4728,train
4729,validation
4730,train
4731,train
4732,train
4733,train
4734,validation
4735,validation
4736,train
4737,validation
4738,train
4739,train
4740,train
4741,train
4742,validation
4743,train
4744,validation
4745,train
4746,train
4747,train
4748,train
4749,train
4750,train
4751,train
4752,train
4753,train
4754,validation
4755,validation
4756,train
4757,train
4758,train
4759,train
4760,train
4761,train
4762,validation
4763,validation
4764,validation
4765,validation
4766,train
4767,train
4768,validation
4769,train
4770,train
4771,train
4772,train
4773,train
4774,validation
4775,train
4776,train
4777,train
4778,validation
4779,validation
4780,train
4781,train
4782,train
4783,train
4784,train
4785,train
4786,train
4787,train
4788,validation
4789,train
4790,validation
4791,train
4792,train
4793,train
4794,train
4795,train
4796,train
4797,train
4798,train
4799,train
4800,validation
4801,train
4802,train
4803,train
4804,train
4805,validation
4806,validation
4807,train
4808,train
4809,train
4810,train
4811,train
4812,train
4813,train
4814,train
4815,train
4816,validation
4817,train
4818,train
4819,train
4820,train
4821,train
4822,train
4823,train
4824,train
4825,train
4826,train
4827,validation
4828,train
4829,train
4830,train
4831,train
4832,train
4833,train
4834,train
4835,train
4836,train
4837,validation
4838,train
4839,train
4840,train
4841,train
4842,train
4843,train
4844,train
4845,train
4846,train
4847,train
4848,validation
4849,train
4850,train
4851,train
4852,validation
4853,train
4854,train
4855,train
4856,train
4857,train
4858,validation
4859,train
4860,train
4861,validation
4862,train
4863,train
4864,validation
4865,train
4866,train
4867,validation
4868,train
4869,train
4870,train
4871,validation
4872,validation
4873,train
4874,train
4875,train
4876,validation
4877,validation
4878,train
4879,train
4880,train
4881,train
4882,validation
4883,validation
4884,validation
4885,train
4886,train
4887,train
4888,validation
4889,validation
4890,train
4891,train
4892,train
4893,train
4894,train
4895,train
4896,train
4897,train
4898,validation
4899,train
4900,train
4901,train
4902,validation
4903,validation
4904,train
4905,train
4906,train
4907,train
4908,train
4909,train
4910,train
4911,train
4912,train
4913,train
4914,train
4915,validation
4916,train
4917,train
4918,train
4919,train
4920,train
4921,validation
4922,train
4923,validation
4924,train
4925,train
4926,train
4927,validation
4928,train
4929,train
4930,train
4931,validation
4932,train
4933,train
4934,train
4935,train
4936,train
4937,train
4938,train
4939,train
4940,train
4941,validation
4942,train
4943,train
4944,train
4945,train
4946,train
4947,train
4948,train
4949,train
4950,train
4951,validation
4952,validation
4953,train
4954,train
4955,train
4956,train
4957,train
4958,train
4959,train
4960,train
4961,train
4962,train
4963,train
4964,validation
4965,train
4966,validation
4967,validation
4968,validation
4969,validation
4970,validation
4971,train
4972,train
4973,train
4974,train
4975,train
4976,train
4977,train
4978,train
4979,train
4980,train
4981,train
4982,train
4983,train
4984,train
4985,train
4986,train
4987,train
4988,train
4989,train
4990,train
4991,train
4992,train
4993,train
4994,train
4995,validation
4996,train
4997,train
4998,train
4999,train
5000,train
5001,train
5002,train
5003,train
5004,train
5005,train
5006,train
5007,train
5008,validation
5009,train
5010,train
5011,train
5012,train
5013,train
5014,train
5015,validation
5016,train
5017,train
5018,train
5019,validation
5020,validation
5021,train
5022,train
5023,validation
5024,train
5025,train
5026,train
5027,train
5028,train
5029,train
5030,train
5031,train
5032,train
5033,train
5034,validation
5035,train
5036,validation
5037,validation
5038,train
5039,train
5040,train
5041,validation
5042,train
5043,train
5044,validation
5045,train
5046,validation
5047,train
5048,train
5049,train
5050,train
5051,train
5052,train
5053,train
5054,train
5055,train
5056,train
5057,train
5058,validation
5059,train
5060,train
5061,train
5062,train
5063,train
5064,train
5065,train
5066,train
5067,train
5068,train
5069,validation
5070,train
5071,validation
5072,train
5073,train
5074,train
5075,train
5076,validation
5077,train
5078,train
5079,train
5080,validation
5081,train
5082,train
5083,train
5084,train
5085,train
5086,train
5087,validation
5088,train
5089,train
5090,train
5091,train
5092,train
5093,train
5094,train
5095,train
5096,train
5097,train
5098,train
5099,train
5100,train
5101,train
5102,train
5103,train
5104,train
5105,validation
5106,train
5107,train
5108,validation
5109,train
5110,validation
5111,train
5112,train
5113,train
5114,train
5115,train
5116,train
5117,train
5118,train
5119,train
5120,train
5121,validation
5122,train
5123,train
5124,train
5125,validation
5126,train
5127,train
5128,train
5129,train
5130,train
5131,train
5132,train
5133,train
5134,train
5135,train
5136,train
5137,validation
5138,train
5139,train
5140,train
5141,train
5142,train
5143,train
5144,validation
5145,train
5146,train
5147,validation
5148,train
5149,train
5150,train
5151,validation
5152,train
5153,train
5154,train
5155,train
5156,validation
5157,train
5158,train
5159,train
5160,train
5161,train
5162,train
5163,validation
5164,train
5165,train
5166,validation
5167,train
5168,train
5169,train
5170,train
5171,train
5172,train
5173,train
5174,train
5175,train
5176,train
5177,train
5178,train
5179,train
5180,train
5181,validation
5182,train
5183,train
5184,train
5185,train
5186,train
5187,train
5188,train
5189,train
5190,train
5191,train
5192,train
5193,validation
5194,train
5195,train
5196,train
5197,validation
5198,train
5199,validation
5200,train
5201,train
5202,train
5203,validation
5204,train
5205,train
5206,train
5207,train
5208,train
5209,train
5210,train
5211,validation
5212,train
5213,validation
5214,validation
5215,train
5216,train
5217,validation
5218,train
5219,train
5220,train
5221,train
5222,train
5223,train
5224,train
5225,train
5226,train
5227,train
5228,train
5229,train
5230,validation
5231,train
5232,train
5233,train
5234,train
5235,train
5236,train
5237,train
5238,validation
5239,train
5240,validation
5241,train
5242,train
5243,train
5244,train
5245,train
5246,train
5247,train
5248,validation
5249,train
5250,train
5251,validation
5252,train
5253,validation
5254,validation
5255,train
5256,train
5257,train
5258,train
5259,train
5260,train
5261,train
5262,train
5263,train
5264,train
5265,train
5266,train
5267,validation
5268,train
5269,train
5270,train
5271,validation
5272,train
5273,validation
5274,validation
5275,train
5276,validation
5277,train
5278,train
5279,validation
5280,train
5281,validation
5282,train
5283,train
5284,train
5285,validation
5286,train
5287,validation
5288,train
5289,validation
5290,validation
5291,train
5292,validation
5293,train
5294,train
5295,train
5296,train
5297,train
5298,train
5299,train
5300,train
5301,validation
5302,train
5303,train
5304,train
5305,train
5306,train
5307,validation
5308,train
5309,validation
5310,validation
5311,train
5312,train
5313,train
5314,train
5315,train
5316,train
5317,validation
5318,train
5319,train
5320,train
5321,train
5322,train
5323,validation
5324,train
5325,train
5326,train
5327,train
5328,validation
5329,train
5330,train
5331,validation
5332,train
5333,train
5334,train
5335,train
5336,train
5337,train
5338,train
5339,train
5340,train
5341,validation
5342,train
5343,train
5344,train
5345,train
5346,train
5347,train
5348,train
5349,validation
5350,train
5351,train
5352,train
5353,train
5354,train
5355,train
5356,train
5357,validation
5358,train
5359,validation
5360,validation
5361,train
5362,train
5363,train
5364,train
5365,train
5366,validation
5367,train
5368,train
5369,validation
5370,validation
5371,train
5372,train
5373,train
5374,train
5375,train
5376,train
5377,train
5378,train
5379,train
5380,train
5381,train
5382,validation
5383,train
5384,validation
5385,validation
5386,train
5387,train
5388,validation
5389,train
5390,train
5391,train
5392,validation
5393,train
5394,train
5395,train
5396,train
5397,train
5398,train
5399,train
5400,train
5401,train
5402,validation
5403,train
5404,train
5405,train
5406,train
5407,train
5408,train
5409,train
5410,train
5411,train
5412,validation
5413,train
5414,train
5415,train
5416,train
5417,train
5418,train
5419,train
5420,train
5421,train
5422,validation
5423,validation
5424,train
5425,train
5426,train
5427,train
5428,train
5429,train
5430,train
5431,train
5432,train
5433,train
5434,train
5435,train
5436,train
5437,train
5438,train
5439,validation
5440,validation
5441,validation
5442,train
5443,train
5444,train
5445,train
5446,train
5447,train
5448,train
5449,train
5450,validation
5451,train
5452,train
5453,train
5454,train
5455,train
5456,train
5457,train
5458,train
5459,train
5460,train
5461,train
5462,train
5463,train
5464,validation
5465,train
5466,train
5467,train
5468,train
5469,train
5470,validation
5471,train
5472,train
5473,train
5474,train
5475,train
5476,train
5477,train
5478,train
5479,train
5480,train
5481,train
5482,train
5483,train
5484,train
5485,train
5486,validation
5487,train
5488,validation
5489,train
5490,train
5491,train
5492,train
5493,train
5494,train
5495,train
5496,train
5497,train
5498,train
5499,train
5500,train
5501,train
5502,train
5503,validation
5504,train
5505,train
5506,train
5507,train
5508,train
5509,train
5510,train
5511,validation
5512,train
5513,train
5514,train
5515,train
5516,validation
5517,train
5518,train
5519,validation
5520,train
5521,train
5522,train
5523,train
5524,train
5525,train
5526,validation
5527,train
5528,train
5529,train
5530,train
5531,train
5532,train
5533,train
5534,train
5535,train
5536,train
5537,train
5538,train
5539,validation
5540,train
5541,train
5542,train
5543,train
5544,train
5545,train
5546,validation
5547,train
5548,train
5549,validation
5550,train
5551,validation
5552,validation
5553,validation
5554,validation
5555,train
5556,train
5557,train
5558,train
5559,train
5560,train
5561,train
5562,train
5563,train
5564,train
5565,train
5566,train
5567,train
5568,validation
5569,train
5570,validation
5571,train
5572,validation
5573,train
5574,train
5575,train
5576,train
5577,train
5578,train
5579,train
5580,train
5581,validation
5582,train
5583,train
5584,train
5585,train
5586,train
5587,train
5588,train
5589,train
5590,train
5591,train
5592,train
5593,train
5594,train
5595,train
5596,validation
5597,train
5598,train
5599,train
5600,train
5601,train
5602,train
5603,train
5604,train
5605,train
5606,validation
5607,train
5608,train
5609,train
5610,train
5611,train
5612,train
5613,validation
5614,train
5615,train
5616,train
5617,train
5618,train
5619,train
5620,train
5621,train
5622,validation
5623,train
5624,train
5625,train
5626,train
5627,train
5628,validation
5629,train
5630,train
5631,train
5632,train
5633,validation
5634,validation
5635,validation
5636,train
5637,train
5638,train
5639,train
5640,train
5641,train
5642,train
5643,train
5644,train
5645,validation
5646,validation
5647,validation
5648,train
5649,train
5650,validation
5651,train
5652,validation
5653,train
5654,validation
5655,validation
5656,train
5657,train
5658,train
5659,train
5660,train
5661,validation
5662,validation
5663,train
5664,train
5665,train
5666,train
5667,train
5668,validation
5669,train
5670,validation
5671,train
5672,train
5673,train
5674,train
5675,validation
5676,train
5677,train
5678,train
5679,train
5680,train
5681,train
5682,train
5683,train
5684,train
5685,train
5686,validation
5687,train
5688,train
5689,train
5690,train
5691,train
5692,train
5693,train
5694,train
5695,train
5696,validation
5697,validation
5698,validation
5699,train
5700,train
5701,train
5702,train
5703,train
5704,train
5705,train
5706,train
5707,train
5708,train
5709,train
5710,train
5711,train
5712,train
5713,train
5714,validation
5715,validation
5716,train
5717,train
5718,train
5719,train
5720,validation
5721,train
5722,train
5723,train
5724,train
5725,validation
5726,train
5727,train
5728,train
5729,train
5730,validation
5731,train
5732,train
5733,train
5734,train
5735,train
5736,train
5737,train
5738,train
5739,train
5740,train
5741,train
5742,train
5743,train
5744,train
5745,train
5746,train
5747,train
5748,train
5749,validation
5750,train
5751,validation
5752,train
5753,train
5754,train
5755,train
5756,train
5757,train
5758,train
5759,train
5760,validation
5761,train
5762,train
5763,train
5764,train
5765,train
5766,train
5767,train
5768,train
5769,train
5770,train
5771,train
5772,train
5773,train
5774,train
5775,train
5776,validation
5777,validation
5778,train
5779,train
5780,train
5781,train
5782,validation
5783,validation
5784,train
5785,train
5786,validation
5787,train
5788,train
5789,train
5790,train
5791,train
5792,validation
5793,validation
5794,train
5795,train
5796,train
5797,validation
5798,train
5799,train
5800,train
5801,train
5802,train
5803,validation
5804,train
5805,validation
5806,train
5807,train
5808,train
5809,train
5810,train
5811,train
5812,train
5813,train
5814,train
5815,train
5816,train
5817,validation
5818,train
5819,train
5820,train
5821,validation
5822,train
5823,train
5824,validation
5825,train
5826,train
5827,train
5828,train
5829,train
5830,train
5831,train
5832,train
5833,train
5834,train
5835,train
5836,validation
5837,train
5838,train
5839,train
5840,train
5841,train
5842,train
5843,train
5844,train
5845,train
5846,train
5847,train
5848,train
5849,validation
5850,train
5851,train
5852,train
5853,validation
5854,validation
5855,train
5856,train
5857,train
5858,train
5859,train
5860,train
5861,validation
5862,train
5863,train
5864,train
5865,train
5866,train
5867,validation
5868,validation
5869,train
5870,train
5871,validation
5872,train
5873,validation
5874,train
5875,train
5876,validation
5877,train
5878,validation
5879,train
5880,validation
5881,train
5882,train
5883,validation
5884,train
5885,train
5886,train
5887,train
5888,validation
5889,train
5890,train
5891,train
5892,train
5893,train
5894,train
5895,train
5896,train
5897,train
5898,train
5899,validation
5900,validation
5901,validation
5902,train
5903,train
5904,train
5905,validation
5906,train
5907,train
5908,train
5909,train
5910,train
5911,train
5912,train
5913,train
5914,train
5915,train
5916,train
5917,validation
5918,train
5919,train
5920,train
5921,train
5922,train
5923,train
5924,validation
5925,train
5926,train
5927,train
5928,validation
5929,train
5930,train
5931,train
5932,train
5933,train
5934,validation
5935,train
5936,train
5937,train
5938,train
5939,validation
5940,train
5941,train
5942,train
5943,train
5944,train
5945,train
5946,train
5947,train
5948,validation
5949,validation
5950,validation
5951,train
5952,train
5953,train
5954,train
5955,train
5956,train
5957,train
5958,train
5959,train
5960,validation
5961,train
5962,train
5963,train
5964,train
5965,train
5966,train
5967,train
5968,validation
5969,train
5970,train
5971,train
5972,validation
5973,train
5974,train
5975,train
5976,train
5977,train
5978,train
5979,train
5980,train
5981,train
5982,train
5983,train
5984,train
5985,train
5986,validation
5987,train
5988,validation
5989,train
5990,train
5991,validation
5992,validation
5993,train
5994,train
5995,train
5996,train
5997,validation
5998,train
5999,train
6000,train
6001,train
6002,train
6003,train
6004,train
6005,train
6006,train
6007,train
6008,train
6009,train
6010,train
6011,train
6012,train
6013,train
6014,train
6015,train
6016,train
6017,train
6018,validation
6019,train
6020,train
6021,validation
6022,train
6023,train
6024,train
6025,validation
6026,validation
6027,train
6028,validation
6029,validation
6030,validation
6031,train
6032,train
6033,train
6034,train
6035,train
6036,validation
6037,train
6038,validation
6039,train
6040,validation
6041,train
6042,validation
6043,train
6044,train
6045,train
6046,train
6047,train
6048,train
6049,train
6050,train
6051,train
6052,train
6053,train
6054,train
6055,train
6056,train
6057,train
6058,train
6059,train
6060,validation
6061,train
6062,train
6063,validation
6064,validation
6065,train
6066,train
6067,train
6068,train
6069,train
6070,train
6071,train
6072,train
6073,train
6074,train
6075,train
6076,train
6077,validation
6078,train
6079,train
6080,train
6081,train
6082,validation
6083,train
6084,train
6085,train
6086,train
6087,train
6088,train
6089,validation
6090,train
6091,train
6092,train
6093,train
6094,validation
6095,train
6096,train
6097,train
6098,train
6099,train
6100,validation
6101,validation
6102,train
6103,train
6104,train
6105,train
6106,train
6107,train
6108,train
6109,validation
6110,validation
6111,train
6112,train
6113,train
6114,train
6115,train
6116,train
6117,train
6118,train
6119,train
6120,train
6121,train
6122,validation
6123,train
6124,train
6125,train
6126,train
6127,validation
6128,train
6129,train
6130,train
6131,train
6132,train
6133,train
6134,train
6135,train
6136,validation
6137,train
6138,validation
6139,train
6140,train
6141,train
6142,train
6143,validation
6144,validation
6145,train
6146,train
6147,train
6148,train
6149,validation
6150,train
6151,train
6152,train
6153,train
6154,validation
6155,validation
6156,train
6157,validation
6158,train
6159,validation
6160,train
6161,train
6162,train
6163,train
6164,train
6165,train
6166,train
6167,train
6168,train
6169,validation
6170,train
6171,train
6172,train
6173,train
6174,validation
6175,train
6176,train
6177,train
6178,train
6179,train
6180,validation
6181,train
6182,train
6183,validation
6184,train
6185,validation
6186,train
6187,validation
6188,train
6189,train
6190,train
6191,train
6192,validation
6193,train
6194,train
6195,train
6196,train
6197,train
6198,train
6199,train
6200,validation
6201,validation
6202,train
6203,validation
6204,train
6205,train
6206,train
6207,validation
6208,train
6209,train
6210,train
6211,train
6212,train
6213,train
6214,train
6215,train
6216,train
6217,train
6218,train
6219,train
6220,train
6221,train
6222,train
6223,train
6224,train
6225,train
6226,train
6227,train
6228,train
6229,train
6230,train
6231,train
6232,train
6233,train
6234,train
6235,train
6236,train
6237,train
6238,validation
6239,train
6240,train
6241,train
6242,train
6243,train
6244,train
6245,validation
6246,train
6247,train
6248,validation
6249,train
6250,train
6251,train
6252,train
6253,train
6254,train
6255,train
6256,train
6257,train
6258,train
6259,train
6260,train
6261,train
6262,train
6263,train
6264,validation
6265,validation
6266,train
6267,train
6268,train
6269,train
6270,train
6271,validation
6272,train
6273,train
6274,train
6275,train
6276,train
6277,train
6278,train
6279,train
6280,train
6281,train
6282,validation
6283,train
6284,validation
6285,validation
6286,train
6287,train
6288,train
6289,validation
6290,train
6291,train
6292,train
6293,validation
6294,train
6295,train
6296,train
6297,train
6298,train
6299,train
6300,train
6301,train
6302,validation
6303,train
6304,train
6305,train
6306,train
6307,train
6308,train
6309,train
6310,train
6311,train
6312,train
6313,validation
6314,train
6315,train
6316,train
6317,train
6318,train
6319,train
6320,train
6321,train
6322,train
6323,train
6324,train
6325,train
6326,validation
6327,validation
6328,validation
6329,validation
6330,train
6331,train
6332,validation
6333,validation
6334,train
6335,validation
6336,train
6337,train
6338,train
6339,train
6340,train
6341,validation
6342,train
6343,train
6344,train
6345,train
6346,train
6347,train
6348,train
6349,train
6350,train
6351,train
6352,train
6353,train
6354,train
6355,validation
6356,train
6357,train
6358,train
6359,train
6360,train
6361,train
6362,train
6363,train
6364,train
6365,train
6366,train
6367,train
6368,train
6369,train
6370,train
6371,train
6372,validation
6373,train
6374,train
6375,validation
6376,train
6377,train
6378,train
6379,train
6380,train
6381,train
6382,train
6383,train
6384,train
6385,train
6386,train
6387,train
6388,train
6389,train
6390,train
6391,train
6392,train
6393,train
6394,train
6395,train
6396,train
6397,train
6398,validation
6399,train
6400,train
6401,train
6402,train
6403,train
6404,train
6405,train
6406,validation
6407,train
6408,validation
6409,train
6410,train
6411,train
6412,validation
6413,train
6414,validation
6415,train
6416,train
6417,validation
6418,train
6419,train
6420,train
6421,train
6422,train
6423,train
6424,train
6425,validation
6426,validation
6427,train
6428,train
6429,train
6430,train
6431,train
6432,train
6433,train
6434,validation
6435,train
6436,train
6437,train
6438,train
6439,train
6440,train
6441,train
6442,validation
6443,validation
6444,train
6445,train
6446,train
6447,train
6448,train
6449,train
6450,train
6451,train
6452,train
6453,train
6454,train
6455,train
6456,train
6457,train
6458,train
6459,train
6460,train
6461,train
6462,train
6463,train
6464,validation
6465,train
6466,train
6467,train
6468,train
6469,train
6470,train
6471,validation
6472,train
6473,train
6474,train
6475,train
6476,train
6477,train
6478,validation
6479,train
6480,train
6481,train
6482,train
6483,train
6484,train
6485,train
6486,train
6487,train
6488,train
6489,train
6490,train
6491,train
6492,validation
6493,train
6494,train
6495,train
6496,train
6497,train
6498,validation
6499,train
6500,train
6501,train
6502,train
6503,train
6504,train
6505,train
6506,validation
6507,train
6508,train
6509,validation
6510,validation
6511,train
6512,validation
6513,train
6514,train
6515,validation
6516,train
6517,validation
6518,train
6519,train
6520,train
6521,validation
6522,train
6523,validation
6524,train
6525,train
6526,train
6527,train
6528,validation
6529,train
6530,validation
6531,train
6532,train
6533,train
6534,train
6535,train
6536,train
6537,train
6538,validation
6539,train
6540,train
6541,train
6542,train
6543,train
6544,validation
6545,train
6546,train
6547,train
6548,train
6549,train
6550,train
6551,train
6552,validation
6553,validation
6554,train
6555,train
6556,train
6557,train
6558,train
6559,validation
6560,train
6561,train
6562,train
6563,validation
6564,train
6565,train
6566,train
6567,validation
6568,train
6569,validation
6570,train
6571,train
6572,validation
6573,train
6574,train
6575,train
6576,train
6577,train
6578,train
6579,train
6580,train
6581,train
6582,train
6583,validation
6584,train
6585,train
6586,validation
6587,train
6588,train
6589,train
6590,train
6591,validation
6592,train
6593,validation
6594,train
6595,validation
6596,train
6597,validation
6598,train
6599,train
6600,train
6601,train
6602,train
6603,validation
6604,train
6605,train
6606,train
6607,train
6608,train
6609,train
6610,validation
6611,train
6612,train
6613,train
6614,train
6615,train
6616,validation
6617,train
6618,train
6619,train
6620,train
6621,train
6622,train
6623,train
6624,train
6625,validation
6626,train
6627,train
6628,train
6629,validation
6630,train
6631,train
6632,validation
6633,train
6634,validation
6635,train
6636,validation
6637,train
6638,train
6639,validation
6640,train
6641,train
6642,train
6643,train
6644,train
6645,train
6646,train
6647,train
6648,train
6649,train
6650,train
6651,train
6652,train
6653,train
6654,train
6655,train
6656,train
6657,train
6658,train
6659,validation
6660,train
6661,train
6662,train
6663,validation
6664,train
6665,validation
6666,train
6667,train
6668,train
6669,train
6670,train
6671,train
6672,train
6673,train
6674,train
6675,train
6676,train
6677,train
6678,validation
6679,validation
6680,train
6681,train
6682,train
6683,validation
6684,train
6685,validation
6686,train
6687,validation
6688,validation
6689,train
6690,train
6691,validation
6692,train
6693,train
6694,train
6695,train
6696,validation
6697,validation
6698,train
6699,train
6700,train
6701,validation
6702,train
6703,train
6704,validation
6705,train
6706,validation
6707,train
6708,train
6709,validation
6710,train
6711,train
6712,train
6713,train
6714,train
6715,train
6716,train
6717,train
6718,train
6719,train
6720,train
6721,train
6722,train
6723,train
6724,train
6725,train
6726,validation
6727,train
6728,validation
6729,train
6730,train
6731,train
6732,validation
6733,train
6734,train
6735,validation
6736,train
6737,train
6738,train
6739,train
6740,train
6741,validation
6742,validation
6743,train
6744,train
6745,train
6746,train
6747,train
6748,train
6749,train
6750,train
6751,train
6752,validation
6753,train
6754,train
6755,train
6756,validation
6757,train
6758,validation
6759,validation
6760,train
6761,train
6762,train
6763,train
6764,train
6765,train
6766,train
6767,validation
6768,train
6769,train
6770,validation
6771,train
6772,train
6773,validation
6774,validation
6775,train
6776,validation
6777,train
6778,train
6779,train
6780,train
6781,validation
6782,validation
6783,train
6784,train
6785,train
6786,train
6787,train
6788,train
6789,train
6790,train
6791,train
6792,validation
6793,train
6794,train
6795,train
6796,validation
6797,train
6798,train
6799,validation
6800,train
6801,train
6802,validation
6803,train
6804,validation
6805,validation
6806,train
6807,train
6808,train
6809,validation
6810,validation
6811,train
6812,train
6813,validation
6814,train
6815,validation
6816,train
6817,train
6818,train
6819,train
6820,train
6821,train
6822,train
6823,validation
6824,validation
6825,train
6826,train
6827,train
6828,train
6829,train
6830,train
6831,train
6832,train
6833,train
6834,train
6835,train
6836,train
6837,train
6838,train
6839,train
6840,train
6841,train
6842,validation
6843,train
6844,train
6845,train
6846,train
6847,train
6848,train
6849,train
6850,train
6851,train
6852,train
6853,train
6854,train
6855,train
6856,train
6857,train
6858,train
6859,train
6860,train
6861,train
6862,train
6863,train
6864,train
6865,train
6866,validation
6867,train
6868,train
6869,train
6870,train
6871,train
6872,train
6873,train
6874,validation
6875,train
6876,train
6877,train
6878,validation
6879,train
6880,train
6881,train
6882,train
6883,train
6884,train
6885,validation
6886,train
6887,train
6888,train
6889,validation
6890,validation
6891,train
6892,train
6893,train
6894,train
6895,validation
6896,train
6897,train
6898,train
6899,validation
6900,train
6901,validation
6902,validation
6903,train
6904,train
6905,train
6906,train
6907,train
6908,train
6909,validation
6910,train
6911,validation
6912,train
6913,train
6914,train
6915,train
6916,validation
6917,train
6918,validation
6919,train
6920,train
6921,train
6922,train
6923,train
6924,train
6925,train
6926,train
6927,train
6928,validation
6929,validation
6930,train
6931,train
6932,train
6933,train
6934,validation
6935,validation
6936,train
6937,train
6938,train
6939,train
6940,train
6941,train
6942,train
6943,train
6944,validation
6945,train
6946,train
6947,train
6948,validation
6949,train
6950,train
6951,train
6952,train
6953,train
6954,train
6955,train
6956,train
6957,train
6958,train
6959,train
6960,train
6961,validation
6962,train
6963,train
6964,train
6965,train
6966,train
6967,validation
6968,train
6969,train
6970,train
6971,train
6972,train
6973,train
6974,train
6975,train
6976,train
6977,train
6978,train
6979,train
6980,train
6981,validation
6982,train
6983,validation
6984,train
6985,validation
6986,train
6987,train
6988,validation
6989,train
6990,train
6991,train
6992,train
6993,train
6994,train
6995,train
6996,train
6997,train
6998,validation
6999,validation
7000,train
7001,train
7002,train
7003,train
7004,train
7005,validation
7006,train
7007,train
7008,train
7009,train
7010,train
7011,train
7012,train
7013,train
7014,train
7015,train
7016,validation
7017,validation
7018,train
7019,train
7020,train
7021,train
7022,validation
7023,train
7024,train
7025,train
7026,train
7027,train
7028,train
7029,train
7030,validation
7031,train
7032,train
7033,train
7034,train
7035,train
7036,validation
7037,validation
7038,train
7039,train
7040,train
7041,train
7042,validation
7043,validation
7044,train
7045,train
7046,train
7047,train
7048,validation
7049,train
7050,train
7051,validation
7052,train
7053,validation
7054,train
7055,validation
7056,train
7057,train
7058,train
7059,train
7060,validation
7061,validation
7062,train
7063,train
7064,train
7065,train
7066,validation
7067,train
7068,train
7069,validation
7070,train
7071,train
7072,validation
7073,validation
7074,train
7075,train
7076,train
7077,train
7078,train
7079,validation
7080,train
7081,train
7082,train
7083,train
7084,train
7085,train
7086,validation
7087,validation
7088,train
7089,validation
7090,train
7091,train
7092,train
7093,train
7094,validation
7095,train
7096,train
7097,validation
7098,train
7099,train
7100,train
7101,train
7102,train
7103,train
7104,train
7105,train
7106,train
7107,train
7108,train
7109,train
7110,train
7111,train
7112,train
7113,train
7114,train
7115,train
7116,train
7117,train
7118,validation
7119,train
7120,train
7121,validation
7122,validation
7123,train
7124,train
7125,train
7126,train
7127,train
7128,train
7129,train
7130,validation
7131,train
7132,train
7133,train
7134,train
7135,train
7136,train
7137,validation
7138,train
7139,train
7140,validation
7141,train
7142,validation
7143,train
7144,train
7145,train
7146,train
7147,train
7148,train
7149,train
7150,validation
7151,train
7152,train
7153,train
7154,train
7155,train
7156,train
7157,train
7158,train
7159,train
7160,train
7161,train
7162,train
7163,train
7164,train
7165,validation
7166,train
7167,train
7168,train
7169,train
7170,train
7171,train
7172,validation
7173,train
7174,train
7175,train
7176,validation
7177,validation
7178,train
7179,validation
7180,train
7181,validation
7182,train
7183,validation
7184,train
7185,train
7186,train
7187,train
7188,train
7189,validation
7190,train
7191,train
7192,train
7193,validation
7194,train
7195,train
7196,train
7197,train
7198,train
7199,validation
7200,validation
7201,train
7202,train
7203,train
7204,train
7205,train
7206,train
7207,train
7208,train
7209,train
7210,train
7211,validation
7212,train
7213,train
7214,train
7215,validation
7216,train
7217,train
7218,train
7219,validation
7220,train
7221,train
7222,train
7223,train
7224,train
7225,train
7226,train
7227,train
7228,train
7229,validation
7230,train
7231,validation
7232,train
7233,train
7234,train
7235,validation
7236,train
7237,train
7238,train
7239,train
7240,train
7241,train
7242,train
7243,train
7244,train
7245,train
7246,validation
7247,validation
7248,train
7249,train
7250,train
7251,train
7252,train
7253,validation
7254,validation
7255,train
7256,validation
7257,train
7258,train
7259,train
7260,train
7261,train
7262,train
7263,train
7264,train
7265,train
7266,train
7267,train
7268,validation
7269,train
7270,train
7271,train
7272,train
7273,validation
7274,train
7275,train
7276,validation
7277,train
7278,validation
7279,train
7280,train
7281,validation
7282,train
7283,train
7284,train
7285,train
7286,train
7287,train
7288,validation
7289,train
7290,validation
7291,train
7292,train
7293,train
7294,train
7295,validation
7296,train
7297,train
7298,train
7299,train
7300,train
7301,train
7302,train
7303,train
7304,validation
7305,train
7306,validation
7307,train
7308,train
7309,validation
7310,train
7311,train
7312,train
7313,train
7314,train
7315,validation
7316,train
7317,validation
7318,train
7319,train
7320,train
7321,train
7322,train
7323,train
7324,train
7325,validation
7326,train
7327,train
7328,train
7329,train
7330,train
7331,train
7332,train
7333,train
7334,train
7335,validation
7336,validation
7337,train
7338,train
7339,train
7340,train
7341,validation
7342,train
7343,train
7344,train
7345,train
7346,validation
7347,train
7348,validation
7349,validation
7350,train
7351,validation
7352,train
7353,train
7354,train
7355,train
7356,train
7357,train
7358,train
7359,train
7360,validation
7361,train
7362,train
7363,train
7364,train
7365,train
7366,validation
7367,train
7368,train
7369,train
7370,validation
7371,train
7372,validation
7373,train
7374,train
7375,validation
7376,validation
7377,train
7378,validation
7379,train
7380,train
7381,train
7382,train
7383,validation
7384,train
7385,train
7386,validation
7387,train
7388,validation
7389,train
7390,validation
7391,train
7392,train
7393,validation
7394,train
7395,validation
7396,train
7397,train
7398,validation
7399,validation
7400,train
7401,train
7402,train
7403,train
7404,train
7405,validation
7406,train
7407,validation
7408,train
7409,train
7410,train
7411,train
7412,train
7413,train
7414,train
7415,train
7416,train
7417,validation
7418,train
7419,train
7420,train
7421,train
7422,train
7423,train
7424,train
7425,train
7426,train
7427,train
7428,train
7429,train
7430,train
7431,validation
7432,train
7433,validation
7434,train
7435,train
7436,train
7437,train
7438,train
7439,train
7440,train
7441,train
7442,train
7443,validation
7444,train
7445,train
7446,train
7447,train
7448,train
7449,validation
7450,train
7451,validation
7452,validation
7453,validation
7454,validation
7455,train
7456,train
7457,train
7458,train
7459,train
7460,train
7461,validation
7462,train
7463,train
7464,validation
7465,train
7466,validation
7467,train
7468,train
7469,train
7470,train
7471,train
7472,train
7473,train
7474,train
7475,validation
7476,train
7477,train
7478,train
7479,train
7480,validation
7481,train
7482,train
7483,validation
7484,validation
7485,validation
7486,train
7487,train
7488,validation
7489,train
7490,validation
7491,train
7492,validation
7493,train
7494,validation
7495,train
7496,validation
7497,train
7498,train
7499,train
7500,train
7501,validation
7502,train
7503,validation
7504,train
7505,train
7506,train
7507,train
7508,validation
7509,train
7510,train
7511,train
7512,train
7513,train
7514,train
7515,validation
7516,train
7517,train
7518,validation
7519,validation
7520,train
7521,train
7522,train
7523,train
7524,train
7525,train
7526,train
7527,train
7528,train
7529,train
7530,train
7531,train
7532,train
7533,train
7534,train
7535,train
7536,train
7537,train
7538,train
7539,validation
7540,validation
7541,train
7542,train
7543,validation
7544,train
7545,train
7546,train
7547,train
7548,train
7549,train
7550,train
7551,validation
7552,train
7553,validation
7554,train
7555,validation
7556,train
7557,validation
7558,train
7559,train
7560,validation
7561,train
7562,train
7563,train
7564,train
7565,train
7566,train
7567,train
7568,train
7569,train
7570,validation
7571,train
7572,validation
7573,train
7574,train
7575,validation
7576,train
7577,train
7578,train
7579,train
7580,train
7581,validation
7582,validation
7583,train
7584,train
7585,train
7586,train
7587,train
7588,train
7589,train
7590,validation
7591,train
7592,validation
7593,train
7594,train
7595,validation
7596,train
7597,validation
7598,train
7599,train
7600,train
7601,train
7602,train
7603,train
7604,train
7605,train
7606,train
7607,validation
7608,train
7609,validation
7610,train
7611,train
7612,train
7613,train
7614,train
7615,train
7616,train
7617,train
7618,train
7619,train
7620,train
7621,validation
7622,validation
7623,train
7624,train
7625,train
7626,train
7627,train
7628,validation
7629,train
7630,validation
7631,validation
7632,train
7633,train
7634,train
7635,train
7636,train
7637,train
7638,train
7639,train
7640,train
7641,validation
7642,train
7643,train
7644,train
7645,train
7646,train
7647,train
7648,train
7649,train
7650,train
7651,train
7652,train
7653,validation
7654,train
7655,validation
7656,validation
7657,train
7658,train
7659,train
7660,validation
7661,validation
7662,validation
7663,validation
7664,train
7665,validation
7666,validation
7667,train
7668,validation
7669,train
7670,validation
7671,train
7672,validation
7673,train
7674,train
7675,validation
7676,train
7677,train
7678,train
7679,validation
7680,train
7681,validation
7682,train
7683,train
7684,validation
7685,train
7686,validation
7687,train
7688,train
7689,train
7690,train
7691,train
7692,train
7693,train
7694,train
7695,validation
7696,train
7697,train
7698,train
7699,train
7700,validation
7701,validation
7702,train
7703,train
7704,train
7705,train
7706,train
7707,train
7708,train
7709,train
7710,train
7711,validation
7712,validation
7713,validation
7714,train
7715,train
7716,train
7717,train
7718,validation
7719,validation
7720,train
7721,train
7722,validation
7723,train
7724,train
7725,train
7726,train
7727,train
7728,train
7729,train
7730,train
7731,train
7732,train
7733,validation
7734,train
7735,train
7736,train
7737,train
7738,train
7739,train
7740,train
7741,train
7742,train
7743,train
7744,train
7745,train
7746,train
7747,train
7748,train
7749,train
7750,train
7751,train
7752,train
7753,train
7754,train
7755,validation
7756,train
7757,train
7758,train
7759,train
7760,train
7761,train
7762,train
7763,validation
7764,train
7765,train
7766,train
7767,train
7768,train
7769,train
7770,validation
7771,train
7772,validation
7773,train
7774,train
7775,train
7776,train
7777,train
7778,train
7779,train
7780,train
7781,train
7782,train
7783,train
7784,train
7785,validation
7786,validation
7787,validation
7788,train
7789,train
7790,train
7791,validation
7792,validation
7793,train
7794,train
7795,train
7796,validation
7797,train
7798,train
7799,train
7800,train
7801,validation
7802,train
7803,train
7804,train
7805,train
7806,train
7807,train
7808,train
7809,train
7810,train
7811,train
7812,train
7813,train
7814,train
7815,train
7816,validation
7817,train
7818,train
7819,train
7820,train
7821,train
7822,train
7823,train
7824,train
7825,train
7826,train
7827,train
7828,validation
7829,train
7830,train
7831,train
7832,train
7833,train
7834,train
7835,train
7836,train
7837,train
7838,train
7839,train
7840,validation
7841,train
7842,train
7843,train
7844,validation
7845,train
7846,train
7847,validation
7848,validation
7849,train
7850,train
7851,train
7852,train
7853,train
7854,validation
7855,validation
7856,train
7857,train
7858,train
7859,validation
7860,validation
7861,train
7862,train
7863,train
7864,train
7865,validation
7866,train
7867,train
7868,train
7869,train
7870,train
7871,train
7872,train
7873,train
7874,validation
7875,train
7876,train
7877,train
7878,train
7879,train
7880,validation
7881,train
7882,train
7883,train
7884,train
7885,train
7886,train
7887,train
7888,train
7889,train
7890,train
7891,train
7892,train
7893,validation
7894,train
7895,validation
7896,train
7897,train
7898,train
7899,train
7900,train
7901,train
7902,train
7903,train
7904,train
7905,train
7906,train
7907,train
7908,train
7909,train
7910,train
7911,train
7912,validation
7913,train
7914,train
7915,train
7916,train
7917,train
7918,train
7919,train
7920,train
7921,train
7922,train
7923,train
7924,train
7925,train
7926,train
7927,train
7928,train
7929,train
7930,train
7931,train
7932,validation
7933,train
7934,train
7935,train
7936,train
7937,train
7938,train
7939,train
7940,train
7941,train
7942,train
7943,train
7944,train
7945,train
7946,train
7947,train
7948,train
7949,train
7950,validation
7951,train
7952,validation
7953,train
7954,train
7955,validation
7956,train
7957,train
7958,train
7959,train
7960,train
7961,validation
7962,train
7963,validation
7964,train
7965,train
7966,validation
7967,train
7968,train
7969,train
7970,train
7971,train
7972,train
7973,validation
7974,validation
7975,train
7976,train
7977,train
7978,validation
7979,train
7980,train
7981,train
7982,train
7983,train
7984,train
7985,validation
7986,train
7987,train
7988,train
7989,train
7990,train
7991,train
7992,train
7993,train
7994,validation
7995,validation
7996,validation
7997,train
7998,train
7999,train
8000,train
8001,train
8002,validation
8003,train
8004,train
8005,train
8006,train
8007,train
8008,train
8009,train
8010,validation
8011,train
8012,validation
8013,train
8014,validation
8015,train
8016,train
8017,train
8018,validation
8019,train
8020,train
8021,validation
8022,train
8023,validation
8024,validation
8025,train
8026,train
8027,train
8028,train
8029,train
8030,train
8031,validation
8032,train
8033,validation
8034,validation
8035,train
8036,train
8037,train
8038,train
8039,train
8040,train
8041,validation
8042,validation
8043,train
8044,train
8045,train
8046,train
8047,train
8048,train
8049,train
8050,validation
8051,train
8052,train
8053,train
8054,train
8055,train
8056,train
8057,train
8058,train
8059,train
8060,train
8061,train
8062,train
8063,train
8064,train
8065,train
8066,validation
8067,train
8068,train
8069,train
8070,train
8071,validation
8072,train
8073,train
8074,train
8075,train
8076,train
8077,train
8078,train
8079,validation
8080,train
8081,train
8082,train
8083,train
8084,train
8085,train
8086,train
8087,train
8088,validation
8089,validation
8090,train
8091,train
8092,validation
8093,train
8094,train
8095,train
8096,train
8097,train
8098,validation
8099,train
8100,train
8101,validation
8102,train
8103,train
8104,validation
8105,train
8106,validation
8107,validation
8108,validation
8109,train
8110,train
8111,train
8112,train
8113,train
8114,train
8115,train
8116,train
8117,train
8118,train
8119,train
8120,train
8121,validation
8122,train
8123,train
8124,train
8125,train
8126,train
8127,validation
8128,train
8129,train
8130,validation
8131,train
8132,train
8133,train
8134,train
8135,train
8136,train
8137,train
8138,train
8139,train
8140,validation
8141,train
8142,train
8143,validation
8144,validation
8145,train
8146,train
8147,validation
8148,train
8149,train
8150,train
8151,train
8152,train
8153,train
8154,train
8155,validation
8156,train
8157,train
8158,train
8159,validation
8160,train
8161,train
8162,validation
8163,validation
8164,train
8165,train
8166,train
8167,train
8168,train
8169,validation
8170,train
8171,validation
8172,train
8173,train
8174,train
8175,train
8176,train
8177,train
8178,train
8179,train
8180,train
8181,train
8182,train
8183,train
8184,train
8185,train
8186,validation
8187,validation
8188,train
8189,train
8190,validation
8191,train
8192,validation
8193,validation
8194,train
8195,validation
8196,train
8197,train
8198,train
8199,train
8200,validation
8201,train
8202,train
8203,train
8204,train
8205,train
8206,train
8207,train
8208,train
8209,validation
8210,train
8211,train
8212,validation
8213,train
8214,train
8215,train
8216,train
8217,validation
8218,train
8219,train
8220,train
8221,train
8222,train
8223,train
8224,train
8225,train
8226,train
8227,train
8228,train
8229,train
8230,train
8231,train
8232,train
8233,validation
8234,train
8235,train
8236,train
8237,train
8238,train
8239,train
8240,validation
8241,train
8242,train
8243,train
8244,train
8245,train
8246,train
8247,validation
8248,train
8249,train
8250,train
8251,validation
8252,train
8253,train
8254,train
8255,train
8256,validation
8257,validation
8258,train
8259,validation
8260,train
8261,train
8262,train
8263,train
8264,train
8265,train
8266,train
8267,train
8268,train
8269,train
8270,train
8271,train
8272,train
8273,train
8274,train
8275,train
8276,validation
8277,train
8278,validation
8279,train
8280,train
8281,train
8282,train
8283,validation
8284,train
8285,train
8286,train
8287,train
8288,train
8289,train
8290,train
8291,validation
8292,train
8293,train
8294,validation
8295,train
8296,train
8297,validation
8298,train
8299,train
8300,train
8301,train
8302,train
8303,train
8304,train
8305,train
8306,train
8307,train
8308,validation
8309,validation
8310,train
8311,train
8312,train
8313,train
8314,validation
8315,train
8316,train
8317,train
8318,train
8319,validation
8320,validation
8321,validation
8322,train
8323,train
8324,train
8325,train
8326,train
8327,train
8328,train
8329,train
8330,validation
8331,train
8332,train
8333,train
8334,train
8335,train
8336,train
8337,train
8338,train
8339,train
8340,validation
8341,train
8342,validation
8343,train
8344,train
8345,train
8346,train
8347,train
8348,train
8349,validation
8350,train
8351,train
8352,train
8353,train
8354,train
8355,train
8356,train
8357,train
8358,train
8359,train
8360,validation
8361,train
8362,train
8363,train
8364,validation
8365,validation
8366,train
8367,train
8368,train
8369,validation
8370,train
8371,validation
8372,train
8373,train
8374,validation
8375,validation
8376,train
8377,train
8378,validation
8379,train
8380,train
8381,train
8382,train
8383,validation
8384,train
8385,train
8386,validation
8387,validation
8388,train
8389,train
8390,train
8391,train
8392,validation
8393,train
8394,validation
8395,validation
8396,train
8397,train
8398,validation
8399,train
8400,train
8401,train
8402,train
8403,validation
8404,train
8405,train
8406,train
8407,train
8408,train
8409,train
8410,train
8411,train
8412,train
8413,train
8414,train
8415,train
8416,validation
8417,train
8418,train
8419,train
8420,train
8421,train
8422,train
8423,train
8424,train
8425,train
8426,train
8427,train
8428,train
8429,validation
8430,train
8431,train
8432,train
8433,train
8434,train
8435,train
8436,train
8437,train
8438,train
8439,train
8440,train
8441,train
8442,validation
8443,train
8444,train
8445,train
8446,train
8447,train
8448,validation
8449,train
8450,train
8451,train
8452,train
8453,train
8454,train
8455,train
8456,validation
8457,train
8458,train
8459,train
8460,train
8461,train
8462,train
8463,train
8464,train
8465,train
8466,train
8467,train
8468,train
8469,validation
8470,validation
8471,train
8472,train
8473,train
8474,validation
8475,train
8476,train
8477,validation
8478,train
8479,train
8480,validation
8481,validation
8482,train
8483,train
8484,train
8485,validation
8486,train
8487,validation
8488,train
8489,train
8490,train
8491,train
8492,train
8493,validation
8494,train
8495,train
8496,validation
8497,validation
8498,validation
8499,train
8500,train
8501,train
8502,train
8503,train
8504,train
8505,train
8506,train
8507,train
8508,train
8509,train
8510,validation
8511,validation
8512,train
8513,train
8514,train
8515,validation
8516,train
8517,train
8518,train
8519,train
8520,validation
8521,train
8522,train
8523,validation
8524,train
8525,train
8526,train
8527,train
8528,train
8529,train
8530,train
8531,validation
8532,train
8533,train
8534,train
8535,train
8536,train
8537,train
8538,train
8539,train
8540,validation
8541,train
8542,train
8543,train
8544,train
8545,train
8546,validation
8547,train
8548,validation
8549,train
8550,train
8551,train
8552,train
8553,train
8554,train
8555,train
8556,train
8557,train
8558,train
8559,train
8560,validation
8561,train
8562,train
8563,train
8564,train
8565,validation
8566,train
8567,train
8568,train
8569,train
8570,train
8571,train
8572,train
8573,train
8574,train
8575,validation
8576,train
8577,train
8578,train
8579,train
8580,train
8581,train
8582,train
8583,train
8584,train
8585,validation
8586,train
8587,validation
8588,train
8589,train
8590,train
8591,train
8592,validation
8593,train
8594,train
8595,train
8596,train
8597,train
8598,train
8599,train
8600,train
8601,train
8602,train
8603,train
8604,train
8605,validation
8606,train
8607,train
8608,train
8609,train
8610,train
8611,train
8612,train
8613,train
8614,train
8615,train
8616,train
8617,validation
8618,train
8619,train
8620,train
8621,train
8622,train
8623,train
8624,train
8625,train
8626,validation
8627,train
8628,train
8629,validation
8630,train
8631,train
8632,validation
8633,train
8634,validation
8635,validation
8636,train
8637,train
8638,train
8639,validation
8640,validation
8641,train
8642,train
8643,train
8644,train
8645,train
8646,train
8647,train
8648,validation
8649,train
8650,train
8651,train
8652,train
8653,train
8654,validation
8655,train
8656,train
8657,train
8658,train
8659,train
8660,train
8661,train
8662,train
8663,train
8664,train
8665,train
8666,validation
8667,train
8668,train
8669,train
8670,train
8671,train
8672,train
8673,train
8674,train
8675,train
8676,validation
8677,validation
8678,train
8679,validation
8680,train
8681,train
8682,validation
8683,validation
8684,train
8685,validation
8686,validation
8687,train
8688,validation
8689,train
8690,train
8691,train
8692,validation
8693,train
8694,train
8695,train
8696,train
8697,train
8698,train
8699,train
8700,train
8701,train
8702,train
8703,train
8704,train
8705,train
8706,train
8707,validation
8708,train
8709,train
8710,train
8711,train
8712,train
8713,train
8714,train
8715,train
8716,train
8717,train
8718,train
8719,train
8720,train
8721,train
8722,train
8723,train
8724,validation
8725,train
8726,train
8727,train
8728,validation
8729,train
8730,train
8731,train
8732,train
8733,validation
8734,train
8735,train
8736,train
8737,train
8738,validation
8739,train
8740,train
8741,train
8742,train
8743,validation
8744,train
8745,validation
8746,train
8747,train
8748,train
8749,train
8750,train
8751,train
8752,train
8753,train
8754,train
8755,train
8756,train
8757,train
8758,train
8759,train
8760,validation
8761,train
8762,train
8763,train
8764,validation
8765,train
8766,train
8767,train
8768,validation
8769,validation
8770,train
8771,train
8772,train
8773,train
8774,train
8775,train
8776,train
8777,validation
8778,validation
8779,train
8780,validation
8781,validation
8782,train
8783,train
8784,train
8785,train
8786,validation
8787,train
8788,train
8789,train
8790,train
8791,train
8792,train
8793,train
8794,train
8795,train
8796,train
8797,train
8798,train
8799,validation
8800,train
8801,train
8802,validation
8803,train
8804,train
8805,train
8806,train
8807,train
8808,validation
8809,validation
8810,train
8811,validation
8812,train
8813,validation
8814,train
8815,train
8816,validation
8817,validation
8818,train
8819,train
8820,train
8821,validation
8822,train
8823,train
8824,train
8825,train
8826,train
8827,validation
8828,train
8829,train
8830,train
8831,train
8832,validation
8833,train
8834,validation
8835,train
8836,train
8837,train
8838,train
8839,train
8840,train
8841,train
8842,train
8843,train
8844,train
8845,train
8846,train
8847,train
8848,validation
8849,train
8850,train
8851,train
8852,train
8853,validation
8854,train
8855,train
8856,train
8857,train
8858,validation
8859,train
8860,train
8861,validation
8862,validation
8863,train
8864,train
8865,train
8866,train
8867,train
8868,train
8869,train
8870,train
8871,train
8872,train
8873,train
8874,train
8875,train
8876,train
8877,train
8878,train
8879,train
8880,train
8881,validation
8882,validation
8883,train
8884,train
8885,train
8886,train
8887,train
8888,validation
8889,train
8890,train
8891,train
8892,validation
8893,train
8894,train
8895,validation
8896,validation
8897,train
8898,train
8899,train
8900,train
8901,train
8902,train
8903,train
8904,train
8905,train
8906,validation
8907,validation
8908,train
8909,validation
8910,validation
8911,train
8912,train
8913,validation
8914,train
8915,train
8916,train
8917,validation
8918,train
8919,train
8920,validation
8921,train
8922,train
8923,train
8924,validation
8925,train
8926,train
8927,train
8928,train
8929,train
8930,validation
8931,train
8932,train
8933,train
8934,train
8935,train
8936,train
8937,train
8938,train
8939,validation
8940,train
8941,train
8942,train
8943,train
8944,train
8945,validation
8946,train
8947,train
8948,train
8949,train
8950,train
8951,validation
8952,train
8953,train
8954,train
8955,train
8956,train
8957,train
8958,train
8959,train
8960,train
8961,train
8962,train
8963,train
8964,train
8965,train
8966,train
8967,train
8968,train
8969,train
8970,train
8971,train
8972,validation
8973,train
8974,train
8975,train
8976,train
8977,train
8978,train
8979,train
8980,validation
8981,train
8982,train
8983,validation
8984,train
8985,train
8986,train
8987,train
8988,validation
8989,train
8990,train
8991,train
8992,train
8993,validation
8994,train
8995,train
8996,train
8997,train
8998,train
8999,train
9000,train
9001,train
9002,validation
9003,train
9004,validation
9005,train
9006,train
9007,train
9008,train
9009,validation
9010,train
9011,train
9012,validation
9013,validation
9014,train
9015,train
9016,train
9017,train
9018,train
9019,train
9020,train
9021,train
9022,train
9023,train
9024,train
9025,train
9026,train
9027,train
9028,train
9029,validation
9030,train
9031,train
9032,train
9033,train
9034,validation
9035,train
9036,train
9037,train
9038,train
9039,train
9040,validation
9041,train
9042,validation
9043,train
9044,validation
9045,train
9046,train
9047,validation
9048,validation
9049,validation
9050,train
9051,train
9052,validation
9053,train
9054,train
9055,train
9056,validation
9057,train
9058,train
9059,train
9060,train
9061,train
9062,train
9063,train
9064,train
9065,train
9066,train
9067,train
9068,train
9069,train
9070,validation
9071,train
9072,train
9073,validation
9074,train
9075,train
9076,train
9077,train
9078,train
9079,train
9080,train
9081,train
9082,train
9083,validation
9084,validation
9085,train
9086,train
9087,train
9088,train
9089,validation
9090,train
9091,train
9092,train
9093,train
9094,validation
9095,validation
9096,train
9097,validation
9098,validation
9099,train
9100,train
9101,train
9102,validation
9103,train
9104,train
9105,train
9106,train
9107,train
9108,train
9109,train
9110,train
9111,train
9112,train
9113,train
9114,train
9115,train
9116,train
9117,train
9118,train
9119,train
9120,train
9121,train
9122,train
9123,validation
9124,train
9125,train
9126,validation
9127,train
9128,validation
9129,validation
9130,train
9131,validation
9132,train
9133,validation
9134,validation
9135,train
9136,train
9137,train
9138,train
9139,validation
9140,train
9141,train
9142,train
9143,train
9144,train
9145,train
9146,validation
9147,validation
9148,train
9149,train
9150,train
9151,train
9152,train
9153,train
9154,train
9155,train
9156,train
9157,train
9158,train
9159,train
9160,train
9161,train
9162,train
9163,train
9164,train
9165,train
9166,train
9167,train
9168,train
9169,train
9170,train
9171,train
9172,train
9173,train
9174,train
9175,train
9176,train
9177,validation
9178,train
9179,train
9180,validation
9181,train
9182,validation
9183,train
9184,train
9185,train
9186,train
9187,train
9188,train
9189,train
9190,train
9191,train
9192,train
9193,train
9194,train
9195,train
9196,train
9197,train
9198,train
9199,train
9200,train
9201,train
9202,validation
9203,train
9204,train
9205,train
9206,train
9207,train
9208,train
9209,train
9210,train
9211,validation
9212,train
9213,train
9214,train
9215,train
9216,validation
9217,train
9218,train
9219,train
9220,train
9221,train
9222,validation
9223,validation
9224,train
9225,train
9226,validation
9227,train
9228,train
9229,train
9230,train
9231,train
9232,train
9233,train
9234,validation
9235,train
9236,train
9237,train
9238,train
9239,validation
9240,train
9241,train
9242,train
9243,train
9244,train
9245,train
9246,train
9247,train
9248,validation
9249,train
9250,train
9251,validation
9252,train
9253,train
9254,train
9255,validation
9256,train
9257,train
9258,train
9259,validation
9260,validation
9261,validation
9262,train
9263,train
9264,train
9265,train
9266,train
9267,train
9268,validation
9269,train
9270,train
9271,train
9272,train
9273,validation
9274,train
9275,train
9276,train
9277,train
9278,train
9279,validation
9280,train
9281,validation
9282,validation
9283,train
9284,train
9285,train
9286,validation
9287,validation
9288,train
9289,train
9290,train
9291,train
9292,validation
9293,train
9294,train
9295,train
9296,train
9297,train
9298,train
9299,train
9300,train
9301,train
9302,train
9303,train
9304,train
9305,train
9306,train
9307,train
9308,validation
9309,validation
9310,train
9311,train
9312,train
9313,train
9314,validation
9315,train
9316,train
9317,train
9318,train
9319,train
9320,train
9321,train
9322,train
9323,train
9324,train
9325,train
9326,train
9327,train
9328,train
9329,validation
9330,train
9331,train
9332,train
9333,train
9334,train
9335,validation
9336,train
9337,validation
9338,validation
9339,train
9340,validation
9341,train
9342,train
9343,train
9344,train
9345,validation
9346,train
9347,validation
9348,train
9349,train
9350,train
9351,train
9352,train
9353,train
9354,train
9355,train
9356,train
9357,validation
9358,train
9359,train
9360,train
9361,train
9362,train
9363,train
9364,train
9365,train
9366,train
9367,train
9368,train
9369,train
9370,train
9371,validation
9372,train
9373,validation
9374,train
9375,train
9376,validation
9377,train
9378,train
9379,train
9380,train
9381,validation
9382,train
9383,train
9384,train
9385,train
9386,train
9387,train
9388,train
9389,train
9390,validation
9391,train
9392,train
9393,train
9394,train
9395,train
9396,train
9397,train
9398,train
9399,validation
9400,train
9401,train
9402,train
9403,validation
9404,train
9405,train
9406,train
9407,train
9408,train
9409,validation
9410,train
9411,train
9412,train
9413,train
9414,train
9415,train
9416,train
9417,train
9418,train
9419,validation
9420,train
9421,train
9422,train
9423,train
9424,validation
9425,train
9426,validation
9427,train
9428,train
9429,validation
9430,train
9431,validation
9432,train
9433,train
9434,validation
9435,validation
9436,train
9437,train
9438,train
9439,train
9440,train
9441,train
9442,train
9443,validation
9444,train
9445,train
9446,train
9447,train
9448,train
9449,train
9450,train
9451,train
9452,train
9453,validation
9454,train
9455,train
9456,train
9457,validation
9458,train
9459,train
9460,validation
9461,train
9462,train
9463,train
9464,validation
9465,validation
9466,train
9467,train
9468,train
9469,train
9470,train
9471,validation
9472,validation
9473,train
9474,train
9475,train
9476,train
9477,validation
9478,validation
9479,train
9480,train
9481,train
9482,train
9483,train
9484,train
9485,train
9486,train
9487,train
9488,train
9489,train
9490,train
9491,train
9492,train
9493,train
9494,train
9495,train
9496,validation
9497,validation
9498,train
9499,train
9500,validation
9501,train
9502,train
9503,train
9504,train
9505,validation
9506,train
9507,train
9508,train
9509,train
9510,train
9511,train
9512,train
9513,train
9514,train
9515,train
9516,validation
9517,train
9518,train
9519,train
9520,train
9521,train
9522,validation
9523,train
9524,train
9525,train
9526,train
9527,train
9528,train
9529,train
9530,train
9531,train
9532,validation
9533,train
9534,train
9535,train
9536,train
9537,validation
9538,train
9539,validation
9540,train
9541,validation
9542,train
9543,validation
9544,train
9545,train
9546,train
9547,train
9548,train
9549,train
9550,train
9551,train
9552,train
9553,validation
9554,train
9555,train
9556,train
9557,validation
9558,train
9559,validation
9560,train
9561,validation
9562,train
9563,train
9564,train
9565,validation
9566,train
9567,train
9568,train
9569,validation
9570,train
9571,train
9572,validation
9573,train
9574,validation
9575,validation
9576,train
9577,train
9578,train
9579,train
9580,train
9581,train
9582,train
9583,train
9584,train
9585,train
9586,train
9587,train
9588,train
9589,validation
9590,train
9591,validation
9592,train
9593,train
9594,train
9595,train
9596,train
9597,train
9598,train
9599,train
9600,train
9601,train
9602,train
9603,train
9604,train
9605,validation
9606,validation
9607,train
9608,train
9609,train
9610,train
9611,train
9612,train
9613,train
9614,train
9615,train
9616,train
9617,train
9618,train
9619,validation
9620,validation
9621,train
9622,train
9623,train
9624,train
9625,validation
9626,validation
9627,validation
9628,train
9629,train
9630,train
9631,validation
9632,train
9633,train
9634,train
9635,train
9636,validation
9637,train
9638,train
9639,validation
9640,train
9641,train
9642,train
9643,train
9644,validation
9645,train
9646,train
9647,train
9648,train
9649,train
9650,train
9651,train
9652,train
9653,train
9654,train
9655,train
9656,train
9657,validation
9658,validation
9659,validation
9660,train
9661,train
9662,train
9663,validation
9664,validation
9665,train
9666,train
9667,train
9668,train
9669,validation
9670,train
9671,train
9672,train
9673,train
9674,train
9675,train
9676,validation
9677,train
9678,validation
9679,validation
9680,train
9681,train
9682,train
9683,train
9684,train
9685,train
9686,validation
9687,train
9688,train
9689,train
9690,train
9691,train
9692,train
9693,train
9694,train
9695,train
9696,train
9697,validation
9698,train
9699,train
9700,validation
9701,train
9702,train
9703,train
9704,train
9705,train
9706,train
9707,train
9708,train
9709,validation
9710,validation
9711,validation
9712,train
9713,train
9714,train
9715,train
9716,validation
9717,train
9718,train
9719,train
9720,train
9721,train
9722,train
9723,train
9724,train
9725,train
9726,train
9727,train
9728,train
9729,train
9730,train
9731,train
9732,train
9733,validation
9734,train
9735,train
9736,train
9737,train
9738,train
9739,train
9740,train
9741,train
9742,validation
9743,train
9744,validation
9745,validation
9746,validation
9747,train
9748,train
9749,train
9750,train
9751,train
9752,train
9753,train
9754,train
9755,train
9756,train
9757,train
9758,train
9759,train
9760,train
9761,validation
9762,train
9763,train
9764,validation
9765,train
9766,train
9767,train
9768,train
9769,train
9770,train
9771,train
9772,train
9773,validation
9774,train
9775,train
9776,train
9777,train
9778,train
9779,train
9780,train
9781,train
9782,train
9783,train
9784,train
9785,train
9786,train
9787,train
9788,validation
9789,train
9790,train
9791,train
9792,train
9793,train
9794,train
9795,validation
9796,validation
9797,train
9798,train
9799,train
9800,validation
9801,train
9802,train
9803,validation
9804,train
9805,train
9806,train
9807,train
9808,train
9809,validation
9810,validation
9811,train
9812,train
9813,train
9814,train
9815,train
9816,train
9817,train
9818,train
9819,train
9820,train
9821,train
9822,train
9823,validation
9824,validation
9825,train
9826,train
9827,train
9828,train
9829,train
9830,train
9831,train
9832,train
9833,train
9834,train
9835,train
9836,train
9837,train
9838,train
9839,train
9840,train
9841,train
9842,validation
9843,train
9844,train
9845,train
9846,train
9847,validation
9848,train
9849,train
9850,train
9851,validation
9852,train
9853,train
9854,train
9855,train
9856,validation
9857,train
9858,train
9859,train
9860,train
9861,train
9862,train
9863,train
9864,train
9865,train
9866,validation
9867,train
9868,train
9869,validation
9870,train
9871,train
9872,validation
9873,train
9874,train
9875,train
9876,train
9877,train
9878,train
9879,train
9880,train
9881,validation
9882,train
9883,train
9884,validation
9885,train
9886,train
9887,train
9888,validation
9889,train
9890,train
9891,train
9892,train
9893,validation
9894,validation
9895,train
9896,train
9897,train
9898,train
9899,train
9900,train
9901,train
9902,train
9903,train
9904,train
9905,validation
9906,train
9907,train
9908,train
9909,train
9910,train
9911,train
9912,train
9913,train
9914,train
9915,validation
9916,train
9917,train
9918,train
9919,train
9920,train
9921,train
9922,train
9923,train
9924,train
9925,train
9926,train
9927,train
9928,validation
9929,train
9930,train
9931,train
9932,train
9933,train
9934,train
9935,validation
9936,train
9937,train
9938,train
9939,train
9940,train
9941,train
9942,train
9943,train
9944,train
9945,validation
9946,train
9947,train
9948,train
9949,train
9950,train
9951,train
9952,train
9953,train
9954,train
9955,train
9956,train
9957,validation
9958,train
9959,validation
9960,train
9961,train
9962,validation
9963,train
9964,train
9965,train
9966,train
9967,train
9968,train
9969,train
9970,train
9971,train
9972,train
9973,train
9974,train
9975,validation
9976,train
9977,train
9978,train
9979,train
9980,train
9981,train
9982,train
9983,train
9984,train
9985,train
9986,train
9987,train
9988,train
9989,validation
9990,train
9991,validation
9992,train
9993,validation
9994,train
9995,train
9996,train
9997,train
9998,train
9999,train
10000,train
10001,train
10002,train
10003,train
10004,train
10005,train
10006,train
10007,validation
10008,validation
10009,train
10010,train
10011,train
10012,train
10013,train
10014,train
10015,train
10016,train
10017,train
10018,train
10019,train
10020,validation
10021,train
10022,train
10023,train
10024,train
10025,validation
10026,train
10027,train
10028,train
10029,train
10030,train
10031,train
10032,train
10033,train
10034,train
10035,train
10036,train
10037,train
10038,train
10039,train
10040,train
10041,train
10042,train
10043,train
10044,train
10045,validation
10046,train
10047,train
10048,train
10049,validation
10050,train
10051,train
10052,train
10053,validation
10054,train
10055,train
10056,train
10057,train
10058,train
10059,validation
10060,train
10061,train
10062,validation
10063,train
10064,train
10065,train
10066,validation
10067,train
10068,train
10069,train
10070,train
10071,validation
10072,train
10073,train
10074,train
10075,train
10076,validation
10077,train
10078,train
10079,train
10080,train
10081,train
10082,train
10083,train
10084,train
10085,train
10086,validation
10087,train
10088,train
10089,train
10090,train
10091,train
10092,validation
10093,train
10094,validation
10095,validation
10096,train
10097,train
10098,train
10099,train
10100,train
10101,validation
10102,train
10103,train
10104,train
10105,train
10106,validation
10107,train
10108,train
10109,train
10110,train
10111,train
10112,validation
10113,train
10114,train
10115,train
10116,train
10117,validation
10118,train
10119,train
10120,train
10121,train
10122,validation
10123,train
10124,validation
10125,train
10126,train
10127,train
10128,train
10129,train
10130,train
10131,train
10132,train
10133,validation
10134,train
10135,train
10136,train
10137,validation
10138,train
10139,train
10140,train
10141,train
10142,train
10143,train
10144,train
10145,train
10146,train
10147,train
10148,train
10149,train
10150,train
10151,train
10152,validation
10153,train
10154,train
10155,train
10156,validation
10157,train
10158,train
10159,train
10160,validation
10161,train
10162,train
10163,validation
10164,train
10165,train
10166,train
10167,train
10168,train
10169,train
10170,validation
10171,validation
10172,train
10173,train
10174,train
10175,train
10176,train
10177,train
10178,train
10179,validation
10180,train
10181,train
10182,train
10183,train
10184,train
10185,train
10186,train
10187,validation
10188,validation
10189,train
10190,train
10191,train
10192,train
10193,train
10194,validation
10195,train
10196,train
10197,train
10198,train
10199,train
10200,train
10201,validation
10202,validation
10203,train
10204,train
10205,train
10206,train
10207,validation
10208,train
10209,validation
10210,train
10211,train
10212,train
10213,validation
10214,train
10215,train
10216,train
10217,train
10218,train
10219,train
10220,train
10221,train
10222,train
10223,validation
10224,train
10225,validation
10226,train
10227,train
10228,train
10229,train
10230,train
10231,train
10232,train
10233,validation
10234,train
10235,train
10236,validation
10237,validation
10238,train
10239,train
10240,train
10241,train
10242,train
10243,train
10244,train
10245,train
10246,train
10247,validation
10248,train
10249,validation
10250,validation
10251,train
10252,train
10253,train
10254,train
10255,train
10256,validation
10257,train
10258,train
10259,train
10260,train
10261,train
10262,train
10263,train
10264,train
10265,train
10266,train
10267,train
10268,train
10269,validation
10270,validation
10271,train
10272,train
10273,train
10274,train
10275,train
10276,train
10277,train
10278,validation
10279,validation
10280,train
10281,train
10282,train
10283,train
10284,train
10285,train
10286,train
10287,train
10288,train
10289,validation
10290,validation
10291,validation
10292,train
10293,train
10294,train
10295,validation
10296,train
10297,train
10298,train
10299,train
10300,train
10301,train
10302,train
10303,train
10304,train
10305,train
10306,train
10307,train
10308,train
10309,train
10310,train
10311,train
10312,train
10313,train
10314,train
10315,train
10316,validation
10317,validation
10318,train
10319,validation
10320,train
10321,train
10322,train
10323,train
10324,train
10325,train
10326,train
10327,train
10328,validation
10329,validation
10330,train
10331,train
10332,train
10333,train
10334,validation
10335,train
10336,train
10337,validation
10338,train
10339,train
10340,train
10341,train
10342,train
10343,train
10344,train
10345,train
10346,train
10347,train
10348,train
10349,train
10350,train
10351,validation
10352,train
10353,train
10354,validation
10355,train
10356,train
10357,train
10358,train
10359,train
10360,train
10361,train
10362,validation
10363,train
10364,train
10365,train
10366,train
10367,train
10368,train
10369,train
10370,validation
10371,validation
10372,train
10373,train
10374,train
10375,train
10376,train
10377,validation
10378,validation
10379,train
10380,train
10381,validation
10382,train
10383,train
10384,validation
10385,train
10386,train
10387,train
10388,train
10389,train
10390,train
10391,train
10392,validation
10393,validation
10394,train
10395,validation
10396,train
10397,train
10398,train
10399,train
10400,validation
10401,train
10402,train
10403,train
10404,train
10405,train
10406,train
10407,validation
10408,train
10409,train
10410,validation
10411,train
10412,train
10413,train
10414,train
10415,train
10416,train
10417,train
10418,train
10419,train
10420,train
10421,train
10422,train
10423,validation
10424,train
10425,train
10426,validation
10427,validation
10428,train
10429,validation
10430,train
10431,train
10432,validation
10433,train
10434,train
10435,validation
10436,train
10437,train
10438,validation
10439,train
10440,train
10441,train
10442,train
10443,train
10444,train
10445,train
10446,train
10447,validation
10448,train
10449,train
10450,train
10451,train
10452,train
10453,train
10454,train
10455,train
10456,train
10457,train
10458,train
10459,train
10460,train
10461,train
10462,train
10463,train
10464,train
10465,train
10466,train
10467,train
10468,train
10469,validation
10470,train
10471,train
10472,train
10473,train
10474,train
10475,train
10476,train
10477,train
10478,train
10479,validation
10480,train
10481,train
10482,train
10483,train
10484,train
10485,train
10486,train
10487,train
10488,train
10489,train
10490,train
10491,validation
10492,train
10493,train
10494,train
10495,train
10496,validation
10497,validation
10498,train
10499,validation
10500,train
10501,train
10502,train
10503,train
10504,validation
10505,train
10506,train
10507,train
10508,validation
10509,train
10510,train
10511,train
10512,train
10513,train
10514,train
10515,train
10516,train
10517,train
10518,train
10519,train
10520,validation
10521,train
10522,train
10523,train
10524,train
10525,train
10526,validation
10527,train
10528,validation
10529,train
10530,validation
10531,train
10532,train
10533,validation
10534,train
10535,validation
10536,train
10537,train
10538,train
10539,validation
10540,train
10541,train
10542,train
10543,train
10544,train
10545,train
10546,validation
10547,train
10548,train
10549,train
10550,train
10551,validation
10552,train
10553,train
10554,train
10555,train
10556,validation
10557,validation
10558,train
10559,train
10560,train
10561,train
10562,train
10563,train
10564,validation
10565,train
10566,train
10567,train
10568,validation
10569,validation
10570,train
10571,train
10572,train
10573,validation
10574,train
10575,train
10576,train
10577,train
10578,train
10579,train
10580,train
10581,validation
10582,train
10583,train
10584,train
10585,train
10586,train
10587,train
10588,train
10589,train
10590,validation
10591,train
10592,validation
10593,train
10594,validation
10595,train
10596,train
10597,train
10598,train
10599,train
10600,train
10601,train
10602,train
10603,train
10604,train
10605,validation
10606,train
10607,train
10608,train
10609,train
10610,train
10611,train
10612,validation
10613,validation
10614,validation
10615,train
10616,train
10617,train
10618,train
10619,train
10620,train
10621,train
10622,train
10623,train
10624,train
10625,train
10626,train
10627,train
10628,train
10629,train
10630,train
10631,validation
10632,train
10633,train
10634,train
10635,train
10636,validation
10637,train
10638,train
10639,train
10640,train
10641,validation
10642,train
10643,train
10644,train
10645,validation
10646,validation
10647,train
10648,train
10649,train
10650,train
10651,train
10652,train
10653,train
10654,train
10655,train
10656,train
10657,train
10658,validation
10659,train
10660,train
10661,train
10662,validation
10663,train
10664,train
10665,train
10666,validation
10667,train
10668,train
10669,train
10670,train
10671,train
10672,train
10673,validation
10674,train
10675,train
10676,train
10677,validation
10678,train
10679,validation
10680,train
10681,train
10682,train
10683,train
10684,train
10685,train
10686,train
10687,train
10688,train
10689,validation
10690,train
10691,train
10692,train
10693,validation
10694,train
10695,validation
10696,train
10697,train
10698,train
10699,train
10700,train
10701,validation
10702,train
10703,train
10704,train
10705,train
10706,validation
10707,train
10708,train
10709,train
10710,train
10711,train
10712,validation
10713,train
10714,train
10715,train
10716,train
10717,train
10718,train
10719,train
10720,validation
10721,train
10722,train
10723,train
10724,validation
10725,train
10726,train
10727,validation
10728,train
10729,validation
10730,train
10731,train
10732,train
10733,train
10734,train
10735,train
10736,train
10737,train
10738,train
10739,train
10740,train
10741,train
10742,train
10743,train
10744,validation
10745,validation
10746,train
10747,train
10748,validation
10749,train
10750,train
10751,validation
10752,validation
10753,train
10754,train
10755,train
10756,train
10757,train
10758,train
10759,validation
10760,train
10761,train
10762,train
10763,train
10764,validation
10765,validation
10766,train
10767,train
10768,validation
10769,validation
10770,validation
10771,train
10772,train
10773,train
10774,train
10775,train
10776,train
10777,train
10778,train
10779,train
10780,train
10781,validation
10782,train
10783,train
10784,validation
10785,train
10786,train
10787,validation
10788,train
10789,train
10790,train
10791,validation
10792,train
10793,train
10794,train
10795,train
10796,train
10797,train
10798,validation
10799,train
10800,train
10801,train
10802,train
10803,validation
10804,train
10805,train
10806,train
10807,train
10808,train
10809,train
10810,train
10811,train
10812,train
10813,train
10814,train
10815,train
10816,train
10817,train
10818,train
10819,train
10820,train
10821,train
10822,train
10823,validation
10824,train
10825,validation
10826,train
10827,train
10828,train
10829,train
10830,train
10831,train
10832,train
10833,train
10834,train
10835,train
10836,train
10837,validation
10838,train
10839,validation
10840,train
10841,validation
10842,train
10843,train
10844,train
10845,train
10846,train
10847,train
10848,validation
10849,train
10850,validation
10851,train
10852,train
10853,train
10854,train
10855,validation
10856,train
10857,train
10858,train
10859,validation
10860,train
10861,train
10862,train
10863,train
10864,train
10865,train
10866,train
10867,validation
10868,train
10869,train
10870,train
10871,validation
10872,train
10873,train
10874,train
10875,validation
10876,train
10877,validation
10878,train
10879,train
10880,validation
10881,train
10882,train
10883,validation
10884,train
10885,validation
10886,train
10887,train
10888,validation
10889,train
10890,train
10891,train
10892,train
10893,train
10894,train
10895,train
10896,train
10897,train
10898,train
10899,train
10900,validation
10901,train
10902,train
10903,train
10904,train
10905,train
10906,train
10907,train
10908,train
10909,train
10910,train
10911,train
10912,train
10913,train
10914,train
10915,train
10916,train
10917,validation
10918,train
10919,train
10920,train
10921,train
10922,train
10923,validation
10924,train
10925,train
10926,train
10927,train
10928,train
10929,train
10930,train
10931,train
10932,train
10933,validation
10934,validation
10935,train
10936,train
10937,train
10938,train
10939,train
10940,train
10941,train
10942,train
10943,validation
10944,validation
10945,validation
10946,train
10947,train
10948,train
10949,train
10950,validation
10951,validation
10952,validation
10953,train
10954,train
10955,train
10956,train
10957,validation
10958,train
10959,train
10960,train
10961,validation
10962,train
10963,train
10964,train
10965,train
10966,train
10967,train
10968,train
10969,validation
10970,validation
10971,train
10972,train
10973,train
10974,train
10975,validation
10976,train
10977,train
10978,validation
10979,validation
10980,validation
10981,train
10982,train
10983,train
10984,train
10985,validation
10986,train
10987,train
10988,validation
10989,train
10990,train
10991,validation
10992,train
10993,train
10994,train
10995,train
10996,train
10997,train
10998,train
10999,train
11000,train
11001,train
11002,train
11003,train
11004,train
11005,train
11006,train
11007,validation
11008,train
11009,train
11010,train
11011,train
11012,train
11013,validation
11014,train
11015,train
11016,train
11017,train
11018,train
11019,train
11020,train
11021,train
11022,validation
11023,train
11024,train
11025,train
11026,train
11027,validation
11028,train
11029,train
11030,train
11031,train
11032,train
11033,train
11034,train
11035,train
11036,train
11037,train
11038,train
11039,train
11040,train
11041,train
11042,train
11043,train
11044,train
11045,train
11046,train
11047,train
11048,train
11049,validation
11050,train
11051,train
11052,train
11053,train
11054,validation
11055,train
11056,train
11057,train
11058,validation
11059,validation
11060,train
11061,validation
11062,train
11063,train
11064,train
11065,train
11066,train
11067,train
11068,train
11069,train
11070,validation
11071,train
11072,train
11073,train
11074,train
11075,train
11076,train
11077,train
11078,train
11079,validation
11080,train
11081,train
11082,validation
11083,validation
11084,train
11085,train
11086,train
11087,train
11088,train
11089,train
11090,validation
11091,validation
11092,validation
11093,train
11094,train
11095,train
11096,train
11097,train
11098,train
11099,train
11100,train
11101,train
11102,train
11103,validation
11104,train
11105,validation
11106,train
11107,validation
11108,train
11109,train
11110,train
11111,validation
11112,train
11113,train
11114,train
11115,validation
11116,train
11117,train
11118,train
11119,train
11120,train
11121,train
11122,train
11123,train
11124,train
11125,validation
11126,train
11127,train
11128,train
11129,train
11130,train
11131,train
11132,train
11133,train
11134,train
11135,train
11136,train
11137,train
11138,train
11139,train
11140,train
11141,validation
11142,train
11143,train
11144,train
11145,train
11146,train
11147,validation
11148,train
11149,validation
11150,validation
11151,train
11152,train
11153,train
11154,train
11155,validation
11156,train
11157,train
11158,train
11159,train
11160,train
11161,train
11162,train
11163,train
11164,train
11165,train
11166,validation
11167,validation
11168,train
11169,train
11170,train
11171,validation
11172,train
11173,train
11174,train
11175,train
11176,validation
11177,validation
11178,train
11179,train
11180,train
11181,train
11182,train
11183,train
11184,train
11185,train
11186,train
11187,train
11188,train
11189,train
11190,train
11191,validation
11192,train
11193,validation
11194,train
11195,train
11196,train
11197,validation
11198,train
11199,train
11200,validation
11201,train
11202,train
11203,train
11204,train
11205,train
11206,train
11207,train
11208,train
11209,train
11210,train
11211,train
11212,validation
11213,train
11214,validation
11215,train
11216,train
11217,train
11218,train
11219,train
11220,train
11221,train
11222,train
11223,validation
11224,train
11225,train
11226,train
11227,train
11228,train
11229,train
11230,train
11231,train
11232,train
11233,train
11234,train
11235,validation
11236,train
11237,validation
11238,train
11239,validation
11240,train
11241,train
11242,validation
11243,train
11244,train
11245,train
11246,validation
11247,train
11248,train
11249,train
11250,train
11251,validation
11252,train
11253,validation
11254,train
11255,train
11256,validation
11257,train
11258,train
11259,train
11260,train
11261,validation
11262,train
11263,validation
11264,train
11265,train
11266,train
11267,train
11268,train
11269,train
11270,train
11271,train
11272,train
11273,train
11274,train
11275,train
11276,validation
11277,train
11278,train
11279,train
11280,validation
11281,train
11282,validation
11283,train
11284,train
11285,train
11286,train
11287,train
11288,train
11289,validation
11290,validation
11291,train
11292,train
11293,train
11294,train
11295,train
11296,train
11297,validation
11298,train
11299,train
11300,train
11301,train
11302,train
11303,train
11304,train
11305,train
11306,train
11307,train
11308,train
11309,train
11310,train
11311,train
11312,validation
11313,train
11314,train
11315,train
11316,validation
11317,train
11318,validation
11319,validation
11320,validation
11321,train
11322,train
11323,train
11324,train
11325,train
11326,train
11327,validation
11328,train
11329,train
11330,train
11331,train
11332,train
11333,train
11334,train
11335,train
11336,train
11337,train
11338,train
11339,train
11340,train
11341,train
11342,train
11343,train
11344,train
11345,train
11346,validation
11347,train
11348,train
11349,validation
11350,train
11351,validation
11352,train
11353,train
11354,train
11355,train
11356,validation
11357,train
11358,train
11359,train
11360,train
11361,train
11362,train
11363,train
11364,validation
11365,train
11366,train
11367,validation
11368,train
11369,train
11370,validation
11371,train
11372,train
11373,validation
11374,validation
11375,validation
11376,train
11377,validation
11378,validation
11379,train
11380,train
11381,train
11382,train
11383,train
11384,validation
11385,train
11386,train
11387,train
11388,train
11389,train
11390,validation
11391,validation
11392,train
11393,train
11394,train
11395,train
11396,train
11397,train
11398,train
11399,train
11400,train
11401,train
11402,train
11403,validation
11404,train
11405,train
11406,train
11407,train
11408,validation
11409,train
11410,train
11411,train
11412,train
11413,train
11414,train
11415,train
11416,train
11417,train
11418,train
11419,validation
11420,train
11421,validation
11422,validation
11423,train
11424,train
11425,train
11426,validation
11427,train
11428,train
11429,train
11430,train
11431,train
11432,train
11433,train
11434,train
11435,train
11436,train
11437,train
11438,train
11439,validation
11440,train
11441,train
11442,train
11443,train
11444,train
11445,train
11446,train
11447,train
11448,train
11449,train
11450,train
11451,train
11452,train
11453,train
11454,train
11455,train
11456,train
11457,train
11458,train
11459,train
11460,train
11461,train
11462,validation
11463,train
11464,train
11465,train
11466,validation
11467,validation
11468,train
11469,validation
11470,train
11471,train
11472,train
11473,validation
11474,train
11475,train
11476,train
11477,train
11478,validation
11479,train
11480,train
11481,train
11482,train
11483,train
11484,validation
11485,train
11486,train
11487,train
11488,train
11489,train
11490,train
11491,train
11492,validation
11493,train
11494,train
11495,train
11496,train
11497,validation
11498,train
11499,train
11500,train
11501,train
11502,train
11503,train
11504,train
11505,validation
11506,train
11507,train
11508,train
11509,train
11510,train
11511,train
11512,train
11513,train
11514,train
11515,train
11516,validation
11517,train
11518,train
11519,train
11520,validation
11521,train
11522,train
11523,validation
11524,validation
11525,train
11526,train
11527,train
11528,validation
11529,train
11530,train
11531,validation
11532,validation
11533,train
11534,train
11535,train
11536,validation
11537,validation
11538,train
11539,validation
11540,train
11541,validation
11542,validation
11543,train
11544,train
11545,train
11546,train
11547,train
11548,train
11549,train
11550,validation
11551,validation
11552,train
11553,train
11554,validation
11555,train
11556,validation
11557,validation
11558,train
11559,validation
11560,train
11561,validation
11562,train
11563,train
11564,train
11565,train
11566,train
11567,train
11568,train
11569,train
11570,train
11571,train
11572,validation
11573,train
11574,validation
11575,train
11576,train
11577,train
11578,train
11579,train
11580,validation
11581,train
11582,train
11583,validation
11584,train
11585,validation
11586,validation
11587,train
11588,train
11589,train
11590,train
11591,train
11592,train
11593,train
11594,train
11595,train
11596,train
11597,train
11598,train
11599,train
11600,validation
11601,train
11602,train
11603,train
11604,train
11605,train
11606,train
11607,train
11608,train
11609,train
11610,train
11611,validation
11612,train
11613,train
11614,train
11615,train
11616,train
11617,train
11618,validation
11619,train
11620,train
11621,validation
11622,train
11623,train
11624,train
11625,train
11626,train
11627,train
11628,train
11629,train
11630,train
11631,train
11632,train
11633,train
11634,train
11635,train
11636,train
11637,validation
11638,train
11639,train
11640,train
11641,validation
11642,train
11643,validation
11644,train
11645,train
11646,train
11647,train
11648,train
11649,train
11650,train
11651,train
11652,train
11653,train
11654,train
11655,train
11656,validation
11657,train
11658,train
11659,train
11660,train
11661,validation
11662,train
11663,train
11664,train
11665,train
11666,train
11667,validation
11668,validation
11669,train
11670,train
11671,train
11672,validation
11673,train
11674,train
11675,train
11676,train
11677,train
11678,train
11679,train
11680,train
11681,train
11682,train
11683,validation
11684,train
11685,train
11686,validation
11687,train
11688,validation
11689,validation
11690,train
11691,train
11692,train
11693,train
11694,train
11695,validation
11696,train
11697,train
11698,train
11699,train
11700,train
11701,train
11702,train
11703,train
11704,train
11705,train
11706,train
11707,train
11708,train
11709,train
11710,train
11711,train
11712,train
11713,train
11714,train
11715,train
11716,validation
11717,train
11718,train
11719,train
11720,train
11721,train
11722,train
11723,train
11724,train
11725,validation
11726,validation
11727,train
11728,train
11729,train
11730,train
11731,train
11732,train
11733,train
11734,train
11735,validation
11736,validation
11737,train
11738,train
11739,train
11740,train
11741,validation
11742,train
11743,validation
11744,train
11745,train
11746,train
11747,train
11748,train
11749,train
11750,train
11751,train
11752,train
11753,train
11754,train
11755,train
11756,train
11757,train
11758,train
11759,train
11760,validation
11761,train
11762,train
11763,train
11764,train
11765,train
11766,train
11767,train
11768,train
11769,validation
11770,train
11771,train
11772,train
11773,train
11774,train
11775,train
11776,train
11777,train
11778,train
11779,train
11780,train
11781,validation
11782,train
11783,train
11784,train
11785,train
11786,train
11787,train
11788,train
11789,train
11790,train
11791,train
11792,train
11793,train
11794,validation
11795,train
11796,train
11797,validation
11798,train
11799,train
11800,train
11801,train
11802,train
11803,train
11804,train
11805,validation
11806,train
11807,train
11808,train
11809,train
11810,validation
11811,train
11812,train
11813,validation
11814,train
11815,train
11816,train
11817,train
11818,train
11819,train
11820,validation
11821,train
11822,train
11823,validation
11824,train
11825,train
11826,train
11827,validation
11828,train
11829,train
11830,validation
11831,train
11832,train
11833,train
11834,validation
11835,train
11836,train
11837,train
11838,train
11839,train
11840,train
11841,train
11842,train
11843,train
11844,validation
11845,train
11846,train
11847,train
11848,train
11849,train
11850,validation
11851,train
11852,train
11853,train
11854,train
11855,train
11856,validation
11857,train
11858,validation
11859,validation
11860,validation
11861,train
11862,train
11863,train
11864,train
11865,train
11866,validation
11867,train
11868,train
11869,train
11870,train
11871,train
11872,train
11873,train
11874,train
11875,validation
11876,validation
11877,validation
11878,train
11879,train
11880,validation
11881,train
11882,train
11883,validation
11884,validation
11885,train
11886,train
11887,validation
11888,train
11889,train
11890,train
11891,train
11892,train
11893,train
11894,train
11895,validation
11896,train
11897,validation
11898,train
11899,train
11900,train
11901,train
11902,train
11903,train
11904,train
11905,train
11906,train
11907,train
11908,validation
11909,train
11910,validation
11911,train
11912,train
11913,train
11914,train
11915,train
11916,train
11917,train
11918,validation
11919,train
11920,train
11921,train
11922,validation
11923,train
11924,train
11925,train
11926,train
11927,validation
11928,train
11929,train
11930,train
11931,train
11932,train
11933,train
11934,train
11935,validation
11936,train
11937,train
11938,validation
11939,train
11940,train
11941,train
11942,train
11943,train
11944,validation
11945,validation
11946,train
11947,train
11948,train
11949,train
11950,validation
11951,train
11952,train
11953,train
11954,train
11955,train
11956,validation
11957,train
11958,train
11959,train
11960,train
11961,train
11962,train
11963,train
11964,train
11965,train
11966,train
11967,validation
11968,validation
11969,train
11970,validation
11971,train
11972,train
11973,train
11974,train
11975,train
11976,validation
11977,train
11978,train
11979,validation
11980,train
11981,train
11982,train
11983,train
11984,train
11985,train
11986,train
11987,train
11988,train
11989,train
11990,train
11991,train
11992,train
11993,train
11994,train
11995,train
11996,validation
11997,train
11998,train
11999,train
12000,train
12001,train
12002,train
12003,validation
12004,train
12005,train
12006,train
12007,train
12008,train
12009,validation
12010,validation
12011,train
12012,train
12013,train
12014,train
12015,train
12016,train
12017,validation
12018,train
12019,train
12020,train
12021,train
12022,train
12023,validation
12024,train
12025,train
12026,train
12027,train
12028,train
12029,train
12030,train
12031,train
12032,train
12033,train
12034,train
12035,train
12036,train
12037,validation
12038,train
12039,train
12040,validation
12041,train
12042,validation
12043,train
12044,train
12045,train
12046,train
12047,train
12048,train
12049,validation
12050,validation
12051,train
12052,train
12053,validation
12054,train
12055,train
12056,train
12057,train
12058,train
12059,train
12060,train
12061,train
12062,train
12063,train
12064,train
12065,train
12066,validation
12067,train
12068,train
12069,train
12070,train
12071,train
12072,validation
12073,train
12074,train
12075,train
12076,train
12077,train
12078,train
12079,train
12080,validation
12081,train
12082,train
12083,train
12084,train
12085,train
12086,train
12087,train
12088,validation
12089,train
12090,validation
12091,validation
12092,train
12093,train
12094,validation
12095,train
12096,train
12097,validation
12098,train
12099,train
12100,train
12101,train
12102,train
12103,train
12104,validation
12105,validation
12106,train
12107,train
12108,validation
12109,train
12110,validation
12111,train
12112,train
12113,train
12114,train
12115,validation
12116,train
12117,validation
12118,train
12119,train
12120,validation
12121,train
12122,validation
12123,validation
12124,validation
12125,train
12126,train
12127,train
12128,train
12129,train
12130,train
12131,train
12132,train
12133,train
12134,train
12135,validation
12136,train
12137,train
12138,train
12139,train
12140,train
12141,train
12142,train
12143,train
12144,train
12145,train
12146,train
12147,train
12148,train
12149,train
12150,validation
12151,validation
12152,validation
12153,train
12154,validation
12155,validation
12156,train
12157,train
12158,train
12159,train
12160,train
12161,validation
12162,train
12163,validation
12164,train
12165,train
12166,train
12167,train
12168,train
12169,train
12170,train
12171,validation
12172,validation
12173,train
12174,train
12175,train
12176,train
12177,train
12178,validation
12179,validation
12180,train
12181,validation
12182,train
12183,train
12184,validation
12185,train
12186,validation
12187,train
12188,validation
12189,train
12190,train
12191,train
12192,train
12193,train
12194,train
12195,train
12196,train
12197,train
12198,train
12199,train
12200,train
12201,train
12202,train
12203,train
12204,train
12205,train
12206,train
12207,train
12208,train
12209,train
12210,train
12211,validation
12212,train
12213,train
12214,train
12215,train
12216,train
12217,train
12218,train
12219,train
12220,validation
12221,train
12222,validation
12223,train
12224,train
12225,train
12226,train
12227,train
12228,validation
12229,train
12230,train
12231,train
12232,train
12233,train
12234,train
12235,train
12236,train
12237,train
12238,train
12239,validation
12240,train
12241,train
12242,train
12243,train
12244,train
12245,train
12246,train
12247,train
12248,train
12249,train
12250,train
12251,train
12252,train
12253,train
12254,train
12255,train
12256,train
12257,train
12258,train
12259,train
12260,train
12261,train
12262,train
12263,validation
12264,train
12265,train
12266,train
12267,train
12268,train
12269,train
12270,train
12271,train
12272,train
12273,train
12274,train
12275,train
12276,train
12277,train
12278,train
12279,train
12280,train
12281,train
12282,train
12283,train
12284,train
12285,train
12286,train
12287,train
12288,train
12289,train
12290,validation
12291,train
12292,train
12293,train
12294,train
12295,train
12296,train
12297,train
12298,train
12299,validation
12300,train
12301,train
12302,validation
12303,train
12304,train
12305,train
12306,train
12307,train
12308,train
12309,train
12310,train
12311,train
12312,validation
12313,validation
12314,train
12315,train
12316,train
12317,train
12318,train
12319,train
12320,train
12321,validation
12322,validation
12323,train
12324,train
12325,train
12326,train
12327,train
12328,train
12329,train
12330,train
12331,train
12332,train
12333,train
12334,validation
12335,train
12336,train
12337,train
12338,train
12339,validation
12340,train
12341,validation
12342,validation
12343,train
12344,train
12345,train
12346,train
12347,train
12348,validation
12349,validation
12350,train
12351,train
12352,train
12353,validation
12354,train
12355,validation
12356,train
12357,validation
12358,validation
12359,train
12360,validation
12361,train
12362,validation
12363,validation
12364,train
12365,train
12366,train
12367,validation
12368,train
12369,validation
12370,train
12371,validation
12372,train
12373,train
12374,train
12375,train
12376,train
12377,validation
12378,train
12379,train
12380,train
12381,train
12382,train
12383,train
12384,train
12385,train
12386,validation
12387,train
12388,train
12389,train
12390,train
12391,validation
12392,train
12393,train
12394,train
12395,validation
12396,train
12397,train
12398,validation
12399,train
12400,validation
12401,train
12402,train
12403,train
12404,train
12405,train
12406,validation
12407,train
12408,train
12409,train
12410,validation
12411,train
12412,validation
12413,train
12414,train
12415,validation
12416,validation
12417,train
12418,train
12419,train
12420,train
12421,train
12422,validation
12423,train
12424,train
12425,train
12426,train
12427,train
12428,train
12429,validation
12430,train
12431,train
12432,train
12433,train
12434,train
12435,train
12436,train
12437,train
12438,train
12439,train
12440,train
12441,validation
12442,train
12443,validation
12444,train
12445,train
12446,train
12447,train
12448,train
12449,train
12450,train
12451,train
12452,train
12453,train
12454,train
12455,validation
12456,train
12457,train
12458,train
12459,train
12460,train
12461,train
12462,train
12463,validation
12464,train
12465,train
12466,train
12467,train
12468,train
12469,train
12470,train
12471,train
12472,train
12473,train
12474,train
12475,validation
12476,train
12477,validation
12478,validation
12479,train
12480,train
12481,train
12482,train
12483,train
12484,train
12485,validation
12486,train
12487,train
12488,validation
12489,train
12490,validation
12491,validation
12492,validation
12493,train
12494,validation
12495,train
12496,train
12497,train
12498,train
12499,train
12500,train
12501,train
12502,train
12503,validation
12504,train
12505,train
12506,train
12507,train
12508,train
12509,train
12510,train
12511,train
12512,train
12513,train
12514,train
12515,train
12516,validation
12517,train
12518,train
12519,train
12520,validation
12521,train
12522,validation
12523,train
12524,train
12525,train
12526,train
12527,train
12528,validation
12529,validation
12530,train
12531,train
12532,train
12533,train
12534,train
12535,train
12536,validation
12537,train
12538,train
12539,train
12540,validation
12541,train
12542,validation
12543,train
12544,validation
12545,train
12546,validation
12547,validation
12548,train
12549,train
12550,validation
12551,train
12552,validation
12553,train
12554,train
12555,train
12556,train
12557,train
12558,train
12559,train
12560,train
12561,train
12562,validation
12563,train
12564,train
12565,train
12566,validation
12567,train
12568,train
12569,train
12570,train
12571,train
12572,validation
12573,validation
12574,validation
12575,train
12576,train
12577,train
12578,train
12579,train
12580,validation
12581,train
12582,train
12583,train
12584,train
12585,train
12586,train
12587,train
12588,train
12589,train
12590,validation
12591,train
12592,train
12593,train
12594,train
12595,train
12596,train
12597,train
12598,train
12599,validation
12600,validation
12601,train
12602,train
12603,train
12604,train
12605,train
12606,train
12607,train
12608,train
12609,train
12610,validation
12611,train
12612,train
12613,train
12614,train
12615,train
12616,train
12617,train
12618,train
12619,train
12620,validation
12621,train
12622,validation
12623,train
12624,train
12625,validation
12626,train
12627,train
12628,train
12629,train
12630,train
12631,train
12632,train
12633,train
12634,train
12635,validation
12636,train
12637,train
12638,validation
12639,train
12640,train
12641,validation
12642,train
12643,validation
12644,train
12645,validation
12646,train
12647,validation
12648,train
12649,train
12650,validation
12651,train
12652,train
12653,validation
12654,train
12655,validation
12656,train
12657,train
12658,train
12659,train
12660,train
12661,train
12662,train
12663,train
12664,validation
12665,train
12666,train
12667,train
12668,validation
12669,validation
12670,validation
12671,train
12672,validation
12673,validation
12674,train
12675,train
12676,train
12677,train
12678,train
12679,train
12680,train
12681,train
12682,validation
12683,train
12684,validation
12685,train
12686,train
12687,validation
12688,train
12689,train
12690,train
12691,train
12692,train
12693,train
12694,train
12695,train
12696,train
12697,train
12698,train
12699,train
12700,train
12701,validation
12702,train
12703,train
12704,train
12705,train
12706,validation
12707,validation
12708,train
12709,train
12710,validation
12711,train
12712,validation
12713,validation
12714,train
12715,train
12716,train
12717,train
12718,train
12719,validation
12720,train
12721,train
12722,validation
12723,validation
12724,train
12725,train
12726,train
12727,validation
12728,train
12729,train
12730,train
12731,train
12732,train
12733,train
12734,train
12735,train
12736,train
12737,validation
12738,train
12739,train
12740,validation
12741,train
12742,train
12743,validation
12744,train
12745,train
12746,train
12747,train
12748,train
12749,train
12750,train
12751,train
12752,train
12753,train
12754,train
12755,train
12756,train
12757,train
12758,train
12759,validation
12760,train
12761,validation
12762,train
12763,train
12764,train
12765,train
12766,train
12767,train
12768,train
12769,validation
12770,train
12771,validation
12772,train
12773,train
12774,validation
12775,validation
12776,train
12777,validation
12778,train
12779,train
12780,train
12781,train
12782,train
12783,train
12784,train
12785,validation
12786,validation
12787,train
12788,train
12789,train
12790,train
12791,train
12792,validation
12793,train
12794,train
12795,train
12796,validation
12797,validation
12798,train
12799,validation
12800,validation
12801,validation
12802,train
12803,train
12804,train
12805,train
12806,train
12807,train
12808,train
12809,train
12810,train
12811,train
12812,train
12813,train
12814,train
12815,train
12816,validation
12817,train
12818,train
12819,train
12820,train
12821,train
12822,validation
12823,train
12824,train
12825,validation
12826,train
12827,train
12828,train
12829,train
12830,train
12831,train
12832,train
12833,validation
12834,train
12835,validation
12836,train
12837,train
12838,train
12839,train
12840,train
12841,train
12842,train
12843,train
12844,train
12845,train
12846,train
12847,train
12848,train
12849,train
12850,train
12851,train
12852,train
12853,train
12854,train
12855,train
12856,train
12857,train
12858,validation
12859,train
12860,train
12861,train
12862,train
12863,validation
12864,validation
12865,train
12866,train
12867,train
12868,train
12869,train
12870,train
12871,train
12872,train
12873,train
12874,validation
12875,train
12876,train
12877,validation
12878,train
12879,train
12880,validation
12881,validation
12882,train
12883,train
12884,validation
12885,train
12886,train
12887,train
12888,train
12889,train
12890,validation
12891,train
12892,train
12893,train
12894,train
12895,validation
12896,train
12897,train
12898,train
12899,validation
12900,validation
12901,train
12902,train
12903,train
12904,train
12905,train
12906,validation
12907,train
12908,train
12909,validation
12910,train
12911,train
12912,train
12913,train
12914,train
12915,validation
12916,train
12917,train
12918,train
12919,train
12920,train
12921,train
12922,train
12923,train
12924,train
12925,train
12926,validation
12927,train
12928,train
12929,validation
12930,train
12931,train
12932,train
12933,train
12934,train
12935,train
12936,train
12937,train
12938,train
12939,train
12940,validation
12941,validation
12942,train
12943,train
12944,train
12945,train
12946,validation
12947,train
12948,train
12949,train
12950,validation
12951,train
12952,train
12953,validation
12954,train
12955,validation
12956,train
12957,validation
12958,train
12959,train
12960,train
12961,validation
12962,train
12963,train
12964,train
12965,train
12966,train
12967,train
12968,train
12969,train
12970,train
12971,train
12972,train
12973,train
12974,train
12975,train
12976,train
12977,train
12978,validation
12979,train
12980,train
12981,train
12982,train
12983,train
12984,train
12985,train
12986,train
12987,train
12988,validation
12989,validation
12990,train
12991,train
12992,validation
12993,validation
12994,train
12995,train
12996,train
12997,train
12998,train
12999,train
13000,train
13001,train
13002,train
13003,train
13004,train
13005,train
13006,train
13007,train
13008,validation
13009,train
13010,train
13011,train
13012,train
13013,train
13014,train
13015,train
13016,train
13017,train
13018,validation
13019,train
13020,validation
13021,train
13022,train
13023,validation
13024,train
13025,train
13026,train
13027,train
13028,train
13029,train
13030,train
13031,train
13032,train
13033,validation
13034,train
13035,train
13036,train
13037,train
13038,train
13039,train
13040,train
13041,train
13042,train
13043,train
13044,train
13045,train
13046,train
13047,train
13048,train
13049,train
13050,train
13051,train
13052,train
13053,train
13054,train
13055,train
13056,validation
13057,validation
13058,train
13059,validation
13060,validation
13061,validation
13062,train
13063,validation
13064,train
13065,train
13066,train
13067,train
13068,train
13069,train
13070,train
13071,train
13072,train
13073,train
13074,train
13075,train
13076,validation
13077,train
13078,validation
13079,train
13080,train
13081,train
13082,train
13083,validation
13084,train
13085,train
13086,train
13087,train
13088,train
13089,train
13090,train
13091,train
13092,train
13093,validation
13094,train
13095,train
13096,validation
13097,train
13098,train
13099,train
13100,train
13101,train
13102,train
13103,validation
13104,train
13105,validation
13106,train
13107,train
13108,train
13109,train
13110,train
13111,validation
13112,train
13113,train
13114,train
13115,train
13116,train
13117,validation
13118,train
13119,train
13120,validation
13121,train
13122,train
13123,train
13124,train
13125,train
13126,train
13127,validation
13128,validation
13129,train
13130,train
13131,train
13132,train
13133,train
13134,train
13135,train
13136,validation
13137,train
13138,train
13139,validation
13140,validation
13141,validation
13142,validation
13143,train
13144,train
13145,train
13146,validation
13147,train
13148,train
13149,train
13150,train
13151,train
13152,train
13153,validation
13154,train
13155,train
13156,train
13157,train
13158,train
13159,train
13160,train
13161,train
13162,train
13163,validation
13164,train
13165,train
13166,train
13167,train
13168,train
13169,train
13170,train
13171,train
13172,validation
13173,train
13174,train
13175,train
13176,train
13177,train
13178,train
13179,train
13180,train
13181,train
13182,train
13183,train
13184,train
13185,train
13186,train
13187,train
13188,train
13189,train
13190,validation
13191,train
13192,train
13193,validation
13194,train
13195,train
13196,train
13197,train
13198,train
13199,validation
13200,validation
13201,validation
13202,train
13203,train
13204,train
13205,train
13206,validation
13207,train
13208,train
13209,train
13210,validation
13211,train
13212,validation
13213,train
13214,validation
13215,train
13216,train
13217,train
13218,train
13219,validation
13220,train
13221,train
13222,train
13223,train
13224,train
13225,train
13226,validation
13227,validation
13228,train
13229,train
13230,train
13231,train
13232,train
13233,train
13234,train
13235,train
13236,train
13237,train
13238,train
13239,train
13240,train
13241,train
13242,train
13243,validation
13244,validation
13245,validation
13246,train
13247,train
13248,train
13249,train
13250,validation
13251,train
13252,train
13253,train
13254,train
13255,train
13256,validation
13257,validation
13258,train
13259,train
13260,validation
13261,train
13262,train
13263,validation
13264,validation
13265,validation
13266,train
13267,train
13268,train
13269,validation
13270,train
13271,train
13272,validation
13273,train
13274,validation
13275,train
13276,train
13277,train
13278,train
13279,train
13280,train
13281,train
13282,train
13283,validation
13284,validation
13285,train
13286,train
13287,train
13288,train
13289,train
13290,train
13291,train
13292,train
13293,validation
13294,train
13295,validation
13296,train
13297,train
13298,train
13299,train
13300,validation
13301,validation
13302,train
13303,train
13304,validation
13305,validation
13306,validation
13307,validation
13308,train
13309,validation
13310,train
13311,validation
13312,train
13313,train
13314,train
13315,train
13316,train
13317,train
13318,train
13319,train
13320,validation
13321,train
13322,train
13323,train
13324,train
13325,train
13326,train
13327,train
13328,train
13329,train
13330,validation
13331,train
13332,train
13333,train
13334,train
13335,train
13336,train
13337,train
13338,train
13339,train
13340,train
13341,train
13342,train
13343,train
13344,train
13345,validation
13346,train
13347,train
13348,train
13349,train
13350,train
13351,train
13352,train
13353,train
13354,validation
13355,train
13356,train
13357,train
13358,train
13359,train
13360,train
13361,train
13362,train
13363,train
13364,train
13365,train
13366,train
13367,train
13368,train
13369,train
13370,train
13371,train
13372,train
13373,train
13374,train
13375,train
13376,train
13377,train
13378,train
13379,train
13380,validation
13381,train
13382,validation
13383,validation
13384,train
13385,train
13386,train
13387,train
13388,validation
13389,train
13390,train
13391,train
13392,train
13393,train
13394,train
13395,train
13396,train
13397,train
13398,train
13399,train
13400,train
13401,train
13402,train
13403,validation
13404,train
13405,train
13406,train
13407,train
13408,train
13409,train
13410,train
13411,train
13412,validation
13413,validation
13414,train
13415,train
13416,validation
13417,train
13418,train
13419,train
13420,train
13421,train
13422,train
13423,train
13424,validation
13425,train
13426,train
13427,train
13428,train
13429,train
13430,train
13431,train
13432,train
13433,validation
13434,train
13435,validation
13436,train
13437,train
13438,train
13439,train
13440,train
13441,validation
13442,train
13443,train
13444,train
13445,validation
13446,train
13447,validation
13448,train
13449,train
13450,train
13451,train
13452,train
13453,train
13454,train
13455,train
13456,train
13457,validation
13458,train
13459,train
13460,train
13461,train
13462,train
13463,train
13464,validation
13465,train
13466,train
13467,train
13468,train
13469,validation
13470,validation
13471,train
13472,train
13473,train
13474,train
13475,train
13476,train
13477,train
13478,train
13479,train
13480,train
13481,train
13482,train
13483,train
13484,train
13485,train
13486,train
13487,validation
13488,train
13489,train
13490,train
13491,train
13492,train
13493,train
13494,train
13495,train
13496,train
13497,train
13498,train
13499,train
13500,validation
13501,train
13502,train
13503,train
13504,train
13505,train
13506,train
13507,train
13508,validation
13509,train
13510,train
13511,train
13512,train
13513,validation
13514,train
13515,train
13516,train
13517,train
13518,train
13519,train
13520,train
13521,train
13522,train
13523,train
13524,train
13525,validation
13526,validation
13527,validation
13528,train
13529,train
13530,train
13531,validation
13532,train
13533,train
13534,train
13535,validation
13536,train
13537,train
13538,train
13539,train
13540,train
13541,train
13542,train
13543,train
13544,train
13545,train
13546,train
13547,train
13548,train
13549,train
13550,train
13551,train
13552,validation
13553,train
13554,validation
13555,validation
13556,validation
13557,train
13558,train
13559,train
13560,train
13561,train
13562,train
13563,train
13564,train
13565,train
13566,train
13567,train
13568,validation
13569,train
13570,train
13571,train
13572,train
13573,train
13574,train
13575,train
13576,validation
13577,train
13578,train
13579,train
13580,train
13581,train
13582,train
13583,train
13584,train
13585,validation
13586,validation
13587,train
13588,train
13589,train
13590,validation
13591,train
13592,train
13593,train
13594,train
13595,train
13596,validation
13597,train
13598,train
13599,train
13600,train
13601,train
13602,train
13603,train
13604,validation
13605,train
13606,train
13607,train
13608,train
13609,train
13610,train
13611,validation
13612,validation
13613,train
13614,train
13615,train
13616,train
13617,train
13618,train
13619,validation
13620,train
13621,validation
13622,train
13623,train
13624,validation
13625,train
13626,validation
13627,validation
13628,validation
13629,train
13630,train
13631,validation
13632,validation
13633,train
13634,train
13635,train
13636,train
13637,train
13638,train
13639,train
13640,validation
13641,train
13642,train
13643,train
13644,train
13645,train
13646,validation
13647,train
13648,train
13649,train
13650,train
13651,train
13652,train
13653,train
13654,train
13655,train
13656,train
13657,train
13658,train
13659,train
13660,validation
13661,train
13662,train
13663,train
13664,validation
13665,train
13666,validation
13667,train
13668,train
13669,train
13670,validation
13671,train
13672,train
13673,train
13674,train
13675,train
13676,validation
13677,train
13678,train
13679,train
13680,train
13681,train
13682,train
13683,train
13684,train
13685,train
13686,train
13687,validation
13688,train
13689,train
13690,train
13691,train
13692,train
13693,train
13694,train
13695,train
13696,train
13697,train
13698,validation
13699,train
13700,train
13701,train
13702,train
13703,train
13704,train
13705,validation
13706,train
13707,validation
13708,train
13709,train
13710,train
13711,train
13712,train
13713,train
13714,train
13715,train
13716,validation
13717,validation
13718,train
13719,train
13720,train
13721,validation
13722,train
13723,validation
13724,train
13725,train
13726,train
13727,train
13728,train
13729,train
13730,validation
13731,train
13732,train
13733,train
13734,train
13735,train
13736,train
13737,train
13738,validation
13739,train
13740,train
13741,validation
13742,train
13743,train
13744,train
13745,train
13746,train
13747,train
13748,train
13749,validation
13750,train
13751,validation
13752,train
13753,train
13754,train
13755,train
13756,validation
13757,validation
13758,train
13759,validation
13760,train
13761,train
13762,train
13763,validation
13764,train
13765,train
13766,train
13767,validation
13768,train
13769,train
13770,train
13771,validation
13772,train
13773,train
13774,train
13775,train
13776,train
13777,train
13778,validation
13779,train
13780,validation
13781,train
13782,train
13783,train
13784,validation
13785,validation
13786,train
13787,train
13788,train
13789,train
13790,train
13791,train
13792,validation
13793,train
13794,train
13795,train
13796,train
13797,train
13798,validation
13799,train
13800,train
13801,train
13802,train
13803,train
13804,validation
13805,train
13806,train
13807,train
13808,train
13809,train
13810,train
13811,train
13812,validation
13813,validation
13814,train
13815,validation
13816,validation
13817,train
13818,train
13819,validation
13820,train
13821,train
13822,train
13823,train
13824,train
13825,train
13826,train
13827,train
13828,train
13829,train
13830,train
13831,train
13832,train
13833,train
13834,train
13835,train
13836,train
13837,train
13838,train
13839,train
13840,train
13841,train
13842,train
13843,train
13844,train
13845,train
13846,train
13847,train
13848,train
13849,train
13850,train
13851,validation
13852,train
13853,train
13854,validation
13855,train
13856,train
13857,train
13858,train
13859,train
13860,validation
13861,validation
13862,train
13863,train
13864,train
13865,train
13866,train
13867,train
13868,validation
13869,train
13870,train
13871,train
13872,train
13873,validation
13874,validation
13875,train
13876,train
13877,train
13878,train
13879,train
13880,train
13881,train
13882,train
13883,train
13884,train
13885,validation
13886,train
13887,train
13888,train
13889,train
13890,train
13891,train
13892,train
13893,train
13894,validation
13895,train
13896,validation
13897,train
13898,validation
13899,train
13900,validation
13901,validation
13902,train
13903,train
13904,train
13905,train
13906,train
13907,train
13908,train
13909,train
13910,train
13911,train
13912,train
13913,train
13914,train
13915,train
13916,train
13917,train
13918,train
13919,train
13920,train
13921,train
13922,train
13923,validation
13924,train
13925,train
13926,validation
13927,train
13928,validation
13929,train
13930,train
13931,train
13932,train
13933,validation
13934,train
13935,train
13936,train
13937,train
13938,train
13939,train
13940,validation
13941,train
13942,train
13943,train
13944,train
13945,validation
13946,train
13947,validation
13948,validation
13949,validation
13950,train
13951,validation
13952,train
13953,train
13954,train
13955,train
13956,train
13957,validation
13958,train
13959,train
13960,validation
13961,train
13962,train
13963,train
13964,validation
13965,train
13966,validation
13967,validation
13968,train
13969,train
13970,train
13971,validation
13972,train
13973,train
13974,train
13975,train
13976,validation
13977,train
13978,train
13979,train
13980,train
13981,train
13982,train
13983,train
13984,train
13985,train
13986,train
13987,train
13988,train
13989,train
13990,train
13991,train
13992,train
13993,train
13994,train
13995,train
13996,validation
13997,train
13998,train
13999,train
14000,train
14001,train
14002,validation
14003,train
14004,train
14005,train
14006,train
14007,train
14008,train
14009,train
14010,train
14011,train
14012,train
14013,train
14014,validation
14015,train
14016,train
14017,validation
14018,train
14019,train
14020,validation
14021,train
14022,train
14023,train
14024,train
14025,train
14026,train
14027,train
14028,train
14029,train
14030,train
14031,train
14032,train
14033,validation
14034,train
14035,train
14036,train
14037,train
14038,train
14039,train
14040,train
14041,train
14042,train
14043,train
14044,train
14045,train
14046,train
14047,train
14048,train
14049,train
14050,validation
14051,train
14052,train
14053,train
14054,validation
14055,train
14056,train
14057,train
14058,validation
14059,validation
14060,validation
14061,train
14062,validation
14063,train
14064,validation
14065,train
14066,train
14067,train
14068,train
14069,train
14070,validation
14071,train
14072,train
14073,train
14074,validation
14075,validation
14076,train
14077,train
14078,train
14079,train
14080,train
14081,train
14082,train
14083,train
14084,validation
14085,train
14086,train
14087,train
14088,train
14089,train
14090,validation
14091,train
14092,train
14093,train
14094,train
14095,train
14096,train
14097,train
14098,train
14099,train
14100,train
14101,train
14102,train
14103,train
14104,train
14105,train
14106,train
14107,validation
14108,train
14109,train
14110,train
14111,train
14112,train
14113,train
14114,train
14115,validation
14116,train
14117,train
14118,train
14119,train
14120,train
14121,train
14122,train
14123,train
14124,train
14125,validation
14126,train
14127,validation
14128,validation
14129,train
14130,train
14131,train
14132,train
14133,validation
14134,train
14135,validation
14136,train
14137,train
14138,train
14139,train
14140,train
14141,train
14142,train
14143,train
14144,train
14145,train
14146,train
14147,validation
14148,validation
14149,validation
14150,train
14151,train
14152,validation
14153,train
14154,train
14155,train
14156,train
14157,train
14158,train
14159,validation
14160,validation
14161,train
14162,train
14163,train
14164,train
14165,train
14166,validation
14167,train
14168,train
14169,train
14170,train
14171,train
14172,train
14173,train
14174,validation
14175,train
14176,train
14177,train
14178,train
14179,validation
14180,train
14181,train
14182,validation
14183,train
14184,train
14185,train
14186,train
14187,train
14188,train
14189,train
14190,train
14191,train
14192,train
14193,train
14194,validation
14195,train
14196,train
14197,train
14198,train
14199,train
14200,train
14201,validation
14202,train
14203,train
14204,train
14205,train
14206,train
14207,validation
14208,train
14209,train
14210,train
14211,train
14212,validation
14213,train
14214,train
14215,train
14216,train
14217,train
14218,train
14219,train
14220,train
14221,train
14222,validation
14223,train
14224,train
14225,train
14226,train
14227,train
14228,train
14229,train
14230,train
14231,validation
14232,train
14233,train
14234,train
14235,validation
14236,train
14237,train
14238,train
14239,train
14240,train
14241,train
14242,train
14243,train
14244,train
14245,validation
14246,validation
14247,train
14248,train
14249,validation
14250,train
14251,train
14252,train
14253,train
14254,train
14255,validation
14256,train
14257,train
14258,validation
14259,train
14260,train
14261,train
14262,train
14263,validation
14264,train
14265,train
14266,train
14267,train
14268,train
14269,train
14270,train
14271,train
14272,train
14273,train
14274,train
14275,train
14276,train
14277,validation
14278,train
14279,train
14280,train
14281,train
14282,validation
14283,train
14284,train
14285,validation
14286,train
14287,train
14288,train
14289,train
14290,train
14291,train
14292,train
14293,validation
14294,train
14295,train
14296,train
14297,train
14298,train
14299,train
14300,train
14301,train
14302,train
14303,train
14304,train
14305,train
14306,train
14307,train
14308,train
14309,train
14310,train
14311,train
14312,train
14313,train
14314,train
14315,train
14316,train
14317,train
14318,train
14319,validation
14320,validation
14321,validation
14322,train
14323,train
14324,train
14325,validation
14326,train
14327,train
14328,train
14329,train
14330,train
14331,validation
14332,train
14333,train
14334,train
14335,validation
14336,validation
14337,train
14338,validation
14339,train
14340,train
14341,train
14342,train
14343,train
14344,train
14345,train
14346,validation
14347,train
14348,train
14349,train
14350,train
14351,train
14352,train
14353,train
14354,train
14355,train
14356,train
14357,train
14358,train
14359,train
14360,train
14361,train
14362,train
14363,train
14364,train
14365,train
14366,train
14367,train
14368,train
14369,train
14370,train
14371,train
14372,train
14373,train
14374,train
14375,train
14376,train
14377,validation
14378,train
14379,train
14380,train
14381,train
14382,train
14383,train
14384,train
14385,train
14386,train
14387,train
14388,train
14389,train
14390,validation
14391,train
14392,train
14393,validation
14394,train
14395,validation
14396,train
14397,train
14398,train
14399,train
14400,train
14401,validation
14402,train
14403,train
14404,validation
14405,validation
14406,train
14407,validation
14408,train
14409,train
14410,train
14411,validation
14412,train
14413,train
14414,validation
14415,train
14416,train
14417,train
14418,train
14419,train
14420,train
14421,train
14422,train
14423,train
14424,train
14425,train
14426,train
14427,train
14428,train
14429,train
14430,train
14431,train
14432,validation
14433,train
14434,train
14435,validation
14436,train
14437,validation
14438,train
14439,validation
14440,train
14441,train
14442,train
14443,train
14444,train
14445,train
14446,train
14447,validation
14448,train
14449,train
14450,train
14451,train
14452,validation
14453,train
14454,validation
14455,train
14456,validation
14457,train
14458,train
14459,train
14460,train
14461,train
14462,train
14463,validation
14464,train
14465,train
14466,train
14467,validation
14468,validation
14469,validation
14470,train
14471,validation
14472,train
14473,train
14474,train
14475,train
14476,validation
14477,train
14478,train
14479,train
14480,validation
14481,train
14482,train
14483,train
14484,train
14485,train
14486,train
14487,train
14488,train
14489,train
14490,train
14491,train
14492,train
14493,train
14494,train
14495,validation
14496,train
14497,train
14498,train
14499,validation
14500,validation
14501,validation
14502,validation
14503,validation
14504,train
14505,train
14506,validation
14507,validation
14508,train
14509,train
14510,train
14511,train
14512,train
14513,train
14514,validation
14515,validation
14516,train
14517,validation
14518,train
14519,train
14520,train
14521,train
14522,validation
14523,train
14524,train
14525,train
14526,train
14527,train
14528,validation
14529,validation
14530,train
14531,train
14532,train
14533,train
14534,train
14535,train
14536,train
14537,train
14538,train
14539,train
14540,train
14541,train
14542,train
14543,validation
14544,validation
14545,validation
14546,train
14547,train
14548,train
14549,train
14550,validation
14551,train
14552,train
14553,train
14554,train
14555,train
14556,train
14557,train
14558,train
14559,train
14560,validation
14561,train
14562,train
14563,validation
14564,validation
14565,train
14566,train
14567,train
14568,train
14569,validation
14570,train
14571,train
14572,train
14573,train
14574,train
14575,train
14576,train
14577,train
14578,train
14579,validation
14580,train
14581,validation
14582,train
14583,validation
14584,train
14585,validation
14586,train
14587,train
14588,validation
14589,train
14590,train
14591,validation
14592,train
14593,train
14594,train
14595,train
14596,train
14597,validation
14598,train
14599,train
14600,validation
14601,validation
14602,train
14603,train
14604,validation
14605,train
14606,validation
14607,train
14608,validation
14609,validation
14610,train
14611,train
14612,train
14613,train
14614,train
14615,train
14616,validation
14617,train
14618,train
14619,train
14620,train
14621,train
14622,train
14623,train
14624,validation
14625,validation
14626,train
14627,train
14628,train
14629,train
14630,train
14631,train
14632,train
14633,train
14634,train
14635,train
14636,train
14637,train
14638,train
14639,train
14640,train
14641,train
14642,train
14643,train
14644,train
14645,train
14646,train
14647,train
14648,train
14649,train
14650,validation
14651,train
14652,train
14653,train
14654,train
14655,train
14656,train
14657,train
14658,train
14659,train
14660,train
14661,validation
14662,train
14663,train
14664,train
14665,train
14666,train
14667,validation
14668,train
14669,train
14670,train
14671,train
14672,train
14673,train
14674,train
14675,train
14676,train
14677,train
14678,train
14679,train
14680,train
14681,train
14682,train
14683,train
14684,validation
14685,train
14686,train
14687,train
14688,train
14689,validation
14690,train
14691,train
14692,train
14693,train
14694,validation
14695,train
14696,validation
14697,train
14698,train
14699,train
14700,train
14701,train
14702,train
14703,train
14704,train
14705,train
14706,train
14707,validation
14708,validation
14709,train
14710,train
14711,train
14712,train
14713,train
14714,train
14715,train
14716,train
14717,validation
14718,train
14719,train
14720,train
14721,train
14722,validation
14723,train
14724,train
14725,train
14726,validation
14727,train
14728,train
14729,train
14730,train
14731,train
14732,train
14733,validation
14734,train
14735,train
14736,validation
14737,train
14738,train
14739,train
14740,train
14741,validation
14742,train
14743,train
14744,train
14745,train
14746,train
14747,train
14748,train
14749,train
14750,train
14751,train
14752,train
14753,validation
14754,validation
14755,train
14756,train
14757,train
14758,train
14759,train
14760,train
14761,train
14762,train
14763,train
14764,train
14765,train
14766,train
14767,train
14768,train
14769,train
14770,train
14771,validation
14772,train
14773,validation
14774,train
14775,train
14776,train
14777,train
14778,train
14779,train
14780,validation
14781,train
14782,train
14783,train
14784,train
14785,train
14786,train
14787,train
14788,train
14789,validation
14790,validation
14791,train
14792,train
14793,train
14794,train
14795,train
14796,train
14797,train
14798,validation
14799,train
14800,train
14801,train
14802,train
14803,train
14804,train
14805,train
14806,train
14807,train
14808,train
14809,train
14810,train
14811,validation
14812,train
14813,train
14814,train
14815,train
14816,train
14817,train
14818,train
14819,validation
14820,train
14821,train
14822,train
14823,train
14824,train
14825,validation
14826,validation
14827,train
14828,train
14829,train
14830,validation
14831,train
14832,validation
14833,train
14834,validation
14835,train
14836,train
14837,validation
14838,validation
14839,train
14840,validation
14841,train
14842,train
14843,train
14844,train
14845,train
14846,train
14847,train
14848,train
14849,train
14850,train
14851,train
14852,train
14853,train
14854,train
14855,train
14856,train
14857,train
14858,train
14859,train
14860,train
14861,validation
14862,train
14863,validation
14864,validation
14865,validation
14866,validation
14867,train
14868,validation
14869,validation
14870,train
14871,validation
14872,train
14873,train
14874,train
14875,train
14876,validation
14877,validation
14878,validation
14879,train
14880,train
14881,train
14882,train
14883,train
14884,train
14885,train
14886,validation
14887,train
14888,train
14889,validation
14890,train
14891,validation
14892,train
14893,train
14894,train
14895,train
14896,validation
14897,train
14898,train
14899,train
14900,train
14901,train
14902,train
14903,train
14904,train
14905,validation
14906,validation
14907,train
14908,train
14909,train
14910,train
14911,train
14912,validation
14913,validation
14914,train
14915,train
14916,train
14917,train
14918,train
14919,train
14920,train
14921,validation
14922,train
14923,train
14924,train
14925,train
14926,train
14927,train
14928,train
14929,train
14930,train
14931,train
14932,train
14933,train
14934,train
14935,train
14936,train
14937,train
14938,validation
14939,train
14940,train
14941,train
14942,train
14943,train
14944,train
14945,train
14946,train
14947,train
14948,train
14949,train
14950,train
14951,train
14952,train
14953,train
14954,train
14955,train
14956,train
14957,train
14958,train
14959,validation
14960,validation
14961,train
14962,train
14963,train
14964,validation
14965,train
14966,train
14967,train
14968,train
14969,train
14970,train
14971,train
14972,train
14973,train
14974,validation
14975,train
14976,train
14977,train
14978,train
14979,train
14980,train
14981,train
14982,train
14983,validation
14984,train
14985,train
14986,train
14987,train
14988,train
14989,train
14990,train
14991,train
14992,train
14993,train
14994,train
14995,validation
14996,train
14997,train
14998,validation
14999,train
15000,train
15001,train
15002,validation
15003,train
15004,train
15005,validation
15006,train
15007,train
15008,train
15009,train
15010,train
15011,train
15012,train
15013,train
15014,train
15015,train
15016,train
15017,train
15018,train
15019,train
15020,train
15021,train
15022,validation
15023,train
15024,train
15025,train
15026,validation
15027,train
15028,train
15029,train
15030,validation
15031,train
15032,validation
15033,train
15034,train
15035,train
15036,train
15037,train
15038,train
15039,train
15040,train
15041,validation
15042,train
15043,train
15044,validation
15045,train
15046,train
15047,train
15048,validation
15049,train
15050,train
15051,train
15052,train
15053,validation
15054,train
15055,train
15056,validation
15057,validation
15058,train
15059,train
15060,train
15061,train
15062,train
15063,validation
15064,train
15065,train
15066,train
15067,train
15068,train
15069,train
15070,train
15071,validation
15072,train
15073,train
15074,train
15075,train
15076,train
15077,train
15078,train
15079,train
15080,train
15081,train
15082,train
15083,train
15084,train
15085,train
15086,train
15087,train
15088,train
15089,train
15090,train
15091,validation
15092,train
15093,validation
15094,train
15095,train
15096,train
15097,train
15098,train
15099,train
15100,train
15101,train
15102,train
15103,train
15104,train
15105,train
15106,validation
15107,validation
15108,train
15109,validation
15110,train
15111,train
15112,train
15113,train
15114,train
15115,validation
15116,validation
15117,train
15118,train
15119,train
15120,validation
15121,train
15122,train
15123,train
15124,train
15125,train
15126,validation
15127,validation
15128,validation
15129,validation
15130,train
15131,train
15132,train
15133,train
15134,validation
15135,train
15136,train
15137,train
15138,train
15139,train
15140,train
15141,train
15142,train
15143,train
15144,validation
15145,train
15146,train
15147,validation
15148,train
15149,validation
15150,validation
15151,train
15152,validation
15153,train
15154,train
15155,validation
15156,validation
15157,train
15158,train
15159,train
15160,train
15161,train
15162,train
15163,train
15164,validation
15165,validation
15166,validation
15167,train
15168,train
15169,validation
15170,train
15171,train
15172,train
15173,train
15174,train
15175,train
15176,train
15177,train
15178,train
15179,train
15180,train
15181,validation
15182,train
15183,validation
15184,train
15185,train
15186,train
15187,train
15188,train
15189,train
15190,train
15191,train
15192,train
15193,train
15194,train
15195,train
15196,train
15197,train
15198,train
15199,validation
15200,validation
15201,train
15202,train
15203,validation
15204,train
15205,train
15206,train
15207,train
15208,train
15209,train
15210,train
15211,train
15212,train
15213,validation
15214,train
15215,train
15216,validation
15217,train
15218,train
15219,validation
15220,train
15221,train
15222,train
15223,train
15224,train
15225,train
15226,train
15227,train
15228,validation
15229,train
15230,train
15231,train
15232,train
15233,train
15234,train
15235,train
15236,train
15237,train
15238,train
15239,train
15240,validation
15241,validation
15242,train
15243,train
15244,train
15245,validation
15246,train
15247,train
15248,train
15249,validation
15250,train
15251,train
15252,validation
15253,train
15254,train
15255,train
15256,train
15257,train
15258,validation
15259,train
15260,train
15261,train
15262,train
15263,train
15264,train
15265,train
15266,train
15267,train
15268,validation
15269,train
15270,train
15271,train
15272,train
15273,train
15274,train
15275,validation
15276,train
15277,train
15278,train
15279,validation
15280,validation
15281,validation
15282,validation
15283,train
15284,validation
15285,validation
15286,train
15287,train
15288,train
15289,train
15290,train
15291,train
15292,train
15293,train
15294,train
15295,train
15296,validation
15297,train
15298,train
15299,train
15300,train
15301,train
15302,train
15303,validation
15304,validation
15305,train
15306,train
15307,train
15308,validation
15309,train
15310,train
15311,train
15312,train
15313,train
15314,train
15315,train
15316,train
15317,validation
15318,train
15319,validation
15320,train
15321,train
15322,train
15323,train
15324,validation
15325,train
15326,train
15327,validation
15328,train
15329,train
15330,validation
15331,train
15332,train
15333,train
15334,train
15335,train
15336,train
15337,validation
15338,train
15339,train
15340,train
15341,train
15342,train
15343,train
15344,train
15345,validation
15346,validation
15347,train
15348,train
15349,train
15350,validation
15351,validation
15352,validation
15353,train
15354,train
15355,train
15356,train
15357,train
15358,train
15359,train
15360,train
15361,train
15362,train
15363,train
15364,validation
15365,train
15366,train
15367,train
15368,train
15369,train
15370,train
15371,train
15372,train
15373,train
15374,train
15375,train
15376,train
15377,validation
15378,validation
15379,validation
15380,train
15381,train
15382,train
15383,train
15384,validation
15385,train
15386,train
15387,train
15388,train
15389,train
15390,train
15391,train
15392,train
15393,train
15394,train
15395,train
15396,validation
15397,train
15398,train
15399,train
15400,train
15401,validation
15402,train
15403,train
15404,train
15405,train
15406,train
15407,train
15408,train
15409,train
15410,train
15411,train
15412,validation
15413,train
15414,train
15415,train
15416,train
15417,validation
15418,train
15419,train
15420,train
15421,train
15422,train
15423,validation
15424,train
15425,validation
15426,train
15427,validation
15428,train
15429,train
15430,train
15431,train
15432,train
15433,train
15434,train
15435,train
15436,train
15437,train
15438,train
15439,train
15440,train
15441,train
15442,validation
15443,train
15444,validation
15445,train
15446,train
15447,train
15448,train
15449,validation
15450,validation
15451,train
15452,train
15453,train
15454,train
15455,train
15456,validation
15457,validation
15458,train
15459,train
15460,validation
15461,train
15462,train
15463,train
15464,validation
15465,train
15466,train
15467,validation
15468,validation
15469,train
15470,validation
15471,train
15472,train
15473,train
15474,validation
15475,validation
15476,train
15477,train
15478,validation
15479,train
15480,train
15481,train
15482,train
15483,validation
15484,train
15485,train
15486,train
15487,validation
15488,train
15489,train
15490,train
15491,validation
15492,train
15493,validation
15494,train
15495,train
15496,train
15497,train
15498,train
15499,train
15500,train
15501,train
15502,train
15503,train
15504,train
15505,validation
15506,train
15507,train
15508,train
15509,train
15510,train
15511,train
15512,train
15513,train
15514,validation
15515,train
15516,train
15517,train
15518,train
15519,train
15520,train
15521,train
15522,train
15523,train
15524,validation
15525,train
15526,validation
15527,train
15528,validation
15529,train
15530,train
15531,train
15532,train
15533,validation
15534,train
15535,train
15536,train
15537,train
15538,train
15539,train
15540,train
15541,train
15542,train
15543,train
15544,train
15545,train
15546,train
15547,train
15548,train
15549,train
15550,train
15551,train
15552,validation
15553,train
15554,train
15555,validation
15556,train
15557,validation
15558,train
15559,train
15560,validation
15561,train
15562,train
15563,train
15564,train
15565,validation
15566,train
15567,train
15568,train
15569,train
15570,train
15571,train
15572,train
15573,train
15574,train
15575,train
15576,train
15577,train
15578,train
15579,train
15580,train
15581,train
15582,train
15583,train
15584,train
15585,train
15586,train
15587,train
15588,validation
15589,train
15590,train
15591,train
15592,train
15593,train
15594,train
15595,train
15596,validation
15597,train
15598,train
15599,train
15600,train
15601,train
15602,train
15603,validation
15604,train
15605,validation
15606,validation
15607,train
15608,train
15609,train
15610,train
15611,train
15612,train
15613,train
15614,train
15615,train
15616,validation
15617,train
15618,train
15619,train
15620,train
15621,train
15622,train
15623,validation
15624,train
15625,train
15626,train
15627,train
15628,train
15629,train
15630,validation
15631,train
15632,train
15633,train
15634,train
15635,validation
15636,validation
15637,train
15638,validation
15639,train
15640,train
15641,train
15642,train
15643,train
15644,train
15645,train
15646,train
15647,train
15648,train
15649,train
15650,train
15651,validation
15652,train
15653,validation
15654,train
15655,train
15656,validation
15657,train
15658,train
15659,validation
15660,train
15661,train
15662,train
15663,validation
15664,train
15665,validation
15666,validation
15667,train
15668,train
15669,train
15670,validation
15671,validation
15672,train
15673,train
15674,train
15675,validation
15676,validation
15677,train
15678,train
15679,train
15680,train
15681,validation
15682,train
15683,train
15684,validation
15685,train
15686,validation
15687,train
15688,validation
15689,validation
15690,train
15691,validation
15692,train
15693,train
15694,train
15695,validation
15696,train
15697,train
15698,train
15699,train
15700,train
15701,validation
15702,train
15703,train
15704,train
15705,train
15706,train
15707,train
15708,train
15709,train
15710,train
15711,train
15712,train
15713,validation
15714,train
15715,validation
15716,train
15717,validation
15718,train
15719,train
15720,train
15721,train
15722,train
15723,validation
15724,validation
15725,validation
15726,validation
15727,train
15728,validation
15729,train
15730,train
15731,train
15732,validation
15733,train
15734,train
15735,train
15736,train
15737,validation
15738,train
15739,train
15740,train
15741,train
15742,train
15743,train
15744,validation
15745,train
15746,train
15747,validation
15748,train
15749,train
15750,train
15751,train
15752,train
15753,train
15754,train
15755,train
15756,train
15757,train
15758,validation
15759,train
15760,train
15761,train
15762,train
15763,train
15764,train
15765,train
15766,train
15767,train
15768,train
15769,train
15770,train
15771,train
15772,train
15773,train
15774,train
15775,validation
15776,train
15777,train
15778,train
15779,train
15780,validation
15781,train
15782,train
15783,validation
15784,validation
15785,train
15786,train
15787,validation
15788,train
15789,train
15790,train
15791,train
15792,train
15793,validation
15794,train
15795,train
15796,train
15797,train
15798,validation
15799,train
15800,train
15801,validation
15802,train
15803,validation
15804,train
15805,train
15806,train
15807,train
15808,validation
15809,train
15810,train
15811,train
15812,validation
15813,train
15814,train
15815,train
15816,train
15817,train
15818,train
15819,train
15820,train
15821,train
15822,train
15823,train
15824,train
15825,validation
15826,train
15827,validation
15828,train
15829,validation
15830,validation
15831,validation
15832,train
15833,validation
15834,train
15835,train
15836,train
15837,train
15838,train
15839,train
15840,train
15841,train
15842,train
15843,train
15844,validation
15845,train
15846,train
15847,train
15848,validation
15849,train
15850,validation
15851,validation
15852,train
15853,train
15854,validation
15855,train
15856,train
15857,train
15858,validation
15859,train
15860,train
15861,train
15862,train
15863,train
15864,train
15865,train
15866,train
15867,train
15868,validation
15869,train
15870,train
15871,train
15872,validation
15873,train
15874,train
15875,train
15876,train
15877,validation
15878,train
15879,train
15880,train
15881,train
15882,train
15883,train
15884,train
15885,train
15886,train
15887,validation
15888,train
15889,train
15890,train
15891,train
15892,train
15893,validation
15894,train
15895,train
15896,train
15897,train
15898,train
15899,train
15900,train
15901,train
15902,train
15903,train
15904,train
15905,train
15906,validation
15907,train
15908,train
15909,validation
15910,train
15911,validation
15912,validation
15913,train
15914,train
15915,train
15916,train
15917,train
15918,train
15919,train
15920,train
15921,validation
15922,train
15923,train
15924,train
15925,train
15926,validation
15927,train
15928,validation
15929,train
15930,train
15931,train
15932,train
15933,train
15934,train
15935,train
15936,validation
15937,train
15938,train
15939,train
15940,train
15941,train
15942,validation
15943,validation
15944,train
15945,train
15946,validation
15947,validation
15948,train
15949,train
15950,train
15951,train
15952,train
15953,train
15954,train
15955,train
15956,validation
15957,validation
15958,validation
15959,train
15960,train
15961,train
15962,validation
15963,train
15964,train
15965,train
15966,train
15967,train
15968,validation
15969,train
15970,train
15971,train
15972,validation
15973,validation
15974,train
15975,train
15976,train
15977,train
15978,train
15979,train
15980,train
15981,train
15982,train
15983,train
15984,train
15985,train
15986,train
15987,train
15988,train
15989,validation
15990,train
15991,train
15992,train
15993,train
15994,train
15995,train
15996,validation
15997,train
15998,train
15999,train
16000,train
16001,validation
16002,train
16003,train
16004,train
16005,train
16006,train
16007,train
16008,train
16009,train
16010,train
16011,train
16012,train
16013,train
16014,train
16015,train
16016,train
16017,train
16018,train
16019,train
16020,train
16021,train
16022,train
16023,train
16024,train
16025,train
16026,train
16027,train
16028,train
16029,validation
16030,train
16031,train
16032,train
16033,train
16034,train
16035,train
16036,train
16037,train
16038,validation
16039,validation
16040,validation
16041,validation
16042,validation
16043,train
16044,validation
16045,train
16046,train
16047,train
16048,validation
16049,train
16050,validation
16051,train
16052,train
16053,train
16054,validation
16055,train
16056,validation
16057,validation
16058,train
16059,train
16060,train
16061,train
16062,validation
16063,train
16064,train
16065,train
16066,validation
16067,validation
16068,validation
16069,train
16070,train
16071,train
16072,train
16073,train
16074,train
16075,train
16076,train
16077,train
16078,train
16079,validation
16080,train
16081,train
16082,train
16083,train
16084,train
16085,train
16086,train
16087,train
16088,validation
16089,train
16090,train
16091,train
16092,train
16093,train
16094,train
16095,train
16096,train
16097,train
16098,train
16099,train
16100,train
16101,train
16102,validation
16103,validation
16104,train
16105,train
16106,train
16107,train
16108,train
16109,train
16110,train
16111,train
16112,train
16113,train
16114,validation
16115,train
16116,train
16117,validation
16118,train
16119,train
16120,train
16121,validation
16122,train
16123,train
16124,train
16125,train
16126,validation
16127,train
16128,train
16129,train
16130,train
16131,train
16132,validation
16133,train
16134,train
16135,train
16136,train
16137,train
16138,train
16139,train
16140,train
16141,validation
16142,train
16143,validation
16144,validation
16145,train
16146,train
16147,train
16148,train
16149,train
16150,train
16151,train
16152,validation
16153,train
16154,train
16155,validation
16156,validation
16157,train
16158,train
16159,train
16160,train
16161,train
16162,train
16163,train
16164,train
16165,train
16166,train
16167,train
16168,train
16169,train
16170,train
16171,train
16172,train
16173,train
16174,validation
16175,train
16176,train
16177,train
16178,validation
16179,train
16180,train
16181,train
16182,train
16183,train
16184,validation
16185,validation
16186,train
16187,train
16188,train
16189,validation
16190,train
16191,train
16192,train
16193,train
16194,validation
16195,train
16196,train
16197,train
16198,validation
16199,validation
16200,validation
16201,train
16202,train
16203,train
16204,train
16205,train
16206,train
16207,validation
16208,validation
16209,train
16210,train
16211,train
16212,train
16213,train
16214,train
16215,train
16216,train
16217,train
16218,train
16219,train
16220,train
16221,validation
16222,validation
16223,train
16224,train
16225,train
16226,train
16227,validation
16228,train
16229,train
16230,train
16231,train
16232,train
16233,train
16234,validation
16235,train
16236,train
16237,validation
16238,train
16239,validation
16240,train
16241,train
16242,train
16243,train
16244,train
16245,train
16246,train
16247,train
16248,train
16249,train
16250,train
16251,train
16252,train
16253,train
16254,train
16255,train
16256,train
16257,validation
16258,train
16259,train
16260,train
16261,train
16262,validation
16263,train
16264,train
16265,train
16266,train
16267,train
16268,train
16269,train
16270,train
16271,train
16272,train
16273,train
16274,train
16275,train
16276,train
16277,validation
16278,validation
16279,train
16280,train
16281,train
16282,train
16283,validation
16284,train
16285,train
16286,validation
16287,train
16288,train
16289,train
16290,train
16291,validation
16292,train
16293,train
16294,train
16295,train
16296,train
16297,train
16298,train
16299,train
16300,validation
16301,validation
16302,train
16303,train
16304,train
16305,train
16306,train
16307,train
16308,train
16309,validation
16310,train
16311,train
16312,train
16313,train
16314,train
16315,train
16316,train
16317,train
16318,train
16319,train
16320,train
16321,train
16322,train
16323,validation
16324,train
16325,train
16326,train
16327,validation
16328,validation
16329,train
16330,train
16331,train
16332,train
16333,train
16334,train
16335,train
16336,train
16337,train
16338,train
16339,train
16340,train
16341,validation
16342,train
16343,train
16344,validation
16345,train
16346,train
16347,train
16348,train
16349,validation
16350,train
16351,train
16352,validation
16353,train
16354,train
16355,validation
16356,train
16357,train
16358,train
16359,train
16360,train
16361,validation
16362,train
16363,train
16364,train
16365,validation
16366,train
16367,train
16368,train
16369,validation
16370,train
16371,validation
16372,train
16373,validation
16374,validation
16375,train
16376,train
16377,validation
16378,train
16379,train
16380,train
16381,train
16382,train
16383,train
16384,train
16385,validation
16386,train
16387,train
16388,train
16389,train
16390,train
16391,train
16392,train
16393,validation
16394,train
16395,train
16396,train
16397,train
16398,train
16399,train
16400,validation
16401,train
16402,train
16403,validation
16404,validation
16405,train
16406,train
16407,train
16408,train
16409,train
16410,train
16411,train
16412,train
16413,train
16414,train
16415,train
16416,train
16417,train
16418,train
16419,train
16420,train
16421,train
16422,train
16423,validation
16424,train
16425,train
16426,train
16427,train
16428,validation
16429,train
16430,train
16431,train
16432,train
16433,train
16434,train
16435,train
16436,train
16437,train
16438,train
16439,validation
16440,train
16441,validation
16442,train
16443,train
16444,train
16445,train
16446,validation
16447,train
16448,validation
16449,train
16450,train
16451,train
16452,train
16453,validation
16454,train
16455,train
16456,train
16457,train
16458,train
16459,train
16460,train
16461,train
16462,train
16463,train
16464,train
16465,train
16466,validation
16467,validation
16468,train
16469,validation
16470,train
16471,train
16472,train
16473,train
16474,train
16475,train
16476,validation
16477,train
16478,train
16479,train
16480,validation
16481,validation
16482,train
16483,validation
16484,train
16485,validation
16486,validation
16487,train
16488,train
16489,train
16490,train
16491,train
16492,train
16493,validation
16494,train
16495,train
16496,train
16497,train
16498,train
16499,train
16500,train
16501,train
16502,validation
16503,train
16504,train
16505,train
16506,train
16507,validation
16508,train
16509,train
16510,train
16511,train
16512,train
16513,train
16514,validation
16515,train
16516,train
16517,train
16518,train
16519,train
16520,train
16521,train
16522,train
16523,train
16524,train
16525,train
16526,train
16527,train
16528,train
16529,train
16530,train
16531,validation
16532,train
16533,train
16534,train
16535,validation
16536,train
16537,validation
16538,train
16539,train
16540,train
16541,train
16542,train
16543,validation
16544,train
16545,train
16546,train
16547,train
16548,train
16549,validation
16550,validation
16551,train
16552,train
16553,train
16554,train
16555,train
16556,train
16557,train
16558,train
16559,train
16560,train
16561,train
16562,train
16563,validation
16564,train
16565,train
16566,validation
16567,train
16568,validation
16569,train
16570,train
16571,train
16572,validation
16573,train
16574,train
16575,validation
16576,train
16577,validation
16578,train
16579,train
16580,train
16581,train
16582,validation
16583,train
16584,train
16585,validation
16586,train
16587,validation
16588,train
16589,validation
16590,train
16591,train
16592,train
16593,train
16594,train
16595,train
16596,train
16597,train
16598,train
16599,train
16600,train
16601,validation
16602,train
16603,train
16604,train
16605,train
16606,train
16607,train
16608,train
16609,validation
16610,train
16611,train
16612,train
16613,train
16614,train
16615,train
16616,train
16617,train
16618,train
16619,train
16620,validation
16621,train
16622,train
16623,validation
16624,train
16625,train
16626,train
16627,train
16628,train
16629,train
16630,train
16631,train
16632,validation
16633,validation
16634,train
16635,train
16636,train
16637,validation
16638,train
16639,train
16640,train
16641,train
16642,train
16643,train
16644,train
16645,validation
16646,validation
16647,train
16648,validation
16649,train
16650,train
16651,train
16652,train
16653,validation
16654,validation
16655,train
16656,train
16657,train
16658,validation
16659,train
16660,train
16661,train
16662,validation
16663,validation
16664,train
16665,train
16666,validation
16667,validation
16668,train
16669,train
16670,train
16671,validation
16672,train
16673,validation
16674,train
16675,train
16676,train
16677,validation
16678,train
16679,validation
16680,train
16681,validation
16682,train
16683,train
16684,train
16685,train
16686,validation
16687,train
16688,train
16689,validation
16690,train
16691,train
16692,train
16693,train
16694,train
16695,train
16696,train
16697,train
16698,validation
16699,train
16700,train
16701,train
16702,validation
16703,train
16704,validation
16705,train
16706,validation
16707,train
16708,train
16709,train
16710,train
16711,train
16712,train
16713,train
16714,train
16715,train
16716,validation
16717,train
16718,validation
16719,train
16720,train
16721,train
16722,train
16723,train
16724,train
16725,train
16726,train
16727,train
16728,train
16729,train
16730,validation
16731,train
16732,validation
16733,train
16734,train
16735,train
16736,validation
16737,train
16738,train
16739,validation
16740,train
16741,train
16742,validation
16743,train
16744,train
16745,train
16746,train
16747,validation
16748,train
16749,train
16750,train
16751,validation
16752,train
16753,train
16754,train
16755,train
16756,train
16757,train
16758,train
16759,validation
16760,train
16761,validation
16762,train
16763,train
16764,train
16765,train
16766,train
16767,train
16768,train
16769,train
16770,validation
16771,train
16772,train
16773,train
16774,train
16775,train
16776,train
16777,validation
16778,validation
16779,train
16780,train
16781,validation
16782,train
16783,train
16784,train
16785,validation
16786,train
16787,train
16788,train
16789,train
16790,train
16791,train
16792,train
16793,train
16794,validation
16795,train
16796,validation
16797,validation
16798,train
16799,train
16800,train
16801,validation
16802,train
16803,train
16804,validation
16805,train
16806,train
16807,validation
16808,train
16809,train
16810,train
16811,train
16812,train
16813,train
16814,train
16815,validation
16816,train
16817,train
16818,validation
16819,train
16820,train
16821,train
16822,train
16823,train
16824,train
16825,train
16826,train
16827,validation
16828,train
16829,train
16830,train
16831,train
16832,train
16833,train
16834,train
16835,train
16836,train
16837,train
16838,train
16839,train
16840,validation
16841,train
16842,train
16843,train
16844,train
16845,train
16846,validation
16847,train
16848,train
16849,train
16850,validation
16851,train
16852,train
16853,train
16854,train
16855,validation
16856,train
16857,train
16858,train
16859,train
16860,validation
16861,train
16862,train
16863,train
16864,validation
16865,train
16866,train
16867,validation
16868,train
16869,train
16870,train
16871,train
16872,validation
16873,validation
16874,validation
16875,validation
16876,train
16877,validation
16878,train
16879,validation
16880,train
16881,train
16882,validation
16883,train
16884,train
16885,train
16886,train
16887,train
16888,train
16889,train
16890,train
16891,train
16892,train
16893,train
16894,train
16895,train
16896,train
16897,train
16898,validation
16899,train
16900,train
16901,train
16902,train
16903,train
16904,train
16905,train
16906,train
16907,train
16908,train
16909,train
16910,train
16911,validation
16912,train
16913,train
16914,train
16915,train
16916,train
16917,train
16918,train
16919,validation
16920,train
16921,train
16922,train
16923,train
16924,train
16925,train
16926,train
16927,train
16928,train
16929,train
16930,train
16931,train
16932,train
16933,train
16934,train
16935,validation
16936,train
16937,train
16938,validation
16939,validation
16940,train
16941,train
16942,train
16943,train
16944,validation
16945,train
16946,train
16947,validation
16948,train
16949,train
16950,train
16951,train
16952,train
16953,train
16954,train
16955,train
16956,train
16957,train
16958,validation
16959,train
16960,validation
16961,train
16962,train
16963,train
16964,train
16965,train
16966,train
16967,train
16968,train
16969,train
16970,train
16971,train
16972,train
16973,validation
16974,train
16975,train
16976,validation
16977,train
16978,validation
16979,train
16980,train
16981,validation
16982,train
16983,validation
16984,train
16985,train
16986,train
16987,train
16988,train
16989,validation
16990,train
16991,train
16992,train
16993,train
16994,train
16995,train
16996,train
16997,validation
16998,train
16999,train
17000,train
17001,train
17002,train
17003,train
17004,train
17005,validation
17006,train
17007,train
17008,train
17009,train
17010,train
17011,train
17012,train
17013,train
17014,train
17015,train
17016,train
17017,train
17018,train
17019,train
17020,train
17021,train
17022,train
17023,validation
17024,train
17025,train
17026,validation
17027,train
17028,validation
17029,train
17030,train
17031,train
17032,train
17033,validation
17034,train
17035,train
17036,train
17037,train
17038,train
17039,train
17040,train
17041,train
17042,train
17043,train
17044,train
17045,train
17046,validation
17047,train
17048,train
17049,train
17050,validation
17051,train
17052,train
17053,train
17054,train
17055,train
17056,validation
17057,validation
17058,train
17059,train
17060,validation
17061,train
17062,train
17063,train
17064,train
17065,train
17066,train
17067,train
17068,train
17069,train
17070,validation
17071,train
17072,train
17073,train
17074,train
17075,train
17076,train
17077,validation
17078,train
17079,train
17080,train
17081,train
17082,validation
17083,train
17084,validation
17085,train
17086,train
17087,train
17088,train
17089,train
17090,train
17091,train
17092,train
17093,validation
17094,train
17095,train
17096,train
17097,train
17098,train
17099,train
17100,train
17101,validation
17102,train
17103,train
17104,validation
17105,validation
17106,train
17107,train
17108,train
17109,train
17110,train
17111,train
17112,train
17113,validation
17114,train
17115,train
17116,validation
17117,train
17118,train
17119,train
17120,train
17121,train
17122,train
17123,validation
17124,train
17125,train
17126,validation
17127,train
17128,train
17129,train
17130,train
17131,validation
17132,train
17133,validation
17134,train
17135,validation
17136,train
17137,train
17138,validation
17139,validation
17140,train
17141,train
17142,train
17143,train
17144,validation
17145,train
17146,train
17147,train
17148,train
17149,train
17150,train
17151,train
17152,train
17153,validation
17154,train
17155,train
17156,train
17157,train
17158,train
17159,train
17160,validation
17161,train
17162,validation
17163,train
17164,train
17165,train
17166,validation
17167,train
17168,validation
17169,validation
17170,validation
17171,train
17172,train
17173,train
17174,train
17175,validation
17176,train
17177,train
17178,train
17179,train
17180,validation
17181,train
17182,train
17183,train
17184,train
17185,validation
17186,train
17187,validation
17188,train
17189,train
17190,train
17191,train
17192,validation
17193,train
17194,train
17195,train
17196,validation
17197,train
17198,train
17199,train
17200,train
17201,train
17202,train
17203,train
17204,train
17205,train
17206,train
17207,train
17208,train
17209,train
17210,train
17211,train
17212,train
17213,train
17214,train
17215,validation
17216,train
17217,train
17218,validation
17219,train
17220,train
17221,train
17222,train
17223,train
17224,train
17225,train
17226,train
17227,train
17228,validation
17229,validation
17230,train
17231,train
17232,train
17233,train
17234,train
17235,train
17236,train
17237,train
17238,validation
17239,train
17240,train
17241,train
17242,train
17243,train
17244,train
17245,train
17246,validation
17247,train
17248,train
17249,train
17250,train
17251,train
17252,validation
17253,train
17254,train
17255,train
17256,train
17257,train
17258,train
17259,train
17260,validation
17261,train
17262,validation
17263,validation
17264,train
17265,train
17266,train
17267,train
17268,train
17269,train
17270,train
17271,train
17272,train
17273,train
17274,train
17275,train
17276,train
17277,train
17278,train
17279,train
17280,validation
17281,train
17282,validation
17283,train
17284,train
17285,train
17286,train
17287,train
17288,train
17289,train
17290,train
17291,train
17292,train
17293,train
17294,train
17295,train
17296,train
17297,train
17298,validation
17299,train
17300,train
17301,train
17302,validation
17303,train
17304,train
17305,train
17306,train
17307,validation
17308,train
17309,train
17310,train
17311,train
17312,train
17313,train
17314,train
17315,train
17316,train
17317,train
17318,train
17319,train
17320,train
17321,train
17322,train
17323,train
17324,train
17325,train
17326,train
17327,train
17328,train
17329,train
17330,train
17331,train
17332,validation
17333,train
17334,train
17335,validation
17336,train
17337,train
17338,train
17339,train
17340,train
17341,validation
17342,train
17343,validation
17344,train
17345,train
17346,train
17347,train
17348,train
17349,validation
17350,train
17351,train
17352,train
17353,train
17354,train
17355,train
17356,train
17357,train
17358,train
17359,train
17360,train
17361,train
17362,train
17363,train
17364,train
17365,train
17366,train
17367,validation
17368,train
17369,train
17370,train
17371,validation
17372,train
17373,train
17374,validation
17375,train
17376,train
17377,validation
17378,train
17379,validation
17380,validation
17381,train
17382,train
17383,train
17384,train
17385,train
17386,train
17387,train
17388,train
17389,train
17390,train
17391,validation
17392,train
17393,validation
17394,train
17395,train
17396,train
17397,train
17398,train
17399,train
17400,validation
17401,train
17402,validation
17403,validation
17404,train
17405,train
17406,train
17407,train
17408,train
17409,validation
17410,train
17411,train
17412,train
17413,validation
17414,train
17415,train
17416,train
17417,train
17418,train
17419,train
17420,train
17421,train
17422,train
17423,train
17424,validation
17425,train
17426,train
17427,train
17428,train
17429,train
17430,train
17431,train
17432,train
17433,train
17434,train
17435,train
17436,train
17437,train
17438,train
17439,validation
17440,validation
17441,train
17442,validation
17443,train
17444,train
17445,train
17446,train
17447,train
17448,train
17449,train
17450,train
17451,train
17452,train
17453,validation
17454,train
17455,validation
17456,train
17457,train
17458,train
17459,train
17460,train
17461,train
17462,validation
17463,train
17464,train
17465,train
17466,train
17467,train
17468,train
17469,validation
17470,train
17471,train
17472,train
17473,train
17474,train
17475,train
17476,train
17477,train
17478,train
17479,train
17480,train
17481,train
17482,train
17483,validation
17484,train
17485,train
17486,train
17487,train
17488,train
17489,train
17490,train
17491,train
17492,train
17493,train
17494,train
17495,validation
17496,train
17497,train
17498,train
17499,train
17500,train
17501,train
17502,train
17503,train
17504,train
17505,train
17506,train
17507,train
17508,train
17509,train
17510,validation
17511,train
17512,train
17513,validation
17514,train
17515,train
17516,train
17517,train
17518,train
17519,train
17520,train
17521,validation
17522,validation
17523,train
17524,validation
17525,train
17526,train
17527,train
17528,train
17529,train
17530,validation
17531,train
17532,validation
17533,train
17534,train
17535,validation
17536,train
17537,train
17538,train
17539,train
17540,train
17541,train
17542,train
17543,train
17544,train
17545,train
17546,validation
17547,validation
17548,validation
17549,validation
17550,validation
17551,validation
17552,train
17553,train
17554,train
17555,train
17556,validation
17557,train
17558,train
17559,validation
17560,train
17561,train
17562,train
17563,train
17564,train
17565,train
17566,train
17567,train
17568,train
17569,validation
17570,validation
17571,train
17572,validation
17573,validation
17574,train
17575,train
17576,train
17577,train
17578,validation
17579,train
17580,train
17581,train
17582,train
17583,train
17584,train
17585,train
17586,train
17587,validation
17588,train
17589,train
17590,train
17591,validation
17592,train
17593,validation
17594,validation
17595,train
17596,train
17597,train
17598,train
17599,train
17600,train
17601,train
17602,train
17603,train
17604,train
17605,train
17606,train
17607,train
17608,train
17609,validation
17610,train
17611,validation
17612,train
17613,validation
17614,train
17615,train
17616,train
17617,train
17618,train
17619,validation
17620,train
17621,train
17622,train
17623,validation
17624,train
17625,validation
17626,validation
17627,validation
17628,train
17629,train
17630,train
17631,train
17632,train
17633,train
17634,train
17635,validation
17636,train
17637,train
17638,validation
17639,train
17640,train
17641,train
17642,train
17643,train
17644,train
17645,train
17646,train
17647,train
17648,train
17649,train
17650,train
17651,train
17652,validation
17653,train
17654,train
17655,train
17656,validation
17657,train
17658,train
17659,train
17660,train
17661,train
17662,train
17663,train
17664,train
17665,train
17666,validation
17667,train
17668,train
17669,train
17670,validation
17671,train
17672,train
17673,train
17674,train
17675,train
17676,train
17677,train
17678,validation
17679,train
17680,train
17681,train
17682,train
17683,train
17684,train
17685,train
17686,train
17687,train
17688,train
17689,validation
17690,train
17691,train
17692,validation
17693,train
17694,train
17695,train
17696,train
17697,validation
17698,train
17699,validation
17700,train
17701,train
17702,validation
17703,validation
17704,train
17705,train
17706,validation
17707,train
17708,train
17709,train
17710,train
17711,train
17712,train
17713,train
17714,train
17715,train
17716,train
17717,train
17718,train
17719,train
17720,train
17721,train
17722,train
17723,train
17724,validation
17725,train
17726,train
17727,train
17728,train
17729,train
17730,train
17731,train
17732,train
17733,train
17734,train
17735,train
17736,train
17737,train
17738,train
17739,train
17740,train
17741,train
17742,train
17743,validation
17744,train
17745,train
17746,train
17747,validation
17748,train
17749,train
17750,validation
17751,validation
17752,train
17753,train
17754,validation
17755,train
17756,train
17757,train
17758,train
17759,train
17760,train
17761,train
17762,train
17763,train
17764,train
17765,validation
17766,train
17767,train
17768,train
17769,train
17770,validation
17771,train
17772,validation
17773,train
17774,train
17775,train
17776,validation
17777,validation
17778,validation
17779,train
17780,validation
17781,train
17782,train
17783,train
17784,train
17785,train
17786,train
17787,train
17788,train
17789,train
17790,train
17791,train
17792,train
17793,train
17794,train
17795,train
17796,train
17797,train
17798,train
17799,train
17800,train
17801,train
17802,validation
17803,validation
17804,validation
17805,train
17806,train
17807,validation
17808,train
17809,validation
17810,train
17811,train
17812,train
17813,train
17814,train
17815,train
17816,train
17817,train
17818,validation
17819,train
17820,validation
17821,train
17822,train
17823,validation
17824,train
17825,validation
17826,train
17827,train
17828,validation
17829,train
17830,train
17831,train
17832,train
17833,train
17834,train
17835,train
17836,train
17837,validation
17838,validation
17839,train
17840,train
17841,train
17842,train
17843,train
17844,train
17845,train
17846,validation
17847,validation
17848,train
17849,train
17850,train
17851,train
17852,train
17853,train
17854,train
17855,train
17856,train
17857,train
17858,train
17859,train
17860,train
17861,train
17862,validation
17863,validation
17864,train
17865,train
17866,train
17867,train
17868,train
17869,train
17870,train
17871,validation
17872,train
17873,validation
17874,validation
17875,validation
17876,train
17877,train
17878,train
17879,train
17880,validation
17881,train
17882,train
17883,train
17884,train
17885,train
17886,train
17887,train
17888,train
17889,train
17890,validation
17891,train
17892,train
17893,validation
17894,train
17895,train
17896,train
17897,train
17898,train
17899,train
17900,train
17901,validation
17902,train
17903,train
17904,train
17905,train
17906,validation
17907,train
17908,train
17909,train
17910,train
17911,validation
17912,train
17913,train
17914,train
17915,train
17916,train
17917,validation
17918,validation
17919,validation
17920,train
17921,train
17922,validation
17923,train
17924,train
17925,train
17926,train
17927,train
17928,validation
17929,train
17930,validation
17931,train
17932,validation
17933,validation
17934,train
17935,train
17936,train
17937,validation
17938,train
17939,train
17940,train
17941,train
17942,train
17943,train
17944,train
17945,train
17946,train
17947,train
17948,train
17949,train
17950,train
17951,validation
17952,train
17953,train
17954,validation
17955,train
17956,train
17957,validation
17958,validation
17959,train
17960,train
17961,train
17962,train
17963,train
17964,train
17965,train
17966,train
17967,train
17968,train
17969,train
17970,train
17971,train
17972,train
17973,train
17974,validation
17975,train
17976,train
17977,train
17978,train
17979,validation
17980,train
17981,train
17982,train
17983,train
17984,train
17985,validation
17986,train
17987,train
17988,train
17989,validation
17990,train
17991,train
17992,validation
17993,validation
17994,train
17995,train
17996,train
17997,train
17998,train
17999,train
18000,train
18001,train
18002,train
18003,train
18004,train
18005,train
18006,train
18007,train
18008,train
18009,train
18010,train
18011,train
18012,validation
18013,train
18014,train
18015,train
18016,train
18017,train
18018,validation
18019,train
18020,train
18021,train
18022,train
18023,validation
18024,train
18025,train
18026,train
18027,train
18028,validation
18029,train
18030,train
18031,validation
18032,train
18033,train
18034,train
18035,train
18036,train
18037,train
18038,train
18039,train
18040,train
18041,train
18042,train
18043,train
18044,validation
18045,train
18046,train
18047,train
18048,train
18049,train
18050,validation
18051,train
18052,train
18053,train
18054,train
18055,validation
18056,train
18057,train
18058,train
18059,train
18060,train
18061,validation
18062,train
18063,train
18064,train
18065,train
18066,validation
18067,train
18068,train
18069,train
18070,train
18071,train
18072,train
18073,train
18074,train
18075,validation
18076,train
18077,train
18078,train
18079,train
18080,train
18081,train
18082,train
18083,train
18084,train
18085,train
18086,train
18087,train
18088,train
18089,train
18090,train
18091,train
18092,validation
18093,train
18094,train
18095,train
18096,train
18097,validation
18098,train
18099,validation
18100,train
18101,train
18102,train
18103,train
18104,train
18105,train
18106,train
18107,validation
18108,train
18109,validation
18110,train
18111,train
18112,validation
18113,validation
18114,train
18115,train
18116,train
18117,train
18118,train
18119,train
18120,train
18121,train
18122,train
18123,train
18124,train
18125,train
18126,train
18127,train
18128,train
18129,train
18130,train
18131,validation
18132,train
18133,train
18134,validation
18135,train
18136,train
18137,train
18138,train
18139,train
18140,train
18141,train
18142,train
18143,train
18144,train
18145,train
18146,train
18147,train
18148,train
18149,train
18150,train
18151,train
18152,train
18153,train
18154,train
18155,validation
18156,train
18157,train
18158,train
18159,validation
18160,train
18161,train
18162,train
18163,train
18164,train
18165,train
18166,train
18167,train
18168,train
18169,train
18170,validation
18171,train
18172,train
18173,train
18174,validation
18175,train
18176,validation
18177,train
18178,train
18179,train
18180,train
18181,train
18182,validation
18183,train
18184,validation
18185,train
18186,train
18187,train
18188,train
18189,train
18190,train
18191,train
18192,train
18193,train
18194,train
18195,validation
18196,train
18197,train
18198,train
18199,validation
18200,train
18201,validation
18202,train
18203,train
18204,train
18205,train
18206,train
18207,train
18208,train
18209,train
18210,train
18211,validation
18212,train
18213,train
18214,train
18215,validation
18216,train
18217,train
18218,train
18219,train
18220,train
18221,train
18222,train
18223,validation
18224,train
18225,train
18226,train
18227,train
18228,train
18229,validation
18230,train
18231,train
18232,validation
18233,train
18234,validation
18235,train
18236,train
18237,train
18238,validation
18239,train
18240,validation
18241,train
18242,train
18243,train
18244,validation
18245,validation
18246,train
18247,train
18248,train
18249,train
18250,validation
18251,train
18252,train
18253,train
18254,train
18255,train
18256,validation
18257,train
18258,train
18259,train
18260,train
18261,train
18262,train
18263,train
18264,train
18265,train
18266,validation
18267,validation
18268,train
18269,train
18270,train
18271,validation
18272,train
18273,train
18274,train
18275,train
18276,validation
18277,train
18278,train
18279,train
18280,train
18281,validation
18282,train
18283,train
18284,train
18285,train
18286,validation
18287,validation
18288,validation
18289,train
18290,train
18291,train
18292,train
18293,train
18294,train
18295,validation
18296,train
18297,train
18298,train
18299,validation
18300,train
18301,train
18302,train
18303,train
18304,train
18305,train
18306,train
18307,validation
18308,train
18309,train
18310,train
18311,train
18312,train
18313,train
18314,train
18315,train
18316,train
18317,train
18318,train
18319,train
18320,validation
18321,train
18322,train
18323,train
18324,validation
18325,train
18326,train
18327,train
18328,train
18329,train
18330,train
18331,train
18332,train
18333,train
18334,train
18335,train
18336,train
18337,train
18338,train
18339,validation
18340,train
18341,train
18342,train
18343,train
18344,train
18345,validation
18346,train
18347,train
18348,train
18349,train
18350,validation
18351,validation
18352,train
18353,train
18354,train
18355,validation
18356,validation
18357,validation
18358,train
18359,train
18360,train
18361,train
18362,train
18363,train
18364,train
18365,train
18366,train
18367,validation
18368,validation
18369,train
18370,train
18371,validation
18372,train
18373,train
18374,train
18375,train
18376,train
18377,train
18378,train
18379,validation
18380,train
18381,train
18382,train
18383,train
18384,validation
18385,train
18386,train
18387,train
18388,train
18389,train
18390,train
18391,train
18392,validation
18393,train
18394,train
18395,train
18396,train
18397,train
18398,validation
18399,train
18400,train
18401,train
18402,train
18403,train
18404,train
18405,train
18406,train
18407,train
18408,train
18409,train
18410,train
18411,train
18412,train
18413,train
18414,train
18415,train
18416,train
18417,train
18418,train
18419,train
18420,train
18421,train
18422,train
18423,train
18424,train
18425,train
18426,train
18427,train
18428,train
18429,train
18430,train
18431,validation
18432,train
18433,train
18434,train
18435,train
18436,validation
18437,train
18438,train
18439,validation
18440,validation
18441,train
18442,train
18443,train
18444,train
18445,train
18446,validation
18447,train
18448,train
18449,train
18450,validation
18451,train
18452,train
18453,train
18454,validation
18455,validation
18456,train
18457,train
18458,train
18459,train
18460,train
18461,train
18462,validation
18463,validation
18464,validation
18465,train
18466,validation
18467,train
18468,train
18469,train
18470,train
18471,train
18472,train
18473,validation
18474,train
18475,train
18476,train
18477,train
18478,train
18479,train
18480,train
18481,train
18482,validation
18483,train
18484,train
18485,train
18486,train
18487,train
18488,train
18489,train
18490,validation
18491,train
18492,train
18493,validation
18494,train
18495,validation
18496,validation
18497,train
18498,train
18499,validation
18500,train
18501,train
18502,validation
18503,train
18504,train
18505,train
18506,train
18507,validation
18508,train
18509,train
18510,train
18511,validation
18512,train
18513,validation
18514,train
18515,train
18516,train
18517,train
18518,validation
18519,train
18520,validation
18521,train
18522,train
18523,train
18524,train
18525,train
18526,validation
18527,validation
18528,train
18529,train
18530,train
18531,validation
18532,train
18533,train
18534,train
18535,train
18536,train
18537,train
18538,train
18539,validation
18540,train
18541,validation
18542,train
18543,train
18544,train
18545,train
18546,train
18547,train
18548,train
18549,validation
18550,validation
18551,train
18552,train
18553,train
18554,train
18555,validation
18556,train
18557,train
18558,train
18559,train
18560,validation
18561,train
18562,train
18563,train
18564,train
18565,train
18566,train
18567,train
18568,train
18569,validation
18570,validation
18571,train
18572,train
18573,train
18574,train
18575,train
18576,train
18577,train
18578,train
18579,train
18580,train
18581,train
18582,train
18583,train
18584,train
18585,train
18586,validation
18587,train
18588,train
18589,train
18590,validation
18591,validation
18592,train
18593,train
18594,train
18595,train
18596,train
18597,train
18598,train
18599,train
18600,train
18601,train
18602,train
18603,train
18604,train
18605,train
18606,train
18607,train
18608,train
18609,train
18610,train
18611,train
18612,train
18613,train
18614,train
18615,train
18616,train
18617,train
18618,validation
18619,train
18620,train
18621,validation
18622,validation
18623,train
18624,train
18625,validation
18626,train
18627,train
18628,train
18629,train
18630,train
18631,train
18632,train
18633,train
18634,train
18635,train
18636,train
18637,train
18638,train
18639,train
18640,train
18641,train
18642,train
18643,train
18644,train
18645,train
18646,train
18647,train
18648,train
18649,train
18650,train
18651,train
18652,train
18653,train
18654,train
18655,train
18656,train
18657,train
18658,validation
18659,train
18660,train
18661,train
18662,train
18663,train
18664,train
18665,train
18666,train
18667,train
18668,train
18669,train
18670,validation
18671,train
18672,validation
18673,train
18674,train
18675,train
18676,train
18677,train
18678,validation
18679,train
18680,train
18681,train
18682,validation
18683,train
18684,train
18685,train
18686,train
18687,train
18688,validation
18689,train
18690,train
18691,validation
18692,train
18693,train
18694,train
18695,train
18696,validation
18697,train
18698,train
18699,train
18700,train
18701,train
18702,train
18703,train
18704,train
18705,train
18706,train
18707,train
18708,train
18709,train
18710,train
18711,train
18712,train
18713,validation
18714,train
18715,train
18716,validation
18717,train
18718,train
18719,train
18720,validation
18721,validation
18722,validation
18723,train
18724,train
18725,validation
18726,validation
18727,train
18728,train
18729,train
18730,train
18731,train
18732,train
18733,train
18734,train
18735,train
18736,train
18737,train
18738,train
18739,train
18740,train
18741,train
18742,train
18743,train
18744,train
18745,train
18746,train
18747,train
18748,train
18749,train
18750,train
18751,train
18752,train
18753,train
18754,validation
18755,train
18756,validation
18757,validation
18758,train
18759,train
18760,train
18761,validation
18762,validation
18763,train
18764,train
18765,train
18766,train
18767,train
18768,train
18769,train
18770,train
18771,validation
18772,train
18773,train
18774,train
18775,validation
18776,validation
18777,train
18778,train
18779,train
18780,train
18781,train
18782,train
18783,train
18784,train
18785,train
18786,train
18787,train
18788,train
18789,train
18790,train
18791,train
18792,train
18793,train
18794,train
18795,train
18796,validation
18797,train
18798,train
18799,train
18800,validation
18801,validation
18802,train
18803,train
18804,validation
18805,train
18806,train
18807,train
18808,train
18809,train
18810,train
18811,validation
18812,train
18813,train
18814,train
18815,train
18816,train
18817,train
18818,train
18819,validation
18820,train
18821,train
18822,train
18823,train
18824,validation
18825,train
18826,train
18827,validation
18828,train
18829,train
18830,train
18831,train
18832,train
18833,train
18834,train
18835,train
18836,train
18837,train
18838,train
18839,validation
18840,train
18841,train
18842,train
18843,train
18844,train
18845,train
18846,train
18847,train
18848,train
18849,train
18850,train
18851,train
18852,train
18853,train
18854,train
18855,validation
18856,validation
18857,train
18858,train
18859,validation
18860,train
18861,train
18862,train
18863,validation
18864,train
18865,train
18866,validation
18867,train
18868,train
18869,train
18870,train
18871,train
18872,train
18873,validation
18874,validation
18875,validation
18876,train
18877,validation
18878,validation
18879,train
18880,train
18881,train
18882,train
18883,train
18884,train
18885,train
18886,train
18887,train
18888,train
18889,validation
18890,train
18891,train
18892,train
18893,train
18894,train
18895,train
18896,train
18897,validation
18898,train
18899,train
18900,train
18901,train
18902,train
18903,train
18904,train
18905,train
18906,train
18907,train
18908,train
18909,train
18910,train
18911,validation
18912,validation
18913,train
18914,train
18915,train
18916,train
18917,train
18918,train
18919,validation
18920,validation
18921,train
18922,validation
18923,train
18924,train
18925,train
18926,train
18927,train
18928,train
18929,train
18930,train
18931,train
18932,train
18933,train
18934,validation
18935,train
18936,train
18937,train
18938,train
18939,train
18940,train
18941,validation
18942,train
18943,train
18944,train
18945,train
18946,train
18947,train
18948,train
18949,train
18950,train
18951,validation
18952,train
18953,train
18954,validation
18955,train
18956,train
18957,train
18958,train
18959,train
18960,train
18961,train
18962,validation
18963,train
18964,validation
18965,train
18966,train
18967,train
18968,train
18969,validation
18970,validation
18971,train
18972,train
18973,train
18974,train
18975,train
18976,train
18977,train
18978,train
18979,train
18980,train
18981,train
18982,train
18983,train
18984,train
18985,train
18986,train
18987,train
18988,validation
18989,train
18990,train
18991,train
18992,train
18993,train
18994,train
18995,validation
18996,train
18997,train
18998,validation
18999,validation
19000,train
19001,train
19002,train
19003,train
19004,validation
19005,train
19006,train
19007,train
19008,train
19009,train
19010,train
19011,train
19012,train
19013,train
19014,train
19015,validation
19016,train
19017,train
19018,train
19019,train
19020,train
19021,train
19022,train
19023,validation
19024,train
19025,train
19026,train
19027,train
19028,validation
19029,validation
19030,train
19031,train
19032,validation
19033,train
19034,train
19035,train
19036,train
19037,train
19038,train
19039,train
19040,validation
19041,validation
19042,train
19043,train
19044,train
19045,train
19046,train
19047,train
19048,train
19049,train
19050,validation
19051,train
19052,train
19053,train
19054,train
19055,validation
19056,validation
19057,train
19058,train
19059,train
19060,train
19061,validation
19062,train
19063,train
19064,train
19065,train
19066,train
19067,train
19068,train
19069,validation
19070,train
19071,train
19072,validation
19073,train
19074,train
19075,train
19076,train
19077,train
19078,train
19079,train
19080,train
19081,train
19082,validation
19083,train
19084,train
19085,validation
19086,train
19087,train
19088,train
19089,train
19090,train
19091,train
19092,train
19093,validation
19094,train
19095,train
19096,validation
19097,train
19098,train
19099,train
19100,train
19101,train
19102,train
19103,train
19104,train
19105,train
19106,train
19107,train
19108,train
19109,train
19110,validation
19111,validation
19112,validation
19113,train
19114,train
19115,train
19116,train
19117,train
19118,train
19119,train
19120,train
19121,validation
19122,train
19123,train
19124,train
19125,train
19126,validation
19127,train
19128,train
19129,validation
19130,validation
19131,validation
19132,train
19133,validation
19134,validation
19135,train
19136,train
19137,train
19138,train
19139,train
19140,train
19141,train
19142,train
19143,validation
19144,train
19145,train
19146,train
19147,validation
19148,train
19149,train
19150,train
19151,train
19152,train
19153,train
19154,train
19155,train
19156,train
19157,train
19158,train
19159,train
19160,train
19161,train
19162,train
19163,validation
19164,train
19165,validation
19166,train
19167,train
19168,train
19169,validation
19170,validation
19171,train
19172,validation
19173,validation
19174,train
19175,validation
19176,train
19177,validation
19178,train
19179,train
19180,train
19181,train
19182,train
19183,train
19184,train
19185,train
19186,train
19187,train
19188,train
19189,train
19190,train
19191,train
19192,train
19193,train
19194,train
19195,validation
19196,train
19197,validation
19198,train
19199,train
19200,train
19201,train
19202,train
19203,train
19204,train
19205,validation
19206,train
19207,validation
19208,validation
19209,validation
19210,train
19211,validation
19212,train
19213,validation
19214,train
19215,train
19216,validation
19217,validation
19218,train
19219,train
19220,train
19221,train
19222,validation
19223,validation
19224,train
19225,train
19226,validation
19227,train
19228,train
19229,validation
19230,train
19231,validation
19232,train
19233,validation
19234,validation
19235,train
19236,train
19237,validation
19238,train
19239,train
19240,train
19241,train
19242,train
19243,train
19244,validation
19245,train
19246,train
19247,train
19248,train
19249,train
19250,train
19251,train
19252,train
19253,train
19254,train
19255,train
19256,train
19257,train
19258,train
19259,train
19260,train
19261,train
19262,train
19263,validation
19264,train
19265,validation
19266,train
19267,train
19268,train
19269,validation
19270,train
19271,train
19272,train
19273,train
19274,train
19275,train
19276,train
19277,train
19278,train
19279,train
19280,train
19281,train
19282,train
19283,validation
19284,validation
19285,validation
19286,validation
19287,train
19288,train
19289,validation
19290,validation
19291,train
19292,train
19293,train
19294,train
19295,train
19296,train
19297,validation
19298,train
19299,validation
19300,train
19301,train
19302,train
19303,train
19304,validation
19305,validation
19306,train
19307,validation
19308,train
19309,train
19310,train
19311,train
19312,train
19313,train
19314,train
19315,train
19316,train
19317,train
19318,train
19319,train
19320,train
19321,train
19322,train
19323,train
19324,train
19325,validation
19326,train
19327,train
19328,validation
19329,train
19330,train
19331,train
19332,train
19333,validation
19334,train
19335,train
19336,train
19337,train
19338,validation
19339,train
19340,train
19341,train
19342,train
19343,validation
19344,train
19345,train
19346,train
19347,train
19348,validation
19349,validation
19350,train
19351,train
19352,train
19353,train
19354,train
19355,train
19356,validation
19357,train
19358,train
19359,train
19360,validation
19361,train
19362,train
19363,validation
19364,train
19365,validation
19366,train
19367,train
19368,train
19369,train
19370,train
19371,train
19372,train
19373,train
19374,train
19375,train
19376,train
19377,train
19378,validation
19379,validation
19380,train
19381,validation
19382,train
19383,train
19384,validation
19385,train
19386,train
19387,train
19388,train
19389,train
19390,train
19391,train
19392,train
19393,train
19394,train
19395,train
19396,train
19397,validation
19398,validation
19399,train
19400,train
19401,train
19402,train
19403,validation
19404,train
19405,validation
19406,validation
19407,train
19408,train
19409,train
19410,validation
19411,train
19412,train
19413,train
19414,train
19415,train
19416,train
19417,validation
19418,train
19419,train
19420,train
19421,train
19422,train
19423,train
19424,train
19425,train
19426,validation
19427,train
19428,train
19429,validation
19430,train
19431,train
19432,train
19433,validation
19434,train
19435,train
19436,train
19437,train
19438,train
19439,train
19440,train
19441,train
19442,train
19443,train
19444,train
19445,train
19446,train
19447,train
19448,train
19449,validation
19450,train
19451,train
19452,train
19453,train
19454,train
19455,train
19456,train
19457,train
19458,train
19459,train
19460,train
19461,train
19462,validation
19463,train
19464,train
19465,train
19466,validation
19467,train
19468,train
19469,train
19470,train
19471,train
19472,train
19473,train
19474,train
19475,train
19476,train
19477,train
19478,train
19479,train
19480,train
19481,train
19482,train
19483,train
19484,validation
19485,train
19486,validation
19487,train
19488,train
19489,train
19490,train
19491,train
19492,validation
19493,train
19494,train
19495,train
19496,validation
19497,train
19498,validation
19499,train
19500,train
19501,train
19502,train
19503,train
19504,train
19505,train
19506,train
19507,train
19508,train
19509,train
19510,train
19511,train
19512,train
19513,train
19514,train
19515,train
19516,train
19517,train
19518,train
19519,train
19520,train
19521,train
19522,train
19523,train
19524,train
19525,train
19526,train
19527,train
19528,train
19529,train
19530,validation
19531,train
19532,train
19533,validation
19534,validation
19535,train
19536,train
19537,validation
19538,validation
19539,train
19540,train
19541,train
19542,train
19543,train
19544,validation
19545,validation
19546,train
19547,train
19548,train
19549,train
19550,train
19551,train
19552,train
19553,train
19554,train
19555,validation
19556,train
19557,train
19558,validation
19559,validation
19560,train
19561,train
19562,train
19563,validation
19564,train
19565,train
19566,train
19567,train
19568,train
19569,train
19570,train
19571,train
19572,validation
19573,train
19574,train
19575,validation
19576,train
19577,train
19578,train
19579,train
19580,train
19581,train
19582,train
19583,train
19584,validation
19585,train
19586,train
19587,train
19588,train
19589,train
19590,train
19591,validation
19592,train
19593,train
19594,train
19595,train
19596,validation
19597,validation
19598,validation
19599,train
19600,train
19601,train
19602,train
19603,train
19604,train
19605,train
19606,train
19607,train
19608,train
19609,train
19610,train
19611,train
19612,train
19613,validation
19614,train
19615,train
19616,train
19617,validation
19618,train
19619,validation
19620,train
19621,validation
19622,train
19623,train
19624,train
19625,validation
19626,train
19627,train
19628,train
19629,validation
19630,train
19631,train
19632,train
19633,train
19634,train
19635,train
19636,validation
19637,train
19638,train
19639,train
19640,validation
19641,train
19642,train
19643,train
19644,train
19645,train
19646,train
19647,train
19648,validation
19649,validation
19650,train
19651,train
19652,train
19653,train
19654,train
19655,validation
19656,train
19657,train
19658,train
19659,train
19660,train
19661,train
19662,train
19663,train
19664,train
19665,validation
19666,validation
19667,train
19668,validation
19669,train
19670,train
19671,train
19672,train
19673,validation
19674,train
19675,train
19676,validation
19677,train
19678,train
19679,train
19680,train
19681,train
19682,train
19683,train
19684,train
19685,train
19686,train
19687,validation
19688,train
19689,validation
19690,train
19691,train
19692,train
19693,train
19694,validation
19695,train
19696,train
19697,train
19698,train
19699,train
19700,validation
19701,train
19702,validation
19703,train
19704,train
19705,train
19706,train
19707,train
19708,train
19709,train
19710,validation
19711,validation
19712,train
19713,train
19714,train
19715,validation
19716,train
19717,train
19718,validation
19719,validation
19720,validation
19721,train
19722,validation
19723,train
19724,train
19725,train
19726,validation
19727,train
19728,train
19729,train
19730,validation
19731,train
19732,train
19733,train
19734,train
19735,validation
19736,train
19737,train
19738,train
19739,validation
19740,train
19741,train
19742,train
19743,train
19744,train
19745,train
19746,train
19747,validation
19748,train
19749,train
19750,validation
19751,train
19752,train
19753,train
19754,train
19755,validation
19756,train
19757,train
19758,train
19759,train
19760,train
19761,validation
19762,train
19763,train
19764,train
19765,train
19766,validation
19767,train
19768,train
19769,validation
19770,validation
19771,train
19772,train
19773,train
19774,validation
19775,train
19776,train
19777,validation
19778,validation
19779,train
19780,train
19781,train
19782,validation
19783,validation
19784,train
19785,train
19786,train
19787,train
19788,train
19789,train
19790,train
19791,train
19792,train
19793,validation
19794,train
19795,train
19796,train
19797,train
19798,train
19799,train
19800,train
19801,train
19802,validation
19803,validation
19804,train
19805,train
19806,train
19807,train
19808,train
19809,validation
19810,train
19811,train
19812,train
19813,train
19814,validation
19815,train
19816,train
19817,train
19818,train
19819,train
19820,train
19821,train
19822,train
19823,train
19824,train
19825,train
19826,train
19827,train
19828,train
19829,validation
19830,train
19831,train
19832,validation
19833,train
19834,validation
19835,validation
19836,train
19837,validation
19838,train
19839,validation
19840,train
19841,train
19842,train
19843,train
19844,train
19845,train
19846,train
19847,validation
19848,train
19849,train
19850,train
19851,train
19852,train
19853,train
19854,validation
19855,train
19856,train
19857,validation
19858,train
19859,validation
19860,train
19861,train
19862,validation
19863,train
19864,train
19865,validation
19866,train
19867,train
19868,train
19869,train
19870,train
19871,train
19872,train
19873,train
19874,train
19875,train
19876,train
19877,validation
19878,train
19879,train
19880,train
19881,train
19882,train
19883,train
19884,train
19885,train
19886,train
19887,train
19888,validation
19889,train
19890,train
19891,train
19892,train
19893,validation
19894,train
19895,train
19896,train
19897,train
19898,train
19899,validation
19900,validation
19901,train
19902,validation
19903,train
19904,validation
19905,validation
19906,validation
19907,train
19908,train
19909,train
19910,train
19911,validation
19912,train
19913,train
19914,train
19915,train
19916,validation
19917,train
19918,train
19919,validation
19920,train
19921,train
19922,validation
19923,train
19924,train
19925,validation
19926,train
19927,train
19928,train
19929,validation
19930,train
19931,train
19932,train
19933,validation
19934,train
19935,validation
19936,train
19937,validation
19938,train
19939,train
19940,train
19941,train
19942,train
19943,train
19944,train
19945,train
19946,train
19947,train
19948,train
19949,train
19950,train
19951,train
19952,train
19953,train
19954,train
19955,train
19956,train
19957,train
19958,validation
19959,train
19960,validation
19961,train
19962,train
19963,train
19964,train
19965,train
19966,train
19967,train
19968,train
19969,validation
19970,train
19971,train
19972,train
19973,train
19974,train
19975,train
19976,train
19977,train
19978,train
19979,train
19980,train
19981,train
19982,train
19983,train
19984,train
19985,train
19986,train
19987,train
19988,train
19989,train
19990,train
19991,validation
19992,train
19993,train
19994,train
19995,validation
19996,train
19997,train
19998,train
19999,train
20000,train
20001,train
20002,train
20003,train
20004,train
20005,validation
20006,train
20007,train
20008,train
20009,validation
20010,validation
20011,train
20012,train
20013,train
20014,validation
20015,train
20016,validation
20017,train
20018,validation
20019,validation
20020,train
20021,train
20022,train
20023,train
20024,train
20025,train
20026,train
20027,validation
20028,train
20029,train
20030,train
20031,train
20032,validation
20033,train
20034,train
20035,train
20036,train
20037,train
20038,validation
20039,train
20040,validation
20041,validation
20042,train
20043,train
20044,validation
20045,validation
20046,train
20047,train
20048,train
20049,train
20050,train
20051,train
20052,train
20053,train
20054,validation
20055,train
20056,train
20057,validation
20058,validation
20059,validation
20060,train
20061,train
20062,train
20063,train
20064,train
20065,train
20066,train
20067,train
20068,validation
20069,train
20070,train
20071,train
20072,train
20073,train
20074,train
20075,train
20076,train
20077,train
20078,train
20079,train
20080,train
20081,train
20082,train
20083,train
20084,train
20085,validation
20086,validation
20087,train
20088,train
20089,train
20090,train
20091,train
20092,train
20093,train
20094,train
20095,train
20096,train
20097,train
20098,train
20099,train
20100,train
20101,train
20102,validation
20103,train
20104,train
20105,train
20106,train
20107,validation
20108,validation
20109,train
20110,train
20111,train
20112,train
20113,train
20114,train
20115,validation
20116,validation
20117,validation
20118,train
20119,validation
20120,train
20121,train
20122,train
20123,train
20124,train
20125,train
20126,train
20127,train
20128,validation
20129,train
20130,train
20131,validation
20132,train
20133,train
20134,train
20135,validation
20136,train
20137,train
20138,train
20139,validation
20140,train
20141,train
20142,train
20143,validation
20144,train
20145,validation
20146,train
20147,validation
20148,train
20149,validation
20150,train
20151,train
20152,validation
20153,train
20154,train
20155,train
20156,train
20157,train
20158,validation
20159,train
20160,train
20161,train
20162,train
20163,validation
20164,train
20165,train
20166,train
20167,train
20168,validation
20169,train
20170,train
20171,train
20172,train
20173,train
20174,train
20175,train
20176,train
20177,train
20178,train
20179,train
20180,train
20181,train
20182,train
20183,validation
20184,train
20185,train
20186,train
20187,validation
20188,train
20189,train
20190,train
20191,validation
20192,train
20193,train
20194,train
20195,validation
20196,train
20197,train
20198,train
20199,train
20200,train
20201,validation
20202,train
20203,train
20204,train
20205,validation
20206,train
20207,train
20208,train
20209,train
20210,train
20211,validation
20212,train
20213,validation
20214,train
20215,train
20216,train
20217,validation
20218,train
20219,validation
20220,validation
20221,train
20222,validation
20223,train
20224,validation
20225,validation
20226,train
20227,train
20228,validation
20229,validation
20230,train
20231,train
20232,train
20233,train
20234,train
20235,train
20236,validation
20237,train
20238,train
20239,train
20240,train
20241,train
20242,train
20243,train
20244,train
20245,train
20246,train
20247,train
20248,train
20249,train
20250,train
20251,train
20252,validation
20253,validation
20254,train
20255,train
20256,train
20257,validation
20258,train
20259,validation
20260,train
20261,train
20262,train
20263,train
20264,train
20265,train
20266,train
20267,train
20268,validation
20269,validation
20270,train
20271,train
20272,train
20273,train
20274,train
20275,train
20276,train
20277,train
20278,train
20279,train
20280,validation
20281,train
20282,train
20283,train
20284,train
20285,train
20286,train
20287,train
20288,train
20289,train
20290,validation
20291,train
20292,train
20293,validation
20294,validation
20295,train
20296,train
20297,train
20298,train
20299,validation
20300,train
20301,train
20302,train
20303,validation
20304,train
20305,validation
20306,train
20307,train
20308,train
20309,train
20310,validation
20311,train
20312,train
20313,train
20314,train
20315,validation
20316,train
20317,train
20318,validation
20319,train
20320,train
20321,train
20322,train
20323,validation
20324,train
20325,validation
20326,validation
20327,train
20328,train
20329,train
20330,validation
20331,train
20332,train
20333,train
20334,train
20335,train
20336,train
20337,train
20338,train
20339,train
20340,train
20341,train
20342,validation
20343,validation
20344,train
20345,train
20346,train
20347,validation
20348,train
20349,train
20350,train
20351,train
20352,train
20353,train
20354,validation
20355,train
20356,train
20357,train
20358,train
20359,train
20360,train
20361,train
20362,train
20363,train
20364,train
20365,train
20366,train
20367,train
20368,train
20369,validation
20370,train
20371,train
20372,train
20373,train
20374,train
20375,train
20376,train
20377,train
20378,train
20379,validation
20380,train
20381,train
20382,train
20383,validation
20384,train
20385,train
20386,validation
20387,train
20388,train
20389,train
20390,train
20391,train
20392,train
20393,validation
20394,train
20395,train
20396,validation
20397,train
20398,train
20399,train
20400,train
20401,validation
20402,validation
20403,train
20404,train
20405,train
20406,train
20407,validation
20408,validation
20409,train
20410,train
20411,train
20412,train
20413,train
20414,train
20415,train
20416,train
20417,train
20418,train
20419,validation
20420,train
20421,validation
20422,train
20423,train
20424,train
20425,train
20426,train
20427,train
20428,train
20429,train
20430,train
20431,train
20432,train
20433,train
20434,train
20435,train
20436,train
20437,train
20438,validation
20439,train
20440,train
20441,train
20442,train
20443,train
20444,train
20445,train
20446,validation
20447,train
20448,train
20449,train
20450,train
20451,train
20452,validation
20453,train
20454,validation
20455,train
20456,train
20457,train
20458,train
20459,train
20460,train
20461,train
20462,validation
20463,validation
20464,train
20465,train
20466,train
20467,train
20468,train
20469,train
20470,train
20471,train
20472,validation
20473,train
20474,validation
20475,train
20476,train
20477,train
20478,train
20479,train
20480,train
20481,validation
20482,train
20483,validation
20484,train
20485,train
20486,validation
20487,train
20488,train
20489,train
20490,train
20491,train
20492,train
20493,train
20494,train
20495,train
20496,validation
20497,train
20498,validation
20499,train
20500,train
20501,train
20502,validation
20503,validation
20504,train
20505,train
20506,train
20507,train
20508,validation
20509,train
20510,validation
20511,train
20512,validation
20513,train
20514,train
20515,train
20516,train
20517,train
20518,train
20519,train
20520,validation
20521,train
20522,train
20523,train
20524,validation
20525,train
20526,validation
20527,train
20528,train
20529,train
20530,validation
20531,validation
20532,validation
20533,validation
20534,train
20535,train
20536,train
20537,validation
20538,train
20539,train
20540,validation
20541,train
20542,validation
20543,validation
20544,train
20545,validation
20546,validation
20547,train
20548,validation
20549,validation
20550,train
20551,train
20552,train
20553,train
20554,train
20555,train
20556,validation
20557,validation
20558,train
20559,train
20560,train
20561,train
20562,train
20563,train
20564,train
20565,validation
20566,train
20567,train
20568,train
20569,train
20570,validation
20571,train
20572,train
20573,validation
20574,validation
20575,train
20576,train
20577,validation
20578,validation
20579,train
20580,train
20581,train
20582,train
20583,train
20584,train
20585,train
20586,train
20587,train
20588,train
20589,train
20590,train
20591,train
20592,train
20593,train
20594,train
20595,train
20596,train
20597,train
20598,train
20599,validation
20600,train
20601,train
20602,train
20603,train
20604,train
20605,train
20606,train
20607,train
20608,train
20609,train
20610,train
20611,train
20612,train
20613,validation
20614,train
20615,train
20616,train
20617,train
20618,train
20619,train
20620,validation
20621,train
20622,train
20623,validation
20624,train
20625,validation
20626,train
20627,train
20628,train
20629,train
20630,train
20631,train
20632,train
20633,train
20634,train
20635,validation
20636,validation
20637,train
20638,train
20639,train
20640,validation
20641,train
20642,train
20643,train
20644,train
20645,validation
20646,train
20647,train
20648,train
20649,validation
20650,train
20651,validation
20652,validation
20653,validation
20654,train
20655,train
20656,train
20657,train
20658,train
20659,train
20660,train
20661,train
20662,train
20663,train
20664,train
20665,train
20666,validation
20667,validation
20668,train
20669,train
20670,train
20671,train
20672,train
20673,validation
20674,train
20675,validation
20676,validation
20677,train
20678,validation
20679,train
20680,train
20681,train
20682,train
20683,train
20684,train
20685,validation
20686,validation
20687,train
20688,validation
20689,train
20690,train
20691,train
20692,validation
20693,train
20694,train
20695,train
20696,validation
20697,train
20698,train
20699,train
20700,train
20701,train
20702,validation
20703,validation
20704,train
20705,train
20706,validation
20707,validation
20708,validation
20709,train
20710,validation
20711,train
20712,train
20713,train
20714,train
20715,train
20716,validation
20717,train
20718,train
20719,train
20720,train
20721,validation
20722,train
20723,validation
20724,train
20725,train
20726,train
20727,train
20728,train
20729,train
20730,validation
20731,validation
20732,validation
20733,train
20734,train
20735,train
20736,validation
20737,validation
20738,train
20739,validation
20740,train
20741,train
20742,validation
20743,validation
20744,train
20745,train
20746,train
20747,train
20748,train
20749,train
20750,train
20751,train
20752,validation
20753,train
20754,validation
20755,train
20756,train
20757,train
20758,train
20759,train
20760,validation
20761,train
20762,validation
20763,validation
20764,train
20765,validation
20766,validation
20767,train
20768,validation
20769,train
20770,train
20771,train
20772,train
20773,validation
20774,train
20775,train
20776,train
20777,train
20778,train
20779,train
20780,validation
20781,validation
20782,train
20783,train
20784,validation
20785,train
20786,validation
20787,train
20788,train
20789,train
20790,validation
20791,train
20792,validation
20793,train
20794,train
20795,validation
20796,train
20797,train
20798,train
20799,train
20800,train
20801,train
20802,validation
20803,train
20804,validation
20805,validation
20806,train
20807,train
20808,train
20809,train
20810,validation
20811,train
20812,train
20813,train
20814,train
20815,train
20816,train
20817,train
20818,train
20819,validation
20820,train
20821,train
20822,train
20823,train
20824,train
20825,train
20826,train
20827,train
20828,train
20829,train
20830,train
20831,train
20832,train
20833,train
20834,validation
20835,train
20836,validation
20837,train
20838,train
20839,train
20840,validation
20841,train
20842,train
20843,train
20844,train
20845,train
20846,train
20847,train
20848,train
20849,train
20850,validation
20851,validation
20852,train
20853,train
20854,train
20855,train
20856,validation
20857,train
20858,train
20859,validation
20860,train
20861,train
20862,train
20863,validation
20864,train
20865,train
20866,train
20867,validation
20868,train
20869,validation
20870,validation
20871,train
20872,train
20873,train
20874,train
20875,validation
20876,train
20877,train
20878,train
20879,validation
20880,train
20881,validation
20882,validation
20883,train
20884,validation
20885,train
20886,validation
20887,validation
20888,validation
20889,train
20890,train
20891,train
20892,validation
20893,train
20894,train
20895,validation
20896,train
20897,train
20898,train
20899,train
20900,train
20901,train
20902,validation
20903,train
20904,validation
20905,train
20906,train
20907,train
20908,train
20909,train
20910,train
20911,validation
20912,train
20913,validation
20914,train
20915,train
20916,train
20917,validation
20918,train
20919,validation
20920,train
20921,train
20922,validation
20923,train
20924,train
20925,train
20926,train
20927,train
20928,train
20929,train
20930,train
20931,train
20932,validation
20933,train
20934,train
20935,train
20936,train
20937,train
20938,train
20939,validation
20940,train
20941,train
20942,train
20943,train
20944,train
20945,train
20946,train
20947,train
20948,validation
20949,train
20950,validation
20951,train
20952,train
20953,train
20954,validation
20955,train
20956,train
20957,train
20958,train
20959,train
20960,train
20961,validation
20962,validation
20963,train
20964,validation
20965,train
20966,train
20967,train
20968,train
20969,train
20970,train
20971,validation
20972,train
20973,train
20974,validation
20975,train
20976,train
20977,train
20978,validation
20979,validation
20980,train
20981,train
20982,train
20983,train
20984,train
20985,train
20986,train
20987,train
20988,validation
20989,train
20990,train
20991,train
20992,train
20993,validation
20994,validation
20995,train
20996,train
20997,validation
20998,validation
20999,train
21000,train
21001,train
21002,train
21003,train
21004,train
21005,train
21006,train
21007,train
21008,train
21009,validation
21010,train
21011,validation
21012,train
21013,train
21014,validation
21015,train
21016,train
21017,train
21018,train
21019,validation
21020,train
21021,train
21022,train
21023,train
21024,train
21025,validation
21026,train
21027,train
21028,train
21029,train
21030,train
21031,train
21032,train
21033,validation
21034,train
21035,train
21036,train
21037,train
21038,train
21039,train
21040,train
21041,train
21042,train
21043,validation
21044,train
21045,train
21046,train
21047,train
21048,train
21049,train
21050,train
21051,train
21052,train
21053,validation
21054,train
21055,validation
21056,train
21057,train
21058,train
21059,validation
21060,train
21061,train
21062,train
21063,train
21064,train
21065,validation
21066,train
21067,validation
21068,train
21069,train
21070,train
21071,validation
21072,train
21073,train
21074,train
21075,train
21076,validation
21077,train
21078,train
21079,train
21080,train
21081,train
21082,train
21083,train
21084,train
21085,train
21086,train
21087,validation
21088,train
21089,validation
21090,train
21091,train
21092,train
21093,train
21094,train
21095,train
21096,train
21097,train
21098,train
21099,train
21100,validation
21101,train
21102,train
21103,validation
21104,train
21105,train
21106,train
21107,train
21108,train
21109,train
21110,train
21111,train
21112,train
21113,train
21114,validation
21115,train
21116,train
21117,train
21118,train
21119,train
21120,validation
21121,train
21122,validation
21123,train
21124,train
21125,train
21126,train
21127,train
21128,train
21129,train
21130,train
21131,train
21132,train
21133,train
21134,validation
21135,train
21136,train
21137,train
21138,train
21139,train
21140,validation
21141,train
21142,validation
21143,train
21144,train
21145,validation
21146,train
21147,train
21148,train
21149,train
21150,train
21151,train
21152,train
21153,train
21154,validation
21155,train
21156,train
21157,train
21158,train
21159,train
21160,train
21161,train
21162,train
21163,validation
21164,train
21165,validation
21166,train
21167,train
21168,train
21169,train
21170,train
21171,train
21172,train
21173,train
21174,train
21175,train
21176,train
21177,train
21178,validation
21179,train
21180,validation
21181,validation
21182,validation
21183,train
21184,train
21185,train
21186,train
21187,train
21188,train
21189,train
21190,train
21191,train
21192,train
21193,validation
21194,train
21195,validation
21196,train
21197,train
21198,train
21199,train
21200,train
21201,train
21202,train
21203,validation
21204,train
21205,validation
21206,validation
21207,validation
21208,train
21209,train
21210,train
21211,train
21212,train
21213,train
21214,validation
21215,train
21216,train
21217,train
21218,train
21219,train
21220,train
21221,train
21222,train
21223,train
21224,train
21225,train
21226,train
21227,validation
21228,train
21229,validation
21230,validation
21231,train
21232,train
21233,train
21234,train
21235,train
21236,train
21237,train
21238,train
21239,train
21240,train
21241,validation
21242,train
21243,train
21244,train
21245,validation
21246,validation
21247,train
21248,train
21249,train
21250,train
21251,train
21252,train
21253,train
21254,train
21255,train
21256,train
21257,train
21258,train
21259,train
21260,train
21261,validation
21262,validation
21263,train
21264,train
21265,train
21266,train
21267,train
21268,train
21269,validation
21270,validation
21271,train
21272,train
21273,train
21274,train
21275,train
21276,train
21277,validation
21278,train
21279,train
21280,train
21281,train
21282,train
21283,train
21284,train
21285,validation
21286,train
21287,train
21288,train
21289,train
21290,train
21291,train
21292,train
21293,train
21294,train
21295,train
21296,train
21297,train
21298,train
21299,train
21300,train
21301,train
21302,train
21303,train
21304,validation
21305,train
21306,train
21307,train
21308,train
21309,train
21310,train
21311,train
21312,train
21313,train
21314,train
21315,train
21316,train
21317,train
21318,train
21319,train
21320,validation
21321,train
21322,train
21323,train
21324,train
21325,train
21326,train
21327,validation
21328,train
21329,validation
21330,train
21331,validation
21332,train
21333,train
21334,train
21335,train
21336,train
21337,train
21338,train
21339,train
21340,train
21341,train
21342,train
21343,train
21344,train
21345,train
21346,validation
21347,train
21348,train
21349,train
21350,train
21351,train
21352,train
21353,train
21354,train
21355,train
21356,validation
21357,train
21358,validation
21359,train
21360,train
21361,train
21362,train
21363,train
21364,train
21365,train
21366,validation
21367,train
21368,validation
21369,train
21370,train
21371,train
21372,train
21373,train
21374,train
21375,train
21376,train
21377,train
21378,train
21379,train
21380,train
21381,train
21382,validation
21383,validation
21384,validation
21385,train
21386,train
21387,train
21388,validation
21389,train
21390,train
21391,train
21392,train
21393,train
21394,train
21395,train
21396,train
21397,validation
21398,train
21399,train
21400,train
21401,train
21402,train
21403,train
21404,train
21405,train
21406,train
21407,train
21408,validation
21409,train
21410,validation
21411,train
21412,validation
21413,validation
21414,train
21415,train
21416,validation
21417,train
21418,train
21419,validation
21420,train
21421,train
21422,validation
21423,train
21424,train
21425,train
21426,train
21427,train
21428,train
21429,train
21430,train
21431,train
21432,train
21433,train
21434,train
21435,train
21436,validation
21437,train
21438,train
21439,train
21440,train
21441,train
21442,train
21443,train
21444,validation
21445,train
21446,train
21447,validation
21448,train
21449,train
21450,train
21451,validation
21452,train
21453,train
21454,train
21455,validation
21456,train
21457,train
21458,train
21459,train
21460,validation
21461,validation
21462,validation
21463,train
21464,train
21465,train
21466,train
21467,train
21468,train
21469,train
21470,train
21471,train
21472,train
21473,train
21474,train
21475,validation
21476,validation
21477,validation
21478,validation
21479,validation
21480,train
21481,train
21482,train
21483,train
21484,train
21485,train
21486,train
21487,validation
21488,train
21489,train
21490,train
21491,train
21492,train
21493,train
21494,train
21495,train
21496,train
21497,validation
21498,train
21499,train
21500,train
21501,validation
21502,train
21503,train
21504,validation
21505,train
21506,train
21507,train
21508,train
21509,train
21510,train
21511,train
21512,train
21513,train
21514,train
21515,train
21516,train
21517,train
21518,train
21519,train
21520,train
21521,train
21522,validation
21523,validation
21524,train
21525,validation
21526,train
21527,train
21528,train
21529,train
21530,train
21531,train
21532,train
21533,train
21534,validation
21535,train
21536,train
21537,train
21538,train
21539,train
21540,train
21541,train
21542,train
21543,train
21544,train
21545,train
21546,train
21547,train
21548,train
21549,train
21550,train
21551,train
21552,train
21553,train
21554,train
21555,validation
21556,train
21557,train
21558,train
21559,validation
21560,train
21561,train
21562,train
21563,train
21564,train
21565,train
21566,train
21567,train
21568,validation
21569,train
21570,train
21571,validation
21572,validation
21573,train
21574,validation
21575,train
21576,train
21577,train
21578,train
21579,train
21580,train
21581,train
21582,validation
21583,train
21584,train
21585,train
21586,train
21587,train
21588,train
21589,train
21590,validation
21591,train
21592,train
21593,train
21594,train
21595,train
21596,validation
21597,train
21598,train
21599,validation
21600,train
21601,train
21602,train
21603,train
21604,validation
21605,train
21606,train
21607,validation
21608,train
21609,train
21610,train
21611,train
21612,train
21613,train
21614,train
21615,train
21616,train
21617,train
21618,train
21619,train
21620,train
21621,validation
21622,train
21623,train
21624,train
21625,train
21626,train
21627,train
21628,train
21629,train
21630,train
21631,train
21632,train
21633,train
21634,train
21635,train
21636,validation
21637,train
21638,validation
21639,train
21640,train
21641,train
21642,train
21643,validation
21644,train
21645,train
21646,train
21647,train
21648,train
21649,validation
21650,train
21651,train
21652,train
21653,train
21654,train
21655,train
21656,train
21657,train
21658,train
21659,train
21660,train
21661,validation
21662,train
21663,validation
21664,validation
21665,train
21666,train
21667,validation
21668,train
21669,train
21670,train
21671,train
21672,train
21673,train
21674,train
21675,train
21676,train
21677,validation
21678,train
21679,train
21680,train
21681,train
21682,validation
21683,train
21684,train
21685,train
21686,train
21687,train
21688,train
21689,train
21690,train
21691,validation
21692,train
21693,train
21694,train
21695,train
21696,train
21697,train
21698,train
21699,train
21700,train
21701,train
21702,train
21703,train
21704,train
21705,train
21706,train
21707,train
21708,train
21709,train
21710,train
21711,train
21712,train
21713,train
21714,train
21715,train
21716,train
21717,train
21718,train
21719,validation
21720,train
21721,train
21722,train
21723,train
21724,train
21725,validation
21726,train
21727,train
21728,validation
21729,train
21730,train
21731,train
21732,train
21733,train
21734,train
21735,train
21736,train
21737,train
21738,train
21739,train
21740,validation
21741,train
21742,train
21743,train
21744,train
21745,train
21746,validation
21747,train
21748,validation
21749,train
21750,train
21751,train
21752,train
21753,train
21754,train
21755,train
21756,train
21757,validation
21758,validation
21759,train
21760,train
21761,train
21762,train
21763,train
21764,train
21765,validation
21766,train
21767,train
21768,train
21769,validation
21770,validation
21771,train
21772,train
21773,train
21774,train
21775,train
21776,train
21777,train
21778,train
21779,train
21780,validation
21781,train
21782,train
21783,train
21784,train
21785,validation
21786,train
21787,validation
21788,validation
21789,train
21790,train
21791,train
21792,train
21793,train
21794,validation
21795,validation
21796,train
21797,validation
21798,train
21799,train
21800,train
21801,train
21802,train
21803,train
21804,train
21805,train
21806,train
21807,validation
21808,train
21809,train
21810,train
21811,train
21812,train
21813,train
21814,train
21815,train
21816,train
21817,train
21818,train
21819,train
21820,train
21821,train
21822,train
21823,train
21824,train
21825,train
21826,train
21827,train
21828,train
21829,validation
21830,train
21831,train
21832,train
21833,validation
21834,validation
21835,train
21836,train
21837,train
21838,validation
21839,train
21840,train
21841,train
21842,train
21843,validation
21844,train
21845,train
21846,train
21847,train
21848,validation
21849,train
21850,train
21851,train
21852,validation
21853,validation
21854,train
21855,train
21856,train
21857,validation
21858,train
21859,train
21860,train
21861,train
21862,train
21863,validation
21864,validation
21865,train
21866,train
21867,train
21868,train
21869,train
21870,train
21871,train
21872,train
21873,train
21874,train
21875,train
21876,validation
21877,train
21878,validation
21879,train
21880,train
21881,train
21882,train
21883,validation
21884,validation
21885,train
21886,train
21887,train
21888,train
21889,train
21890,validation
21891,train
21892,train
21893,train
21894,train
21895,validation
21896,train
21897,train
21898,train
21899,train
21900,validation
21901,train
21902,validation
21903,validation
21904,train
21905,train
21906,train
21907,validation
21908,train
21909,train
21910,train
21911,train
21912,train
21913,train
21914,train
21915,train
21916,train
21917,train
21918,train
21919,validation
21920,validation
21921,train
21922,train
21923,train
21924,train
21925,validation
21926,train
21927,train
21928,train
21929,train
21930,train
21931,validation
21932,train
21933,train
21934,train
21935,train
21936,train
21937,train
21938,validation
21939,train
21940,train
21941,train
21942,validation
21943,validation
21944,train
21945,train
21946,validation
21947,train
21948,train
21949,train
21950,train
21951,validation
21952,validation
21953,train
21954,train
21955,validation
21956,train
21957,validation
21958,train
21959,train
21960,train
21961,train
21962,validation
21963,train
21964,train
21965,train
21966,train
21967,train
21968,train
21969,train
21970,train
21971,train
21972,train
21973,train
21974,train
21975,validation
21976,train
21977,train
21978,train
21979,train
21980,validation
21981,train
21982,train
21983,train
21984,train
21985,train
21986,train
21987,train
21988,train
21989,train
21990,validation
21991,train
21992,train
21993,validation
21994,train
21995,train
21996,train
21997,train
21998,train
21999,train
22000,train
22001,train
22002,train
22003,train
22004,train
22005,train
22006,train
22007,validation
22008,train
22009,validation
22010,train
22011,validation
22012,train
22013,validation
22014,train
22015,validation
22016,train
22017,validation
22018,train
22019,train
22020,validation
22021,validation
22022,train
22023,train
22024,train
22025,train
22026,train
22027,validation
22028,train
22029,train
22030,train
22031,train
22032,train
22033,train
22034,train
22035,train
22036,train
22037,train
22038,train
22039,train
22040,train
22041,train
22042,train
22043,validation
22044,validation
22045,train
22046,validation
22047,train
22048,validation
22049,train
22050,validation
22051,train
22052,validation
22053,train
22054,validation
22055,validation
22056,train
22057,validation
22058,train
22059,train
22060,train
22061,train
22062,validation
22063,validation
22064,train
22065,train
22066,train
22067,train
22068,train
22069,train
22070,train
22071,validation
22072,train
22073,train
22074,train
22075,train
22076,train
22077,train
22078,train
22079,train
22080,train
22081,train
22082,train
22083,train
22084,train
22085,train
22086,train
22087,train
22088,train
22089,train
22090,train
22091,train
22092,train
22093,train
22094,validation
22095,train
22096,validation
22097,train
22098,train
22099,train
22100,train
22101,train
22102,train
22103,train
22104,validation
22105,train
22106,train
22107,train
22108,train
22109,validation
22110,train
22111,train
22112,train
22113,train
22114,validation
22115,train
22116,train
22117,train
22118,train
22119,train
22120,train
22121,train
22122,train
22123,train
22124,train
22125,train
22126,train
22127,train
22128,train
22129,validation
22130,validation
22131,train
22132,train
22133,train
22134,train
22135,validation
22136,train
22137,train
22138,train
22139,train
22140,train
22141,train
22142,train
22143,train
22144,train
22145,train
22146,train
22147,validation
22148,train
22149,train
22150,train
22151,train
22152,validation
22153,train
22154,train
22155,train
22156,train
22157,train
22158,train
22159,train
22160,train
22161,validation
22162,train
22163,train
22164,train
22165,train
22166,train
22167,train
22168,train
22169,train
22170,train
22171,train
22172,train
22173,train
22174,train
22175,train
22176,validation
22177,validation
22178,train
22179,train
22180,train
22181,train
22182,train
22183,validation
22184,train
22185,train
22186,train
22187,train
22188,train
22189,train
22190,train
22191,train
22192,train
22193,train
22194,train
22195,train
22196,train
22197,train
22198,validation
22199,train
22200,train
22201,train
22202,train
22203,train
22204,train
22205,train
22206,train
22207,train
22208,train
22209,train
22210,train
22211,validation
22212,train
22213,train
22214,train
22215,train
22216,train
22217,train
22218,train
22219,train
22220,train
22221,validation
22222,train
22223,train
22224,validation
22225,train
22226,train
22227,train
22228,train
22229,train
22230,train
22231,train
22232,train
22233,train
22234,train
22235,train
22236,train
22237,train
22238,train
22239,train
22240,train
22241,train
22242,train
22243,train
22244,train
22245,train
22246,train
22247,train
22248,train
22249,train
22250,train
22251,train
22252,train
22253,train
22254,validation
22255,validation
22256,train
22257,train
22258,train
22259,train
22260,validation
22261,train
22262,validation
22263,validation
22264,train
22265,train
22266,train
22267,train
22268,train
22269,validation
22270,train
22271,train
22272,train
22273,train
22274,train
22275,train
22276,train
22277,train
22278,validation
22279,train
22280,train
22281,train
22282,train
22283,train
22284,train
22285,train
22286,train
22287,validation
22288,validation
22289,train
22290,train
22291,validation
22292,train
22293,train
22294,train
22295,train
22296,train
22297,train
22298,train
22299,train
22300,validation
22301,train
22302,train
22303,train
22304,train
22305,validation
22306,train
22307,train
22308,train
22309,train
22310,train
22311,validation
22312,train
22313,train
22314,train
22315,validation
22316,validation
22317,train
22318,validation
22319,train
22320,train
22321,train
22322,train
22323,validation
22324,train
22325,train
22326,validation
22327,validation
22328,train
22329,validation
22330,train
22331,train
22332,validation
22333,train
22334,train
22335,train
22336,train
22337,train
22338,train
22339,train
22340,train
22341,validation
22342,train
22343,train
22344,train
22345,train
22346,train
22347,validation
22348,train
22349,train
22350,train
22351,train
22352,train
22353,train
22354,train
22355,train
22356,train
22357,train
22358,train
22359,train
22360,validation
22361,train
22362,train
22363,validation
22364,train
22365,train
22366,train
22367,validation
22368,train
22369,train
22370,train
22371,train
22372,train
22373,validation
22374,train
22375,train
22376,train
22377,train
22378,train
22379,train
22380,train
22381,train
22382,train
22383,train
22384,validation
22385,train
22386,train
22387,validation
22388,train
22389,train
22390,train
22391,train
22392,train
22393,train
22394,validation
22395,train
22396,train
22397,train
22398,train
22399,validation
22400,train
22401,train
22402,train
22403,train
22404,train
22405,train
22406,train
22407,train
22408,train
22409,validation
22410,train
22411,train
22412,train
22413,validation
22414,train
22415,train
22416,train
22417,train
22418,train
22419,train
22420,train
22421,train
22422,validation
22423,train
22424,train
22425,train
22426,train
22427,train
22428,train
22429,validation
22430,train
22431,train
22432,train
22433,train
22434,train
22435,validation
22436,train
22437,train
22438,validation
22439,train
22440,train
22441,train
22442,train
22443,validation
22444,train
22445,train
22446,train
22447,train
22448,validation
22449,train
22450,train
22451,validation
22452,train
22453,validation
22454,train
22455,train
22456,train
22457,train
22458,train
22459,train
22460,train
22461,validation
22462,validation
22463,train
22464,train
22465,train
22466,train
22467,train
22468,train
22469,train
22470,validation
22471,train
22472,train
22473,train
22474,train
22475,train
22476,train
22477,train
22478,train
22479,train
22480,validation
22481,train
22482,train
22483,train
22484,train
22485,train
22486,train
22487,train
22488,train
22489,train
22490,train
22491,train
22492,train
22493,train
22494,train
22495,validation
22496,validation
22497,train
22498,train
22499,train
22500,train
22501,train
22502,train
22503,train
22504,train
22505,train
22506,validation
22507,train
22508,validation
22509,validation
22510,validation
22511,train
22512,train
22513,train
22514,train
22515,train
22516,validation
22517,validation
22518,validation
22519,train
22520,train
22521,train
22522,validation
22523,train
22524,train
22525,train
22526,train
22527,train
22528,train
22529,train
22530,train
22531,train
22532,train
22533,train
22534,train
22535,train
22536,train
22537,train
22538,train
22539,train
22540,validation
22541,train
22542,train
22543,validation
22544,validation
22545,train
22546,validation
22547,train
22548,train
22549,validation
22550,validation
22551,train
22552,train
22553,validation
22554,train
22555,train
22556,train
22557,validation
22558,train
22559,train
22560,train
22561,train
22562,train
22563,train
22564,train
22565,train
22566,train
22567,train
22568,train
22569,validation
22570,validation
22571,train
22572,train
22573,train
22574,train
22575,validation
22576,validation
22577,train
22578,validation
22579,train
22580,validation
22581,train
22582,train
22583,train
22584,validation
22585,train
22586,train
22587,train
22588,train
22589,validation
22590,validation
22591,train
22592,train
22593,train
22594,train
22595,validation
22596,validation
22597,train
22598,train
22599,train
22600,validation
22601,validation
22602,validation
22603,validation
22604,train
22605,train
22606,train
22607,train
22608,train
22609,train
22610,train
22611,train
22612,train
22613,validation
22614,train
22615,train
22616,validation
22617,train
22618,validation
22619,train
22620,train
22621,train
22622,validation
22623,train
22624,train
22625,train
22626,train
22627,validation
22628,train
22629,train
22630,train
22631,validation
22632,validation
22633,train
22634,validation
22635,train
22636,train
22637,validation
22638,train
22639,train
22640,train
22641,train
22642,train
22643,train
22644,train
22645,train
22646,validation
22647,train
22648,train
22649,train
22650,train
22651,train
22652,train
22653,train
22654,train
22655,train
22656,train
22657,train
22658,train
22659,train
22660,train
22661,train
22662,train
22663,train
22664,train
22665,validation
22666,validation
22667,validation
22668,train
22669,train
22670,train
22671,train
22672,validation
22673,validation
22674,train
22675,train
22676,validation
22677,train
22678,train
22679,train
22680,train
22681,train
22682,train
22683,train
22684,validation
22685,validation
22686,validation
22687,train
22688,train
22689,train
22690,validation
22691,validation
22692,validation
22693,train
22694,train
22695,train
22696,validation
22697,train
22698,train
22699,train
22700,train
22701,train
22702,train
22703,validation
22704,train
22705,train
22706,train
22707,train
22708,validation
22709,train
22710,validation
22711,train
22712,train
22713,train
22714,train
22715,train
22716,train
22717,train
22718,train
22719,train
22720,train
22721,validation
22722,train
22723,train
22724,validation
22725,train
22726,train
22727,train
22728,train
22729,train
22730,train
22731,validation
22732,train
22733,train
22734,validation
22735,train
22736,train
22737,train
22738,train
22739,train
22740,train
22741,train
22742,train
22743,train
22744,train
22745,train
22746,train
22747,train
22748,validation
22749,validation
22750,validation
22751,train
22752,train
22753,train
22754,train
22755,train
22756,train
22757,train
22758,train
22759,train
22760,train
22761,train
22762,validation
22763,train
22764,validation
22765,train
22766,validation
22767,train
22768,train
22769,train
22770,validation
22771,train
22772,train
22773,train
22774,train
22775,train
22776,train
22777,train
22778,train
22779,train
22780,train
22781,validation
22782,train
22783,train
22784,validation
22785,train
22786,validation
22787,train
22788,train
22789,train
22790,train
22791,train
22792,train
22793,train
22794,train
22795,train
22796,train
22797,train
22798,validation
22799,train
22800,train
22801,train
22802,train
22803,train
22804,train
22805,train
22806,train
22807,validation
22808,train
22809,train
22810,train
22811,train
22812,train
22813,train
22814,train
22815,validation
22816,validation
22817,train
22818,train
22819,train
22820,train
22821,validation
22822,train
22823,train
22824,train
22825,train
22826,validation
22827,validation
22828,train
22829,train
22830,train
22831,validation
22832,validation
22833,train
22834,train
22835,train
22836,train
22837,train
22838,train
22839,train
22840,train
22841,train
22842,train
22843,train
22844,train
22845,validation
22846,train
22847,validation
22848,validation
22849,train
22850,train
22851,train
22852,train
22853,validation
22854,train
22855,train
22856,train
22857,train
22858,validation
22859,train
22860,train
22861,train
22862,train
22863,train
22864,train
22865,train
22866,train
22867,train
22868,validation
22869,train
22870,train
22871,train
22872,validation
22873,train
22874,train
22875,validation
22876,train
22877,validation
22878,train
22879,validation
22880,train
22881,train
22882,train
22883,train
22884,train
22885,train
22886,train
22887,train
22888,validation
22889,validation
22890,train
22891,validation
22892,train
22893,train
22894,train
22895,train
22896,train
22897,train
22898,train
22899,train
22900,train
22901,validation
22902,train
22903,validation
22904,validation
22905,train
22906,train
22907,validation
22908,train
22909,validation
22910,validation
22911,train
22912,train
22913,train
22914,train
22915,train
22916,train
22917,validation
22918,train
22919,train
22920,train
22921,train
22922,train
22923,validation
22924,train
22925,train
22926,train
22927,validation
22928,train
22929,train
22930,train
22931,train
22932,train
22933,train
22934,train
22935,train
22936,validation
22937,train
22938,train
22939,train
22940,validation
22941,train
22942,validation
22943,train
22944,train
22945,train
22946,train
22947,train
22948,train
22949,train
22950,train
22951,train
22952,validation
22953,train
22954,train
22955,validation
22956,train
22957,train
22958,validation
22959,train
22960,train
22961,train
22962,train
22963,train
22964,train
22965,validation
22966,validation
22967,train
22968,train
22969,train
22970,train
22971,train
22972,train
22973,train
22974,train
22975,validation
22976,train
22977,train
22978,train
22979,train
22980,train
22981,train
22982,validation
22983,train
22984,train
22985,train
22986,validation
22987,train
22988,train
22989,train
22990,validation
22991,train
22992,train
22993,train
22994,train
22995,train
22996,train
22997,train
22998,train
22999,train
23000,train
23001,train
23002,train
23003,train
23004,validation
23005,train
23006,train
23007,train
23008,validation
23009,train
23010,train
23011,train
23012,train
23013,train
23014,train
23015,train
23016,train
23017,train
23018,train
23019,train
23020,train
23021,train
23022,train
23023,train
23024,train
23025,train
23026,train
23027,train
23028,train
23029,train
23030,validation
23031,train
23032,train
23033,train
23034,validation
23035,train
23036,train
23037,train
23038,train
23039,train
23040,validation
23041,validation
23042,validation
23043,validation
23044,train
23045,validation
23046,train
23047,train
23048,validation
23049,train
23050,train
23051,train
23052,train
23053,train
23054,train
23055,validation
23056,train
23057,train
23058,train
23059,validation
23060,train
23061,train
23062,validation
23063,train
23064,train
23065,train
23066,train
23067,validation
23068,train
23069,train
23070,validation
23071,train
23072,train
23073,train
23074,train
23075,train
23076,train
23077,train
23078,train
23079,validation
23080,validation
23081,validation
23082,validation
23083,validation
23084,train
23085,validation
23086,train
23087,train
23088,validation
23089,train
23090,train
23091,train
23092,train
23093,train
23094,train
23095,validation
23096,validation
23097,train
23098,train
23099,train
23100,train
23101,train
23102,train
23103,train
23104,train
23105,train
23106,train
23107,train
23108,validation
23109,train
23110,train
23111,train
23112,train
23113,train
23114,train
23115,train
23116,validation
23117,train
23118,train
23119,validation
23120,train
23121,validation
23122,train
23123,validation
23124,train
23125,train
23126,train
23127,train
23128,train
23129,validation
23130,train
23131,train
23132,train
23133,train
23134,validation
23135,train
23136,train
23137,train
23138,train
23139,train
23140,validation
23141,train
23142,train
23143,train
23144,train
23145,validation
23146,validation
23147,train
23148,train
23149,train
23150,train
23151,train
23152,train
23153,validation
23154,train
23155,train
23156,train
23157,train
23158,train
23159,validation
23160,train
23161,train
23162,train
23163,train
23164,train
23165,train
23166,train
23167,validation
23168,validation
23169,train
23170,train
23171,validation
23172,train
23173,train
23174,train
23175,train
23176,validation
23177,train
23178,train
23179,validation
23180,train
23181,validation
23182,validation
23183,validation
23184,train
23185,train
23186,train
23187,train
23188,train
23189,validation
23190,validation
23191,train
23192,train
23193,train
23194,validation
23195,train
23196,validation
23197,train
23198,validation
23199,train
23200,train
23201,train
23202,train
23203,train
23204,train
23205,train
23206,train
23207,train
23208,train
23209,train
23210,train
23211,train
23212,train
23213,train
23214,validation
23215,validation
23216,train
23217,train
23218,train
23219,train
23220,train
23221,train
23222,train
23223,validation
23224,train
23225,train
23226,train
23227,validation
23228,train
23229,train
23230,train
23231,train
23232,validation
23233,train
23234,train
23235,validation
23236,train
23237,train
23238,train
23239,train
23240,validation
23241,train
23242,train
23243,train
23244,validation
23245,train
23246,train
23247,train
23248,train
23249,validation
23250,train
23251,train
23252,train
23253,train
23254,train
23255,train
23256,train
23257,train
23258,validation
23259,train
23260,train
23261,train
23262,train
23263,validation
23264,validation
23265,validation
23266,validation
23267,train
23268,train
23269,train
23270,train
23271,validation
23272,train
23273,train
23274,validation
23275,train
23276,validation
23277,train
23278,validation
23279,train
23280,train
23281,train
23282,train
23283,train
23284,train
23285,train
23286,validation
23287,validation
23288,train
23289,train
23290,validation
23291,train
23292,train
23293,train
23294,validation
23295,train
23296,train
23297,train
23298,validation
23299,train
23300,train
23301,validation
23302,train
23303,train
23304,validation
23305,train
23306,train
23307,train
23308,validation
23309,train
23310,train
23311,train
23312,train
23313,train
23314,validation
23315,train
23316,train
23317,validation
23318,train
23319,validation
23320,train
23321,validation
23322,validation
23323,validation
23324,train
23325,train
23326,validation
23327,validation
23328,train
23329,train
23330,train
23331,train
23332,train
23333,train
23334,train
23335,train
23336,validation
23337,train
23338,train
23339,train
23340,validation
23341,validation
23342,validation
23343,validation
23344,train
23345,train
23346,validation
23347,train
23348,train
23349,train
23350,train
23351,train
23352,validation
23353,validation
23354,validation
23355,train
23356,train
23357,train
23358,train
23359,train
23360,validation
23361,train
23362,train
23363,train
23364,train
23365,train
23366,train
23367,train
23368,train
23369,train
23370,train
23371,train
23372,train
23373,train
23374,train
23375,train
23376,train
23377,train
23378,train
23379,train
23380,train
23381,train
23382,train
23383,train
23384,validation
23385,train
23386,train
23387,validation
23388,train
23389,train
23390,train
23391,validation
23392,train
23393,train
23394,train
23395,train
23396,train
23397,train
23398,train
23399,train
23400,train
23401,validation
23402,train
23403,train
23404,train
23405,train
23406,validation
23407,train
23408,train
23409,train
23410,train
23411,train
23412,train
23413,validation
23414,train
23415,train
23416,validation
23417,validation
23418,train
23419,train
23420,train
23421,train
23422,train
23423,train
23424,train
23425,train
23426,train
23427,validation
23428,validation
23429,train
23430,train
23431,train
23432,validation
23433,train
23434,validation
23435,train
23436,train
23437,validation
23438,train
23439,validation
23440,train
23441,validation
23442,train
23443,train
23444,train
23445,train
23446,train
23447,train
23448,train
23449,train
23450,train
23451,train
23452,train
23453,train
23454,train
23455,train
23456,train
23457,train
23458,train
23459,train
23460,validation
23461,train
23462,train
23463,train
23464,train
23465,validation
23466,validation
23467,train
23468,train
23469,validation
23470,train
23471,train
23472,train
23473,train
23474,train
23475,train
23476,train
23477,train
23478,train
23479,train
23480,train
23481,train
23482,train
23483,train
23484,validation
23485,train
23486,train
23487,validation
23488,train
23489,train
23490,train
23491,train
23492,train
23493,train
23494,train
23495,train
23496,train
23497,train
23498,validation
23499,train
23500,train
23501,train
23502,validation
23503,train
23504,validation
23505,train
23506,train
23507,train
23508,train
23509,train
23510,train
23511,train
23512,train
23513,train
23514,train
23515,validation
23516,train
23517,train
23518,train
23519,train
23520,validation
23521,validation
23522,train
23523,train
23524,train
23525,train
23526,train
23527,train
23528,train
23529,train
23530,train
23531,train
23532,train
23533,validation
23534,validation
23535,train
23536,train
23537,validation
23538,train
23539,train
23540,train
23541,train
23542,train
23543,validation
23544,train
23545,train
23546,validation
23547,validation
23548,train
23549,train
23550,train
23551,train
23552,validation
23553,train
23554,validation
23555,train
23556,train
23557,train
23558,train
23559,train
23560,train
23561,train
23562,train
23563,train
23564,train
23565,train
23566,train
23567,train
23568,train
23569,train
23570,train
23571,train
23572,train
23573,train
23574,train
23575,train
23576,train
23577,train
23578,train
23579,train
23580,train
23581,train
23582,train
23583,validation
23584,train
23585,train
23586,validation
23587,train
23588,validation
23589,train
23590,validation
23591,train
23592,train
23593,validation
23594,validation
23595,train
23596,train
23597,train
23598,validation
23599,train
23600,train
23601,train
23602,train
23603,train
23604,train
23605,train
23606,train
23607,train
23608,train
23609,validation
23610,train
23611,train
23612,train
23613,train
23614,train
23615,train
23616,train
23617,train
23618,train
23619,train
23620,train
23621,train
23622,train
23623,train
23624,train
23625,train
23626,train
23627,train
23628,train
23629,train
23630,train
23631,train
23632,train
23633,train
23634,train
23635,validation
23636,train
23637,train
23638,train
23639,train
23640,train
23641,train
23642,train
23643,train
23644,train
23645,train
23646,train
23647,validation
23648,train
23649,train
23650,train
23651,train
23652,train
23653,train
23654,train
23655,train
23656,train
23657,train
23658,train
23659,train
23660,validation
23661,train
23662,train
23663,train
23664,validation
23665,train
23666,train
23667,validation
23668,train
23669,validation
23670,train
23671,train
23672,train
23673,train
23674,train
23675,train
23676,validation
23677,train
23678,validation
23679,train
23680,train
23681,train
23682,train
23683,train
23684,validation
23685,train
23686,train
23687,train
23688,train
23689,train
23690,train
23691,train
23692,train
23693,train
23694,train
23695,train
23696,validation
23697,train
23698,train
23699,train
23700,validation
23701,validation
23702,train
23703,train
23704,train
23705,train
23706,validation
23707,train
23708,train
23709,train
23710,train
23711,validation
23712,train
23713,train
23714,train
23715,train
23716,train
23717,train
23718,train
23719,train
23720,train
23721,train
23722,train
23723,train
23724,train
23725,train
23726,train
23727,validation
23728,train
23729,train
23730,train
23731,train
23732,train
23733,train
23734,train
23735,train
23736,train
23737,validation
23738,train
23739,train
23740,train
23741,train
23742,train
23743,train
23744,train
23745,train
23746,train
23747,train
23748,train
23749,train
23750,train
23751,train
23752,train
23753,train
23754,validation
23755,train
23756,validation
23757,train
23758,train
23759,train
23760,train
23761,train
23762,train
23763,train
23764,train
23765,train
23766,train
23767,train
23768,train
23769,train
23770,validation
23771,train
23772,validation
23773,train
23774,train
23775,train
23776,train
23777,validation
23778,train
23779,train
23780,validation
23781,train
23782,train
23783,train
23784,train
23785,train
23786,train
23787,train
23788,train
23789,train
23790,train
23791,validation
23792,train
23793,train
23794,train
23795,train
23796,train
23797,validation
23798,train
23799,validation
23800,train
23801,train
23802,train
23803,train
23804,validation
23805,train
23806,train
23807,train
23808,train
23809,train
23810,train
23811,train
23812,train
23813,train
23814,validation
23815,train
23816,train
23817,validation
23818,train
23819,train
23820,train
23821,train
23822,validation
23823,train
23824,train
23825,validation
23826,train
23827,train
23828,train
23829,validation
23830,train
23831,validation
23832,validation
23833,train
23834,train
23835,train
23836,train
23837,train
23838,train
23839,train
23840,train
23841,train
23842,train
23843,train
23844,train
23845,train
23846,train
23847,train
23848,train
23849,train
23850,train
23851,validation
23852,validation
23853,validation
23854,train
23855,train
23856,train
23857,train
23858,train
23859,validation
23860,train
23861,train
23862,train
23863,train
23864,train
23865,train
23866,validation
23867,train
23868,train
23869,train
23870,train
23871,train
23872,train
23873,train
23874,train
23875,train
23876,train
23877,validation
23878,train
23879,train
23880,train
23881,train
23882,validation
23883,train
23884,train
23885,train
23886,train
23887,train
23888,train
23889,validation
23890,train
23891,train
23892,validation
23893,train
23894,train
23895,validation
23896,train
23897,train
23898,train
23899,train
23900,train
23901,train
23902,validation
23903,train
23904,train
23905,train
23906,train
23907,validation
23908,validation
23909,validation
23910,train
23911,validation
23912,train
23913,train
23914,train
23915,validation
23916,train
23917,validation
23918,validation
23919,train
23920,validation
23921,train
23922,train
23923,train
23924,train
23925,train
23926,train
23927,train
23928,train
23929,train
23930,train
23931,train
23932,train
23933,train
23934,train
23935,train
23936,train
23937,train
23938,train
23939,train
23940,validation
23941,train
23942,validation
23943,train
23944,train
23945,train
23946,train
23947,validation
23948,train
23949,train
23950,train
23951,train
23952,train
23953,train
23954,train
23955,train
23956,train
23957,train
23958,train
23959,train
23960,train
23961,train
23962,train
23963,train
23964,validation
23965,train
23966,train
23967,train
23968,train
23969,train
23970,train
23971,validation
23972,train
23973,train
23974,train
23975,train
23976,train
23977,train
23978,train
23979,train
23980,train
23981,validation
23982,train
23983,train
23984,train
23985,train
23986,train
23987,train
23988,validation
23989,train
23990,train
23991,train
23992,train
23993,train
23994,train
23995,train
23996,validation
23997,train
23998,train
23999,train
24000,train
24001,train
24002,train
24003,validation
24004,train
24005,validation
24006,train
24007,train
24008,train
24009,validation
24010,validation
24011,train
24012,train
24013,train
24014,train
24015,train
24016,train
24017,train
24018,train
24019,train
24020,train
24021,train
24022,train
24023,train
24024,train
24025,train
24026,train
24027,train
24028,validation
24029,train
24030,validation
24031,train
24032,train
24033,train
24034,train
24035,train
24036,validation
24037,train
24038,train
24039,train
24040,train
24041,train
24042,train
24043,train
24044,train
24045,train
24046,validation
24047,train
24048,train
24049,train
24050,train
24051,train
24052,train
24053,train
24054,train
24055,validation
24056,train
24057,train
24058,train
24059,train
24060,train
24061,validation
24062,train
24063,train
24064,train
24065,train
24066,validation
24067,train
24068,train
24069,train
24070,train
24071,train
24072,validation
24073,train
24074,train
24075,train
24076,train
24077,train
24078,train
24079,train
24080,train
24081,train
24082,train
24083,validation
24084,validation
24085,train
24086,train
24087,train
24088,train
24089,validation
24090,train
24091,train
24092,train
24093,train
24094,validation
24095,train
24096,validation
24097,train
24098,train
24099,train
24100,train
24101,train
24102,validation
24103,train
24104,train
24105,train
24106,train
24107,validation
24108,train
24109,train
24110,train
24111,train
24112,train
24113,train
24114,train
24115,train
24116,train
24117,train
24118,train
24119,train
24120,train
24121,train
24122,train
24123,train
24124,train
24125,train
24126,train
24127,validation
24128,train
24129,train
24130,validation
24131,train
24132,train
24133,validation
24134,train
24135,train
24136,train
24137,train
24138,train
24139,validation
24140,validation
24141,train
24142,train
24143,train
24144,validation
24145,train
24146,train
24147,train
24148,train
24149,train
24150,validation
24151,validation
24152,train
24153,validation
24154,train
24155,train
24156,train
24157,train
24158,train
24159,train
24160,train
24161,train
24162,train
24163,validation
24164,train
24165,train
24166,validation
24167,train
24168,train
24169,train
24170,train
24171,train
24172,train
24173,train
24174,train
24175,train
24176,train
24177,train
24178,train
24179,train
24180,train
24181,train
24182,train
24183,train
24184,train
24185,train
24186,train
24187,train
24188,train
24189,train
24190,validation
24191,train
24192,train
24193,validation
24194,train
24195,train
24196,validation
24197,validation
24198,train
24199,train
24200,train
24201,train
24202,train
24203,train
24204,train
24205,train
24206,train
24207,validation
24208,train
24209,train
24210,train
24211,train
24212,train
24213,train
24214,train
24215,train
24216,validation
24217,train
24218,train
24219,validation
24220,train
24221,train
24222,train
24223,train
24224,validation
24225,train
24226,validation
24227,train
24228,validation
24229,train
24230,train
24231,train
24232,train
24233,train
24234,train
24235,train
24236,train
24237,validation
24238,train
24239,train
24240,train
24241,train
24242,train
24243,validation
24244,train
24245,train
24246,train
24247,train
24248,train
24249,train
24250,train
24251,train
24252,train
24253,train
24254,train
24255,train
24256,train
24257,train
24258,validation
24259,train
24260,train
24261,validation
24262,train
24263,train
24264,train
24265,train
24266,train
24267,train
24268,train
24269,train
24270,train
24271,train
24272,validation
24273,train
24274,train
24275,train
24276,train
24277,train
24278,validation
24279,train
24280,train
24281,validation
24282,validation
24283,train
24284,train
24285,validation
24286,validation
24287,train
24288,train
24289,train
24290,train
24291,train
24292,train
24293,validation
24294,train
24295,train
24296,train
24297,validation
24298,validation
24299,train
24300,train
24301,train
24302,train
24303,train
24304,train
24305,train
24306,train
24307,train
24308,train
24309,train
24310,validation
24311,train
24312,train
24313,train
24314,validation
24315,train
24316,train
24317,train
24318,train
24319,train
24320,train
24321,train
24322,train
24323,train
24324,train
24325,train
24326,train
24327,train
24328,train
24329,validation
24330,train
24331,train
24332,train
24333,train
24334,train
24335,train
24336,train
24337,train
24338,train
24339,validation
24340,train
24341,train
24342,train
24343,train
24344,train
24345,train
24346,train
24347,train
24348,train
24349,validation
24350,train
24351,train
24352,train
24353,train
24354,train
24355,train
24356,train
24357,train
24358,train
24359,train
24360,train
24361,train
24362,train
24363,train
24364,train
24365,train
24366,validation
24367,train
24368,train
24369,train
24370,validation
24371,validation
24372,train
24373,train
24374,train
24375,train
24376,train
24377,train
24378,train
24379,validation
24380,train
24381,validation
24382,validation
24383,train
24384,train
24385,train
24386,train
24387,validation
24388,train
24389,train
24390,train
24391,train
24392,train
24393,train
24394,train
24395,train
24396,validation
24397,train
24398,train
24399,train
24400,train
24401,train
24402,train
24403,train
24404,train
24405,validation
24406,train
24407,train
24408,train
24409,validation
24410,train
24411,train
24412,train
24413,validation
24414,train
24415,train
24416,train
24417,validation
24418,train
24419,validation
24420,train
24421,train
24422,train
24423,train
24424,validation
24425,train
24426,train
24427,train
24428,validation
24429,train
24430,train
24431,train
24432,train
24433,train
24434,train
24435,train
24436,train
24437,train
24438,train
24439,train
24440,validation
24441,train
24442,train
24443,train
24444,validation
24445,train
24446,train
24447,validation
24448,train
24449,train
24450,train
24451,train
24452,train
24453,train
24454,train
24455,train
24456,train
24457,train
24458,train
24459,validation
24460,train
24461,validation
24462,train
24463,train
24464,train
24465,train
24466,train
24467,train
24468,train
24469,train
24470,train
24471,train
24472,validation
24473,train
24474,validation
24475,train
24476,train
24477,train
24478,train
24479,train
24480,train
24481,train
24482,train
24483,train
24484,train
24485,train
24486,train
24487,train
24488,train
24489,train
24490,train
24491,train
24492,validation
24493,train
24494,train
24495,validation
24496,validation
24497,train
24498,train
24499,validation
24500,train
24501,validation
24502,train
24503,train
24504,train
24505,train
24506,validation
24507,train
24508,train
24509,train
24510,train
24511,validation
24512,train
24513,train
24514,train
24515,train
24516,train
24517,train
24518,train
24519,train
24520,train
24521,validation
24522,train
24523,train
24524,train
24525,train
24526,train
24527,train
24528,validation
24529,train
24530,train
24531,train
24532,train
24533,validation
24534,train
24535,train
24536,train
24537,train
24538,train
24539,train
24540,train
24541,train
24542,train
24543,train
24544,train
24545,train
24546,train
24547,train
24548,validation
24549,train
24550,train
24551,validation
24552,train
24553,train
24554,train
24555,train
24556,train
24557,train
24558,train
24559,train
24560,train
24561,train
24562,train
24563,train
24564,train
24565,train
24566,validation
24567,train
24568,validation
24569,train
24570,validation
24571,validation
24572,train
24573,train
24574,train
24575,train
24576,train
24577,train
24578,train
24579,train
24580,validation
24581,train
24582,validation
24583,train
24584,train
24585,validation
24586,train
24587,train
24588,train
24589,train
24590,train
24591,train
24592,train
24593,train
24594,train
24595,train
24596,train
24597,train
24598,train
24599,train
24600,train
24601,train
24602,train
24603,validation
24604,train
24605,train
24606,train
24607,train
24608,train
24609,train
24610,train
24611,train
24612,validation
24613,train
24614,train
24615,train
24616,validation
24617,train
24618,validation
24619,train
24620,validation
24621,train
24622,train
24623,validation
24624,train
24625,train
24626,train
24627,validation
24628,train
24629,validation
24630,train
24631,train
24632,train
24633,train
24634,train
24635,train
24636,train
24637,train
24638,train
24639,train
24640,train
24641,train
24642,train
24643,validation
24644,validation
24645,validation
24646,validation
24647,train
24648,train
24649,train
24650,train
24651,train
24652,train
24653,validation
24654,train
24655,validation
24656,train
24657,train
24658,validation
24659,train
24660,train
24661,train
24662,train
24663,validation
24664,train
24665,train
24666,train
24667,train
24668,train
24669,train
24670,train
24671,train
24672,train
24673,train
24674,train
24675,validation
24676,train
24677,train
24678,train
24679,train
24680,validation
24681,train
24682,train
24683,train
24684,train
24685,train
24686,train
24687,validation
24688,train
24689,train
24690,train
24691,train
24692,train
24693,train
24694,validation
24695,train
24696,validation
24697,train
24698,train
24699,train
24700,train
24701,train
24702,train
24703,train
24704,train
24705,train
24706,train
24707,train
24708,train
24709,train
24710,validation
24711,train
24712,validation
24713,train
24714,train
24715,validation
24716,train
24717,train
24718,train
24719,train
24720,train
24721,train
24722,train
24723,train
24724,train
24725,validation
24726,train
24727,train
24728,train
24729,train
24730,validation
24731,train
24732,validation
24733,train
24734,train
24735,train
24736,validation
24737,train
24738,train
24739,train
24740,train
24741,validation
24742,validation
24743,validation
24744,train
24745,validation
24746,train
24747,train
24748,train
24749,train
24750,train
24751,train
24752,train
24753,validation
24754,train
24755,train
24756,validation
24757,train
24758,train
24759,train
24760,train
24761,validation
24762,train
24763,train
24764,train
24765,train
24766,train
24767,validation
24768,train
24769,train
24770,validation
24771,train
24772,validation
24773,train
24774,train
24775,train
24776,train
24777,validation
24778,train
24779,train
24780,train
24781,train
24782,validation
24783,validation
24784,train
24785,train
24786,train
24787,validation
24788,train
24789,train
24790,train
24791,train
24792,train
24793,train
24794,train
24795,train
24796,train
24797,train
24798,train
24799,train
24800,train
24801,train
24802,train
24803,validation
24804,train
24805,train
24806,train
24807,validation
24808,validation
24809,train
24810,train
24811,validation
24812,validation
24813,validation
24814,train
24815,train
24816,validation
24817,train
24818,train
24819,train
24820,train
24821,train
24822,train
24823,train
24824,train
24825,validation
24826,train
24827,train
24828,train
24829,train
24830,train
24831,validation
24832,train
24833,validation
24834,validation
24835,train
24836,train
24837,train
24838,train
24839,train
24840,train
24841,validation
24842,train
24843,train
24844,train
24845,train
24846,train
24847,validation
24848,train
24849,validation
24850,validation
24851,train
24852,train
24853,validation
24854,train
24855,train
24856,train
24857,train
24858,train
24859,train
24860,train
24861,train
24862,train
24863,train
24864,train
24865,train
24866,validation
24867,train
24868,train
24869,train
24870,train
24871,train
24872,train
24873,train
24874,train
24875,train
24876,validation
24877,validation
24878,validation
24879,train
24880,validation
24881,train
24882,train
24883,train
24884,train
24885,validation
24886,train
24887,train
24888,train
24889,train
24890,train
24891,train
24892,train
24893,train
24894,validation
24895,train
24896,train
24897,validation
24898,train
24899,train
24900,train
24901,validation
24902,validation
24903,train
24904,train
24905,train
24906,train
24907,train
24908,train
24909,train
24910,train
24911,train
24912,train
24913,train
24914,train
24915,validation
24916,validation
24917,train
24918,train
24919,train
24920,train
24921,validation
24922,train
24923,train
24924,train
24925,train
24926,train
24927,train
24928,train
24929,train
24930,validation
24931,train
24932,train
24933,validation
24934,train
24935,train
24936,train
24937,train
24938,train
24939,train
24940,train
24941,validation
24942,train
24943,train
24944,validation
24945,train
24946,train
24947,train
24948,validation
24949,train
24950,train
24951,train
24952,validation
24953,train
24954,train
24955,validation
24956,train
24957,train
24958,train
24959,train
24960,train
24961,train
24962,train
24963,train
24964,train
24965,train
24966,validation
24967,train
24968,train
24969,train
24970,train
24971,train
24972,train
24973,validation
24974,train
24975,train
24976,train
24977,train
24978,train
24979,train
24980,train
24981,train
24982,train
24983,train
24984,train
24985,train
24986,train
24987,train
24988,train
24989,train
24990,validation
24991,train
24992,train
24993,train
24994,train
24995,train
24996,train
24997,train
24998,train
24999,train
25000,train
25001,train
25002,train
25003,train
25004,train
25005,validation
25006,train
25007,train
25008,train
25009,train
25010,train
25011,train
25012,validation
25013,train
25014,train
25015,train
25016,train
25017,train
25018,validation
25019,train
25020,train
25021,validation
25022,train
25023,train
25024,train
25025,validation
25026,train
25027,train
25028,train
25029,validation
25030,train
25031,validation
25032,validation
25033,train
25034,train
25035,train
25036,train
25037,train
25038,validation
25039,train
25040,train
25041,train
25042,train
25043,validation
25044,validation
25045,train
25046,train
25047,train
25048,train
25049,train
25050,train
25051,train
25052,train
25053,train
25054,train
25055,train
25056,validation
25057,validation
25058,train
25059,validation
25060,train
25061,train
25062,train
25063,train
25064,train
25065,train
25066,validation
25067,train
25068,train
25069,train
25070,train
25071,train
25072,train
25073,train
25074,train
25075,validation
25076,validation
25077,train
25078,train
25079,validation
25080,train
25081,train
25082,train
25083,train
25084,train
25085,train
25086,train
25087,train
25088,train
25089,train
25090,train
25091,train
25092,train
25093,train
25094,train
25095,validation
25096,validation
25097,train
25098,validation
25099,train
25100,train
25101,train
25102,train
25103,train
25104,train
25105,validation
25106,train
25107,train
25108,train
25109,train
25110,train
25111,train
25112,train
25113,train
25114,train
25115,train
25116,train
25117,train
25118,train
25119,train
25120,train
25121,validation
25122,train
25123,train
25124,validation
25125,train
25126,train
25127,validation
25128,train
25129,train
25130,train
25131,validation
25132,train
25133,validation
25134,train
25135,train
25136,validation
25137,train
25138,validation
25139,train
25140,validation
25141,train
25142,train
25143,train
25144,train
25145,train
25146,train
25147,train
25148,train
25149,train
25150,train
25151,validation
25152,train
25153,train
25154,train
25155,train
25156,train
25157,train
25158,train
25159,validation
25160,train
25161,train
25162,train
25163,train
25164,train
25165,train
25166,train
25167,train
25168,train
25169,train
25170,train
25171,validation
25172,train
25173,train
25174,train
25175,train
25176,train
25177,train
25178,train
25179,train
25180,train
25181,train
25182,validation
25183,train
25184,train
25185,train
25186,train
25187,train
25188,validation
25189,validation
25190,validation
25191,train
25192,train
25193,train
25194,train
25195,train
25196,validation
25197,train
25198,validation
25199,train
25200,train
25201,train
25202,train
25203,train
25204,train
25205,train
25206,train
25207,train
25208,train
25209,validation
25210,train
25211,train
25212,train
25213,train
25214,train
25215,train
25216,train
25217,validation
25218,validation
25219,validation
25220,train
25221,train
25222,train
25223,train
25224,train
25225,validation
25226,validation
25227,train
25228,train
25229,train
25230,train
25231,train
25232,train
25233,validation
25234,train
25235,train
25236,train
25237,train
25238,validation
25239,validation
25240,validation
25241,train
25242,train
25243,train
25244,validation
25245,train
25246,validation
25247,train
25248,train
25249,train
25250,train
25251,validation
25252,validation
25253,train
25254,train
25255,train
25256,train
25257,train
25258,train
25259,train
25260,train
25261,validation
25262,train
25263,train
25264,train
25265,train
25266,validation
25267,validation
25268,validation
25269,train
25270,train
25271,train
25272,train
25273,train
25274,train
25275,train
25276,train
25277,train
25278,validation
25279,train
25280,train
25281,train
25282,train
25283,train
25284,train
25285,validation
25286,train
25287,train
25288,train
25289,validation
25290,train
25291,train
25292,train
25293,validation
25294,train
25295,train
25296,train
25297,train
25298,train
25299,train
25300,train
25301,train
25302,train
25303,train
25304,train
25305,train
25306,train
25307,train
25308,train
25309,train
25310,validation
25311,validation
25312,train
25313,train
25314,train
25315,train
25316,validation
25317,train
25318,train
25319,validation
25320,train
25321,validation
25322,train
25323,train
25324,train
25325,validation
25326,train
25327,train
25328,train
25329,train
25330,train
25331,train
25332,train
25333,train
25334,train
25335,train
25336,train
25337,train
25338,train
25339,validation
25340,train
25341,validation
25342,train
25343,train
25344,train
25345,train
25346,train
25347,train
25348,train
25349,train
25350,train
25351,train
25352,train
25353,validation
25354,train
25355,train
25356,train
25357,train
25358,train
25359,train
25360,train
25361,train
25362,train
25363,train
25364,train
25365,train
25366,train
25367,train
25368,train
25369,train
25370,train
25371,train
25372,train
25373,train
25374,train
25375,train
25376,validation
25377,train
25378,validation
25379,train
25380,validation
25381,train
25382,train
25383,train
25384,train
25385,train
25386,train
25387,train
25388,train
25389,train
25390,train
25391,train
25392,train
25393,train
25394,train
25395,train
25396,train
25397,train
25398,validation
25399,train
25400,train
25401,validation
25402,validation
25403,train
25404,train
25405,train
25406,train
25407,train
25408,train
25409,train
25410,train
25411,train
25412,train
25413,train
25414,train
25415,train
25416,validation
25417,train
25418,train
25419,train
25420,train
25421,train
25422,train
25423,train
25424,train
25425,train
25426,train
25427,train
25428,train
25429,train
25430,train
25431,train
25432,train
25433,train
25434,train
25435,train
25436,validation
25437,train
25438,train
25439,train
25440,train
25441,train
25442,validation
25443,train
25444,train
25445,train
25446,validation
25447,train
25448,train
25449,train
25450,validation
25451,train
25452,validation
25453,train
25454,train
25455,train
25456,train
25457,train
25458,train
25459,train
25460,train
25461,train
25462,train
25463,train
25464,train
25465,train
25466,validation
25467,train
25468,train
25469,train
25470,train
25471,train
25472,train
25473,train
25474,train
25475,train
25476,train
25477,train
25478,train
25479,validation
25480,train
25481,train
25482,train
25483,train
25484,train
25485,train
25486,train
25487,train
25488,train
25489,train
25490,train
25491,validation
25492,train
25493,train
25494,train
25495,train
25496,train
25497,train
25498,train
25499,train
25500,train
25501,train
25502,train
25503,train
25504,train
25505,validation
25506,train
25507,train
25508,validation
25509,validation
25510,train
25511,train
25512,validation
25513,train
25514,train
25515,train
25516,train
25517,train
25518,train
25519,validation
25520,train
25521,train
25522,validation
25523,train
25524,train
25525,train
25526,train
25527,train
25528,train
25529,train
25530,train
25531,train
25532,train
25533,train
25534,train
25535,train
25536,train
25537,validation
25538,train
25539,train
25540,train
25541,train
25542,train
25543,train
25544,train
25545,train
25546,validation
25547,train
25548,train
25549,train
25550,validation
25551,train
25552,train
25553,train
25554,train
25555,train
25556,train
25557,train
25558,train
25559,train
25560,train
25561,train
25562,train
25563,validation
25564,train
25565,validation
25566,train
25567,train
25568,validation
25569,train
25570,train
25571,train
25572,train
25573,train
25574,validation
25575,train
25576,validation
25577,train
25578,train
25579,train
25580,train
25581,train
25582,train
25583,train
25584,train
25585,train
25586,train
25587,validation
25588,train
25589,validation
25590,validation
25591,train
25592,train
25593,train
25594,train
25595,train
25596,validation
25597,train
25598,train
25599,train
25600,train
25601,train
25602,train
25603,validation
25604,validation
25605,train
25606,train
25607,train
25608,train
25609,validation
25610,train
25611,train
25612,validation
25613,train
25614,train
25615,train
25616,train
25617,train
25618,train
25619,train
25620,train
25621,train
25622,train
25623,validation
25624,train
25625,train
25626,train
25627,train
25628,train
25629,train
25630,validation
25631,train
25632,train
25633,train
25634,validation
25635,train
25636,validation
25637,train
25638,train
25639,train
25640,train
25641,train
25642,validation
25643,train
25644,validation
25645,train
25646,train
25647,train
25648,train
25649,train
25650,validation
25651,train
25652,train
25653,train
25654,train
25655,train
25656,train
25657,train
25658,train
25659,train
25660,train
25661,train
25662,train
25663,validation
25664,train
25665,train
25666,train
25667,train
25668,train
25669,train
25670,validation
25671,train
25672,train
25673,train
25674,train
25675,train
25676,train
25677,validation
25678,train
25679,train
25680,train
25681,validation
25682,train
25683,train
25684,train
25685,train
25686,validation
25687,train
25688,validation
25689,train
25690,train
25691,train
25692,train
25693,train
25694,train
25695,train
25696,train
25697,validation
25698,train
25699,validation
25700,train
25701,train
25702,train
25703,train
25704,validation
25705,train
25706,train
25707,validation
25708,train
25709,train
25710,train
25711,train
25712,train
25713,train
25714,validation
25715,train
25716,train
25717,train
25718,train
25719,train
25720,train
25721,train
25722,train
25723,train
25724,train
25725,train
25726,validation
25727,train
25728,train
25729,train
25730,train
25731,train
25732,validation
25733,train
25734,validation
25735,train
25736,train
25737,train
25738,validation
25739,train
25740,train
25741,train
25742,train
25743,train
25744,validation
25745,train
25746,train
25747,train
25748,validation
25749,train
25750,train
25751,validation
25752,train
25753,train
25754,train
25755,train
25756,train
25757,validation
25758,train
25759,train
25760,train
25761,train
25762,train
25763,train
25764,train
25765,validation
25766,train
25767,validation
25768,validation
25769,train
25770,train
25771,train
25772,train
25773,validation
25774,train
25775,train
25776,train
25777,train
25778,train
25779,train
25780,train
25781,train
25782,validation
25783,train
25784,train
25785,train
25786,train
25787,validation
25788,validation
25789,train
25790,train
25791,train
25792,train
25793,train
25794,train
25795,train
25796,train
25797,validation
25798,train
25799,train
25800,train
25801,validation
25802,validation
25803,train
25804,train
25805,train
25806,train
25807,train
25808,train
25809,train
25810,train
25811,train
25812,validation
25813,train
25814,train
25815,train
25816,validation
25817,train
25818,train
25819,train
25820,train
25821,train
25822,train
25823,validation
25824,train
25825,train
25826,train
25827,train
25828,train
25829,train
25830,train
25831,validation
25832,validation
25833,train
25834,validation
25835,train
25836,train
25837,train
25838,train
25839,train
25840,train
25841,train
25842,train
25843,train
25844,validation
25845,validation
25846,train
25847,train
25848,train
25849,train
25850,validation
25851,validation
25852,validation
25853,validation
25854,train
25855,train
25856,train
25857,train
25858,train
25859,train
25860,train
25861,train
25862,train
25863,train
25864,train
25865,train
25866,validation
25867,train
25868,train
25869,train
25870,train
25871,train
25872,validation
25873,validation
25874,validation
25875,train
25876,train
25877,validation
25878,train
25879,train
25880,validation
25881,train
25882,train
25883,train
25884,train
25885,train
25886,train
25887,train
25888,train
25889,train
25890,validation
25891,train
25892,train
25893,train
25894,train
25895,train
25896,train
25897,train
25898,train
25899,train
25900,train
25901,train
25902,train
25903,train
25904,validation
25905,validation
25906,train
25907,train
25908,train
25909,train
25910,train
25911,train
25912,train
25913,train
25914,train
25915,train
25916,validation
25917,validation
25918,validation
25919,train
25920,train
25921,train
25922,train
25923,train
25924,validation
25925,validation
25926,validation
25927,validation
25928,train
25929,validation
25930,validation
25931,train
25932,train
25933,train
25934,train
25935,train
25936,train
25937,validation
25938,train
25939,train
25940,train
25941,train
25942,train
25943,train
25944,train
25945,validation
25946,train
25947,validation
25948,train
25949,train
25950,train
25951,validation
25952,validation
25953,train
25954,train
25955,train
25956,validation
25957,validation
25958,train
25959,train
25960,train
25961,train
25962,train
25963,train
25964,train
25965,train
25966,train
25967,train
25968,validation
25969,train
25970,validation
25971,train
25972,train
25973,train
25974,train
25975,train
25976,validation
25977,train
25978,train
25979,train
25980,validation
25981,train
25982,train
25983,train
25984,train
25985,train
25986,train
25987,train
25988,train
25989,train
25990,train
25991,train
25992,train
25993,train
25994,validation
25995,validation
25996,train
25997,train
25998,train
25999,validation
26000,train
26001,train
26002,train
26003,train
26004,train
26005,train
26006,train
26007,train
26008,train
26009,train
26010,validation
26011,validation
26012,validation
26013,validation
26014,train
26015,train
26016,train
26017,train
26018,train
26019,validation
26020,train
26021,train
26022,train
26023,train
26024,train
26025,validation
26026,train
26027,train
26028,train
26029,train
26030,train
26031,train
26032,train
26033,train
26034,train
26035,train
26036,validation
26037,validation
26038,train
26039,train
26040,train
26041,train
26042,train
26043,train
26044,train
26045,train
26046,train
26047,train
26048,train
26049,train
26050,train
26051,train
26052,train
26053,validation
26054,train
26055,train
26056,train
26057,train
26058,validation
26059,train
26060,train
26061,train
26062,train
26063,train
26064,train
26065,train
26066,validation
26067,train
26068,train
26069,train
26070,train
26071,train
26072,validation
26073,validation
26074,train
26075,train
26076,train
26077,train
26078,train
26079,train
26080,train
26081,train
26082,train
26083,train
26084,validation
26085,train
26086,train
26087,train
26088,train
26089,train
26090,train
26091,validation
26092,validation
26093,train
26094,train
26095,validation
26096,train
26097,train
26098,train
26099,train
26100,validation
26101,train
26102,validation
26103,train
26104,train
26105,train
26106,train
26107,train
26108,validation
26109,train
26110,train
26111,validation
26112,validation
26113,train
26114,train
26115,train
26116,train
26117,train
26118,train
26119,validation
26120,train
26121,train
26122,train
26123,train
26124,train
26125,validation
26126,train
26127,train
26128,train
26129,train
26130,train
26131,train
26132,train
26133,train
26134,validation
26135,train
26136,train
26137,train
26138,validation
26139,validation
26140,train
26141,train
26142,train
26143,validation
26144,train
26145,train
26146,train
26147,train
26148,train
26149,train
26150,train
26151,train
26152,train
26153,validation
26154,train
26155,validation
26156,train
26157,train
26158,train
26159,validation
26160,validation
26161,train
26162,train
26163,train
26164,train
26165,train
26166,train
26167,train
26168,train
26169,train
26170,train
26171,train
26172,train
26173,train
26174,validation
26175,train
26176,train
26177,train
26178,train
26179,train
26180,train
26181,train
26182,train
26183,train
26184,train
26185,train
26186,train
26187,validation
26188,train
26189,train
26190,train
26191,train
26192,train
26193,train
26194,train
26195,validation
26196,train
26197,train
26198,validation
26199,train
26200,train
26201,train
26202,train
26203,train
26204,train
26205,train
26206,train
26207,train
26208,train
26209,train
26210,validation
26211,train
26212,train
26213,train
26214,train
26215,train
26216,validation
26217,train
26218,train
26219,train
26220,train
26221,validation
26222,validation
26223,train
26224,train
26225,train
26226,train
26227,train
26228,validation
26229,train
26230,train
26231,train
26232,validation
26233,train
26234,train
26235,train
26236,train
26237,train
26238,train
26239,train
26240,validation
26241,train
26242,validation
26243,train
26244,train
26245,validation
26246,train
26247,validation
26248,train
26249,train
26250,train
26251,train
26252,train
26253,train
26254,train
26255,train
26256,train
26257,train
26258,validation
26259,validation
26260,train
26261,train
26262,train
26263,train
26264,train
26265,train
26266,validation
26267,train
26268,validation
26269,train
26270,train
26271,validation
26272,train
26273,train
26274,validation
26275,train
26276,validation
26277,train
26278,train
26279,train
26280,train
26281,train
26282,train
26283,train
26284,train
26285,train
26286,train
26287,train
26288,train
26289,train
26290,train
26291,train
26292,train
26293,validation
26294,train
26295,validation
26296,train
26297,train
26298,train
26299,train
26300,train
26301,train
26302,train
26303,validation
26304,train
26305,train
26306,validation
26307,train
26308,train
26309,train
26310,train
26311,train
26312,train
26313,train
26314,train
26315,train
26316,train
26317,train
26318,train
26319,train
26320,train
26321,train
26322,train
26323,train
26324,train
26325,validation
26326,train
26327,train
26328,train
26329,train
26330,validation
26331,validation
26332,validation
26333,train
26334,train
26335,train
26336,train
26337,validation
26338,train
26339,validation
26340,validation
26341,train
26342,train
26343,train
26344,validation
26345,train
26346,train
26347,train
26348,train
26349,train
26350,train
26351,train
26352,train
26353,validation
26354,train
26355,train
26356,train
26357,train
26358,train
26359,train
26360,train
26361,train
26362,train
26363,validation
26364,train
26365,train
26366,train
26367,train
26368,validation
26369,train
26370,validation
26371,train
26372,train
26373,validation
26374,train
26375,validation
26376,validation
26377,train
26378,train
26379,train
26380,train
26381,train
26382,train
26383,train
26384,train
26385,train
26386,train
26387,train
26388,train
26389,train
26390,train
26391,validation
26392,train
26393,train
26394,train
26395,train
26396,train
26397,train
26398,train
26399,validation
26400,train
26401,train
26402,train
26403,train
26404,train
26405,train
26406,validation
26407,train
26408,train
26409,train
26410,train
26411,validation
26412,train
26413,validation
26414,validation
26415,train
26416,validation
26417,train
26418,train
26419,train
26420,train
26421,train
26422,validation
26423,train
26424,train
26425,train
26426,train
26427,train
26428,train
26429,train
26430,train
26431,validation
26432,train
26433,validation
26434,train
26435,validation
26436,train
26437,train
26438,train
26439,validation
26440,train
26441,train
26442,train
26443,train
26444,train
26445,train
26446,train
26447,train
26448,validation
26449,train
26450,validation
26451,train
26452,train
26453,train
26454,train
26455,train
26456,train
26457,train
26458,train
26459,train
26460,train
26461,train
26462,train
26463,validation
26464,train
26465,train
26466,train
26467,train
26468,train
26469,train
26470,validation
26471,train
26472,train
26473,validation
26474,train
26475,train
26476,train
26477,train
26478,train
26479,train
26480,train
26481,train
26482,train
26483,validation
26484,train
26485,train
26486,train
26487,train
26488,validation
26489,train
26490,train
26491,validation
26492,train
26493,train
26494,validation
26495,validation
26496,train
26497,validation
26498,train
26499,validation
26500,train
26501,train
26502,validation
26503,train
26504,train
26505,validation
26506,train
26507,validation
26508,train
26509,train
26510,validation
26511,train
26512,validation
26513,train
26514,train
26515,validation
26516,validation
26517,train
26518,train
26519,train
26520,train
26521,train
26522,validation
26523,train
26524,validation
26525,train
26526,validation
26527,train
26528,validation
26529,train
26530,train
26531,train
26532,train
26533,train
26534,train
26535,train
26536,validation
26537,train
26538,train
26539,train
26540,train
26541,train
26542,train
26543,train
26544,train
26545,train
26546,train
26547,train
26548,validation
26549,train
26550,train
26551,train
26552,train
26553,train
26554,train
26555,train
26556,train
26557,validation
26558,train
26559,train
26560,train
26561,train
26562,train
26563,train
26564,validation
26565,validation
26566,validation
26567,train
26568,train
26569,validation
26570,train
26571,train
26572,validation
26573,train
26574,validation
26575,train
26576,train
26577,train
26578,train
26579,train
26580,train
26581,train
26582,train
26583,validation
26584,train
26585,validation
26586,train
26587,train
26588,validation
26589,train
26590,train
26591,train
26592,train
26593,train
26594,train
26595,train
26596,train
26597,train
26598,train
26599,validation
26600,train
26601,train
26602,train
26603,train
26604,train
26605,train
26606,train
26607,train
26608,train
26609,train
26610,train
26611,train
26612,validation
26613,train
26614,train
26615,validation
26616,train
26617,train
26618,train
26619,train
26620,train
26621,validation
26622,train
26623,train
26624,train
26625,train
26626,train
26627,validation
26628,train
26629,validation
26630,train
26631,train
26632,train
26633,validation
26634,train
26635,train
26636,validation
26637,validation
26638,train
26639,train
26640,train
26641,train
26642,train
26643,train
26644,train
26645,train
26646,train
26647,train
26648,train
26649,validation
26650,train
26651,train
26652,validation
26653,validation
26654,train
26655,train
26656,train
26657,train
26658,train
26659,train
26660,validation
26661,train
26662,validation
26663,validation
26664,train
26665,train
26666,train
26667,train
26668,train
26669,train
26670,validation
26671,train
26672,validation
26673,train
26674,train
26675,train
26676,train
26677,train
26678,train
26679,train
26680,train
26681,train
26682,train
26683,validation
26684,validation
26685,train
26686,train
26687,train
26688,train
26689,validation
26690,train
26691,train
26692,train
26693,train
26694,train
26695,train
26696,validation
26697,train
26698,train
26699,train
26700,train
26701,train
26702,train
26703,train
26704,train
26705,train
26706,train
26707,train
26708,validation
26709,train
26710,train
26711,train
26712,validation
26713,train
26714,validation
26715,validation
26716,train
26717,train
26718,train
26719,validation
26720,validation
26721,train
26722,validation
26723,train
26724,train
26725,train
26726,validation
26727,train
26728,train
26729,validation
26730,train
26731,validation
26732,train
26733,train
26734,train
26735,train
26736,validation
26737,train
26738,train
26739,validation
26740,validation
26741,train
26742,validation
26743,train
26744,validation
26745,train
26746,train
26747,train
26748,validation
26749,validation
26750,train
26751,validation
26752,train
26753,validation
26754,train
26755,train
26756,train
26757,train
26758,validation
26759,validation
26760,train
26761,validation
26762,train
26763,train
26764,train
26765,validation
26766,train
26767,train
26768,train
26769,train
26770,train
26771,train
26772,train
26773,train
26774,train
26775,validation
26776,train
26777,train
26778,train
26779,train
26780,train
26781,train
26782,train
26783,train
26784,train
26785,train
26786,validation
26787,train
26788,train
26789,train
26790,train
26791,train
26792,train
26793,train
26794,train
26795,train
26796,train
26797,validation
26798,train
26799,train
26800,train
26801,train
26802,validation
26803,validation
26804,train
26805,train
26806,validation
26807,train
26808,train
26809,train
26810,train
26811,validation
26812,validation
26813,validation
26814,train
26815,validation
26816,train
26817,train
26818,train
26819,train
26820,train
26821,train
26822,train
26823,train
26824,train
26825,validation
26826,train
26827,train
26828,train
26829,validation
26830,train
26831,train
26832,train
26833,train
26834,train
26835,train
26836,train
26837,train
26838,train
26839,train
26840,train
26841,train
26842,train
26843,train
26844,train
26845,train
26846,train
26847,train
26848,train
26849,train
26850,train
26851,train
26852,train
26853,validation
26854,validation
26855,validation
26856,train
26857,train
26858,train
26859,train
26860,train
26861,train
26862,validation
26863,train
26864,validation
26865,train
26866,train
26867,train
26868,validation
26869,train
26870,validation
26871,train
26872,train
26873,train
26874,train
26875,train
26876,train
26877,train
26878,train
26879,validation
26880,train
26881,train
26882,train
26883,train
26884,train
26885,train
26886,train
26887,train
26888,train
26889,train
26890,train
26891,train
26892,train
26893,train
26894,train
26895,train
26896,train
26897,train
26898,train
26899,train
26900,train
26901,validation
26902,train
26903,train
26904,train
26905,train
26906,train
26907,validation
26908,train
26909,train
26910,train
26911,train
26912,train
26913,train
26914,train
26915,train
26916,train
26917,train
26918,train
26919,train
26920,validation
26921,validation
26922,train
26923,train
26924,train
26925,train
26926,train
26927,train
26928,train
26929,train
26930,train
26931,train
26932,train
26933,train
26934,train
26935,train
26936,validation
26937,train
26938,train
26939,train
26940,train
26941,validation
26942,train
26943,train
26944,train
26945,train
26946,validation
26947,validation
26948,validation
26949,train
26950,validation
26951,validation
26952,train
26953,validation
26954,validation
26955,train
26956,train
26957,train
26958,train
26959,validation
26960,train
26961,train
26962,train
26963,train
26964,validation
26965,validation
26966,train
26967,train
26968,train
26969,train
26970,validation
26971,train
26972,train
26973,train
26974,train
26975,train
26976,train
26977,train
26978,train
26979,train
26980,train
26981,train
26982,train
26983,validation
26984,train
26985,train
26986,train
26987,train
26988,validation
26989,train
26990,train
26991,train
26992,train
26993,train
26994,train
26995,train
26996,train
26997,train
26998,train
26999,train
27000,train
27001,validation
27002,train
27003,train
27004,train
27005,train
27006,train
27007,validation
27008,train
27009,train
27010,train
27011,train
27012,train
27013,train
27014,train
27015,train
27016,train
27017,train
27018,validation
27019,train
27020,train
27021,train
27022,train
27023,train
27024,validation
27025,validation
27026,train
27027,train
27028,train
27029,train
27030,train
27031,train
27032,train
27033,validation
27034,train
27035,train
27036,train
27037,train
27038,train
27039,train
27040,validation
27041,train
27042,validation
27043,train
27044,train
27045,train
27046,train
27047,validation
27048,train
27049,train
27050,train
27051,train
27052,train
27053,validation
27054,train
27055,train
27056,train
27057,train
27058,validation
27059,validation
27060,train
27061,train
27062,train
27063,train
27064,validation
27065,validation
27066,train
27067,train
27068,train
27069,train
27070,train
27071,validation
27072,train
27073,validation
27074,validation
27075,train
27076,train
27077,train
27078,train
27079,train
27080,train
27081,train
27082,train
27083,train
27084,train
27085,train
27086,train
27087,train
27088,train
27089,train
27090,train
27091,train
27092,train
27093,train
27094,train
27095,train
27096,train
27097,train
27098,train
27099,train
27100,train
27101,train
27102,train
27103,train
27104,train
27105,validation
27106,train
27107,train
27108,train
27109,train
27110,train
27111,train
27112,validation
27113,train
27114,train
27115,train
27116,train
27117,train
27118,train
27119,train
27120,validation
27121,train
27122,validation
27123,train
27124,train
27125,train
27126,train
27127,train
27128,train
27129,train
27130,train
27131,train
27132,train
27133,train
27134,train
27135,train
27136,validation
27137,train
27138,train
27139,train
27140,train
27141,train
27142,train
27143,train
27144,train
27145,train
27146,train
27147,train
27148,train
27149,train
27150,train
27151,train
27152,train
27153,train
27154,train
27155,train
27156,train
27157,train
27158,train
27159,validation
27160,train
27161,validation
27162,train
27163,train
27164,train
27165,validation
27166,train
27167,train
27168,train
27169,validation
27170,train
27171,train
27172,train
27173,train
27174,train
27175,train
27176,train
27177,train
27178,train
27179,validation
27180,train
27181,train
27182,train
27183,train
27184,train
27185,train
27186,train
27187,train
27188,train
27189,train
27190,train
27191,train
27192,train
27193,train
27194,train
27195,train
27196,train
27197,train
27198,train
27199,validation
27200,train
27201,train
27202,validation
27203,train
27204,train
27205,validation
27206,validation
27207,train
27208,train
27209,train
27210,train
27211,train
27212,train
27213,train
27214,validation
27215,train
27216,validation
27217,train
27218,validation
27219,train
27220,train
27221,train
27222,train
27223,validation
27224,train
27225,train
27226,train
27227,train
27228,train
27229,train
27230,validation
27231,train
27232,validation
27233,train
27234,train
27235,train
27236,validation
27237,train
27238,validation
27239,validation
27240,train
27241,validation
27242,validation
27243,validation
27244,train
27245,train
27246,train
27247,validation
27248,train
27249,train
27250,train
27251,train
27252,train
27253,train
27254,train
27255,train
27256,train
27257,train
27258,train
27259,validation
27260,train
27261,train
27262,train
27263,train
27264,train
27265,train
27266,train
27267,train
27268,train
27269,train
27270,train
27271,train
27272,validation
27273,validation
27274,train
27275,validation
27276,validation
27277,train
27278,validation
27279,train
27280,validation
27281,train
27282,train
27283,train
27284,train
27285,train
27286,train
27287,validation
27288,train
27289,train
27290,train
27291,train
27292,train
27293,train
27294,train
27295,train
27296,train
27297,train
27298,train
27299,train
27300,train
27301,train
27302,train
27303,validation
27304,train
27305,train
27306,train
27307,train
27308,train
27309,train
27310,train
27311,train
27312,train
27313,train
27314,validation
27315,train
27316,validation
27317,train
27318,train
27319,train
27320,train
27321,validation
27322,train
27323,train
27324,validation
27325,train
27326,train
27327,train
27328,train
27329,train
27330,train
27331,train
27332,validation
27333,train
27334,train
27335,validation
27336,train
27337,train
27338,train
27339,train
27340,train
27341,validation
27342,validation
27343,validation
27344,train
27345,train
27346,validation
27347,validation
27348,validation
27349,train
27350,validation
27351,train
27352,validation
27353,train
27354,validation
27355,train
27356,train
27357,train
27358,train
27359,train
27360,train
27361,train
27362,train
27363,train
27364,validation
27365,train
27366,train
27367,train
27368,train
27369,train
27370,validation
27371,train
27372,train
27373,train
27374,train
27375,train
27376,train
27377,train
27378,train
27379,train
27380,validation
27381,train
27382,train
27383,train
27384,validation
27385,train
27386,train
27387,validation
27388,train
27389,validation
27390,train
27391,train
27392,validation
27393,train
27394,train
27395,validation
27396,train
27397,train
27398,train
27399,train
27400,train
27401,train
27402,train
27403,train
27404,train
27405,validation
27406,train
27407,train
27408,train
27409,train
27410,train
27411,validation
27412,train
27413,validation
27414,train
27415,train
27416,train
27417,train
27418,validation
27419,train
27420,validation
27421,train
27422,train
27423,train
27424,train
27425,validation
27426,train
27427,train
27428,validation
27429,train
27430,train
27431,train
27432,train
27433,train
27434,train
27435,train
27436,train
27437,train
27438,train
27439,train
27440,train
27441,train
27442,train
27443,train
27444,train
27445,train
27446,validation
27447,train
27448,train
27449,train
27450,train
27451,validation
27452,validation
27453,train
27454,train
27455,train
27456,train
27457,train
27458,train
27459,train
27460,validation
27461,train
27462,train
27463,train
27464,train
27465,validation
27466,train
27467,validation
27468,validation
27469,train
27470,validation
27471,train
27472,train
27473,validation
27474,validation
27475,train
27476,train
27477,train
27478,train
27479,validation
27480,train
27481,validation
27482,validation
27483,train
27484,train
27485,train
27486,train
27487,train
27488,train
27489,train
27490,train
27491,validation
27492,train
27493,train
27494,train
27495,train
27496,validation
27497,train
27498,train
27499,validation
27500,train
27501,train
27502,validation
27503,train
27504,train
27505,train
27506,train
27507,train
27508,train
27509,validation
27510,train
27511,train
27512,train
27513,validation
27514,train
27515,train
27516,train
27517,train
27518,train
27519,train
27520,train
27521,train
27522,train
27523,train
27524,train
27525,train
27526,train
27527,validation
27528,train
27529,train
27530,validation
27531,validation
27532,train
27533,train
27534,train
27535,train
27536,train
27537,validation
27538,train
27539,train
27540,train
27541,train
27542,train
27543,validation
27544,train
27545,train
27546,train
27547,train
27548,train
27549,train
27550,train
27551,train
27552,train
27553,validation
27554,train
27555,train
27556,train
27557,train
27558,train
27559,validation
27560,validation
27561,train
27562,train
27563,train
27564,validation
27565,train
27566,train
27567,train
27568,train
27569,validation
27570,train
27571,validation
27572,train
27573,train
27574,train
27575,train
27576,train
27577,train
27578,train
27579,train
27580,validation
27581,train
27582,validation
27583,train
27584,train
27585,train
27586,train
27587,train
27588,validation
27589,train
27590,validation
27591,validation
27592,validation
27593,validation
27594,train
27595,validation
27596,validation
27597,train
27598,validation
27599,train
27600,train
27601,train
27602,train
27603,train
27604,train
27605,train
27606,validation
27607,train
27608,train
27609,validation
27610,train
27611,train
27612,train
27613,train
27614,train
27615,train
27616,train
27617,train
27618,train
27619,train
27620,train
27621,train
27622,validation
27623,train
27624,train
27625,train
27626,train
27627,train
27628,train
27629,train
27630,train
27631,train
27632,train
27633,train
27634,validation
27635,validation
27636,train
27637,train
27638,train
27639,train
27640,train
27641,validation
27642,train
27643,train
27644,validation
27645,validation
27646,train
27647,validation
27648,validation
27649,train
27650,train
27651,train
27652,train
27653,train
27654,train
27655,train
27656,train
27657,train
27658,train
27659,train
27660,train
27661,train
27662,validation
27663,train
27664,train
27665,train
27666,train
27667,train
27668,validation
27669,train
27670,train
27671,train
27672,train
27673,validation
27674,train
27675,validation
27676,train
27677,train
27678,train
27679,train
27680,train
27681,train
27682,train
27683,train
27684,validation
27685,validation
27686,train
27687,train
27688,validation
27689,validation
27690,train
27691,train
27692,train
27693,validation
27694,train
27695,train
27696,train
27697,validation
27698,train
27699,train
27700,validation
27701,train
27702,train
27703,validation
27704,validation
27705,validation
27706,train
27707,validation
27708,train
27709,train
27710,validation
27711,train
27712,train
27713,train
27714,train
27715,train
27716,train
27717,train
27718,validation
27719,validation
27720,validation
27721,train
27722,validation
27723,train
27724,train
27725,train
27726,train
27727,train
27728,validation
27729,train
27730,train
27731,train
27732,validation
27733,train
27734,train
27735,validation
27736,train
27737,train
27738,train
27739,train
27740,validation
27741,train
27742,train
27743,validation
27744,train
27745,train
27746,train
27747,validation
27748,train
27749,train
27750,train
27751,train
27752,train
27753,train
27754,train
27755,train
27756,train
27757,train
27758,train
27759,validation
27760,train
27761,validation
27762,train
27763,train
27764,train
27765,train
27766,validation
27767,validation
27768,train
27769,train
27770,train
27771,train
27772,train
27773,train
27774,validation
27775,validation
27776,train
27777,train
27778,train
27779,train
27780,train
27781,train
27782,train
27783,validation
27784,train
27785,train
27786,train
27787,train
27788,validation
27789,train
27790,train
27791,train
27792,validation
27793,train
27794,train
27795,train
27796,train
27797,validation
27798,train
27799,train
27800,validation
27801,train
27802,train
27803,train
27804,train
27805,train
27806,validation
27807,validation
27808,train
27809,train
27810,train
27811,train
27812,train
27813,train
27814,train
27815,train
27816,train
27817,train
27818,train
27819,train
27820,train
27821,validation
27822,train
27823,validation
27824,train
27825,validation
27826,train
27827,validation
27828,train
27829,train
27830,train
27831,validation
27832,train
27833,train
27834,train
27835,train
27836,train
27837,validation
27838,validation
27839,validation
27840,train
27841,train
27842,validation
27843,train
27844,validation
27845,validation
27846,train
27847,train
27848,validation
27849,train
27850,validation
27851,train
27852,train
27853,train
27854,validation
27855,train
27856,train
27857,validation
27858,train
27859,train
27860,train
27861,validation
27862,train
27863,train
27864,train
27865,train
27866,train
27867,train
27868,train
27869,train
27870,train
27871,train
27872,train
27873,train
27874,train
27875,train
27876,train
27877,train
27878,train
27879,train
27880,train
27881,train
27882,train
27883,train
27884,validation
27885,train
27886,train
27887,train
27888,train
27889,train
27890,train
27891,validation
27892,train
27893,validation
27894,train
27895,train
27896,train
27897,train
27898,validation
27899,validation
27900,train
27901,train
27902,train
27903,train
27904,train
27905,train
27906,train
27907,train
27908,train
27909,train
27910,train
27911,train
27912,train
27913,train
27914,validation
27915,train
27916,train
27917,train
27918,train
27919,train
27920,train
27921,train
27922,train
27923,train
27924,train
27925,train
27926,train
27927,train
27928,validation
27929,validation
27930,train
27931,train
27932,train
27933,train
27934,train
27935,train
27936,train
27937,train
27938,train
27939,train
27940,train
27941,train
27942,validation
27943,validation
27944,validation
27945,train
27946,train
27947,train
27948,train
27949,train
27950,train
27951,train
27952,train
27953,train
27954,train
27955,validation
27956,train
27957,train
27958,train
27959,train
27960,train
27961,validation
27962,train
27963,validation
27964,train
27965,train
27966,train
27967,train
27968,train
27969,train
27970,train
27971,train
27972,validation
27973,train
27974,train
27975,train
27976,train
27977,train
27978,validation
27979,train
27980,train
27981,train
27982,validation
27983,train
27984,train
27985,train
27986,train
27987,train
27988,train
27989,train
27990,train
27991,train
27992,validation
27993,train
27994,validation
27995,validation
27996,train
27997,validation
27998,train
27999,train
28000,train
28001,validation
28002,train
28003,validation
28004,validation
28005,train
28006,validation
28007,validation
28008,train
28009,train
28010,train
28011,train
28012,train
28013,train
28014,train
28015,train
28016,validation
28017,train
28018,train
28019,train
28020,train
28021,train
28022,train
28023,train
28024,train
28025,train
28026,train
28027,train
28028,train
28029,validation
28030,train
28031,validation
28032,train
28033,validation
28034,train
28035,train
28036,train
28037,train
28038,train
28039,train
28040,validation
28041,train
28042,train
28043,train
28044,train
28045,train
28046,train
28047,train
28048,train
28049,train
28050,train
28051,train
28052,train
28053,validation
28054,validation
28055,validation
28056,train
28057,train
28058,validation
28059,validation
28060,train
28061,train
28062,train
28063,train
28064,validation
28065,validation
28066,train
28067,train
28068,train
28069,validation
28070,train
28071,validation
28072,train
28073,train
28074,train
28075,train
28076,train
28077,train
28078,train
28079,train
28080,train
28081,validation
28082,train
28083,validation
28084,train
28085,train
28086,train
28087,train
28088,train
28089,train
28090,train
28091,train
28092,train
28093,train
28094,validation
28095,train
28096,train
28097,train
28098,train
28099,train
28100,train
28101,validation
28102,train
28103,train
28104,train
28105,validation
28106,train
28107,train
28108,train
28109,train
28110,train
28111,train
28112,train
28113,train
28114,train
28115,train
28116,train
28117,train
28118,train
28119,train
28120,train
28121,train
28122,train
28123,train
28124,train
28125,train
28126,validation
28127,train
28128,train
28129,train
28130,train
28131,validation
28132,train
28133,train
28134,train
28135,validation
28136,validation
28137,train
28138,validation
28139,train
28140,train
28141,train
28142,train
28143,train
28144,validation
28145,train
28146,validation
28147,validation
28148,train
28149,train
28150,train
28151,train
28152,validation
28153,train
28154,train
28155,train
28156,train
28157,train
28158,train
28159,validation
28160,train
28161,train
28162,train
28163,train
28164,train
28165,train
28166,train
28167,train
28168,validation
28169,train
28170,train
28171,train
28172,train
28173,train
28174,train
28175,train
28176,train
28177,train
28178,train
28179,validation
28180,train
28181,train
28182,validation
28183,train
28184,train
28185,train
28186,train
28187,train
28188,train
28189,train
28190,train
28191,train
28192,train
28193,train
28194,train
28195,train
28196,train
28197,validation
28198,train
28199,train
28200,train
28201,train
28202,validation
28203,train
28204,train
28205,train
28206,train
28207,train
28208,train
28209,validation
28210,train
28211,train
28212,train
28213,validation
28214,train
28215,validation
28216,train
28217,train
28218,train
28219,train
28220,train
28221,train
28222,train
28223,train
28224,train
28225,train
28226,train
28227,train
28228,train
28229,train
28230,validation
28231,train
28232,train
28233,train
28234,train
28235,train
28236,train
28237,train
28238,validation
28239,train
28240,validation
28241,train
28242,train
28243,validation
28244,validation
28245,train
28246,train
28247,train
28248,train
28249,train
28250,train
28251,train
28252,train
28253,train
28254,train
28255,train
28256,validation
28257,train
28258,train
28259,train
28260,train
28261,validation
28262,validation
28263,train
28264,train
28265,train
28266,train
28267,train
28268,train
28269,train
28270,train
28271,train
28272,train
28273,validation
28274,train
28275,train
28276,train
28277,train
28278,train
28279,train
28280,train
28281,train
28282,train
28283,train
28284,validation
28285,train
28286,train
28287,train
28288,train
28289,train
28290,train
28291,train
28292,validation
28293,train
28294,train
28295,validation
28296,train
28297,validation
28298,train
28299,train
28300,train
28301,train
28302,validation
28303,train
28304,train
28305,train
28306,train
28307,train
28308,train
28309,validation
28310,train
28311,validation
28312,train
28313,train
28314,validation
28315,train
28316,train
28317,train
28318,train
28319,train
28320,train
28321,train
28322,train
28323,train
28324,validation
28325,train
28326,validation
28327,train
28328,train
28329,train
28330,validation
28331,train
28332,validation
28333,train
28334,train
28335,train
28336,train
28337,train
28338,train
28339,train
28340,train
28341,train
28342,train
28343,train
28344,validation
28345,train
28346,train
28347,train
28348,train
28349,validation
28350,train
28351,train
28352,train
28353,validation
28354,train
28355,validation
28356,validation
28357,train
28358,train
28359,train
28360,train
28361,train
28362,train
28363,train
28364,train
28365,validation
28366,validation
28367,train
28368,validation
28369,train
28370,train
28371,train
28372,validation
28373,validation
28374,train
28375,train
28376,train
28377,train
28378,train
28379,validation
28380,train
28381,train
28382,train
28383,train
28384,train
28385,train
28386,train
28387,train
28388,train
28389,validation
28390,train
28391,train
28392,train
28393,train
28394,train
28395,train
28396,train
28397,validation
28398,validation
28399,train
28400,validation
28401,train
28402,train
28403,train
28404,validation
28405,train
28406,train
28407,train
28408,train
28409,train
28410,train
28411,train
28412,train
28413,train
28414,validation
28415,validation
28416,train
28417,train
28418,train
28419,validation
28420,validation
28421,train
28422,validation
28423,validation
28424,validation
28425,train
28426,train
28427,train
28428,train
28429,train
28430,validation
28431,train
28432,train
28433,train
28434,validation
28435,train
28436,train
28437,train
28438,validation
28439,train
28440,validation
28441,train
28442,train
28443,train
28444,validation
28445,validation
28446,train
28447,train
28448,train
28449,train
28450,train
28451,train
28452,train
28453,train
28454,train
28455,train
28456,train
28457,train
28458,train
28459,validation
28460,train
28461,train
28462,validation
28463,train
28464,train
28465,train
28466,train
28467,train
28468,train
28469,train
28470,train
28471,validation
28472,train
28473,train
28474,validation
28475,train
28476,train
28477,train
28478,validation
28479,validation
28480,train
28481,train
28482,train
28483,train
28484,train
28485,train
28486,validation
28487,train
28488,train
28489,train
28490,train
28491,train
28492,train
28493,validation
28494,train
28495,train
28496,train
28497,train
28498,train
28499,train
28500,train
28501,train
28502,train
28503,train
28504,train
28505,train
28506,validation
28507,train
28508,train
28509,validation
28510,train
28511,train
28512,train
28513,train
28514,train
28515,train
28516,train
28517,train
28518,train
28519,train
28520,train
28521,validation
28522,train
28523,train
28524,train
28525,train
28526,train
28527,train
28528,train
28529,train
28530,train
28531,train
28532,train
28533,train
28534,validation
28535,train
28536,train
28537,train
28538,validation
28539,train
28540,validation
28541,train
28542,train
28543,validation
28544,train
28545,train
28546,train
28547,train
28548,train
28549,validation
28550,validation
28551,train
28552,train
28553,validation
28554,train
28555,train
28556,train
28557,validation
28558,train
28559,train
28560,train
28561,train
28562,train
28563,validation
28564,train
28565,train
28566,train
28567,validation
28568,train
28569,train
28570,train
28571,validation
28572,train
28573,train
28574,train
28575,train
28576,train
28577,train
28578,train
28579,train
28580,validation
28581,train
28582,train
28583,train
28584,train
28585,train
28586,train
28587,train
28588,validation
28589,train
28590,train
28591,train
28592,train
28593,train
28594,train
28595,validation
28596,train
28597,train
28598,train
28599,train
28600,train
28601,train
28602,train
28603,validation
28604,train
28605,train
28606,train
28607,train
28608,train
28609,train
28610,validation
28611,train
28612,train
28613,train
28614,train
28615,train
28616,train
28617,train
28618,validation
28619,train
28620,train
28621,train
28622,train
28623,train
28624,train
28625,train
28626,validation
28627,train
28628,train
28629,train
28630,train
28631,train
28632,train
28633,train
28634,train
28635,train
28636,train
28637,train
28638,validation
28639,train
28640,train
28641,train
28642,train
28643,validation
28644,train
28645,train
28646,validation
28647,train
28648,train
28649,validation
28650,train
28651,train
28652,train
28653,validation
28654,train
28655,train
28656,validation
28657,validation
28658,train
28659,train
28660,train
28661,train
28662,validation
28663,train
28664,train
28665,train
28666,train
28667,validation
28668,train
28669,train
28670,train
28671,train
28672,train
28673,train
28674,train
28675,train
28676,train
28677,train
28678,train
28679,train
28680,train
28681,train
28682,train
28683,train
28684,train
28685,train
28686,train
28687,train
28688,train
28689,train
28690,train
28691,train
28692,train
28693,train
28694,train
28695,train
28696,train
28697,train
28698,train
28699,train
28700,train
28701,train
28702,train
28703,train
28704,train
28705,train
28706,validation
28707,validation
28708,train
28709,validation
28710,train
28711,train
28712,train
28713,train
28714,train
28715,train
28716,train
28717,train
28718,train
28719,validation
28720,train
28721,train
28722,train
28723,train
28724,train
28725,train
28726,train
28727,train
28728,train
28729,train
28730,train
28731,train
28732,train
28733,train
28734,train
28735,train
28736,train
28737,train
28738,train
28739,validation
28740,validation
28741,train
28742,train
28743,train
28744,train
28745,train
28746,train
28747,train
28748,train
28749,validation
28750,train
28751,train
28752,train
28753,train
28754,train
28755,train
28756,train
28757,train
28758,validation
28759,train
28760,train
28761,train
28762,validation
28763,train
28764,train
28765,train
28766,train
28767,train
28768,train
28769,train
28770,train
28771,train
28772,train
28773,train
28774,train
28775,validation
28776,train
28777,train
28778,train
28779,train
28780,train
28781,train
28782,validation
28783,validation
28784,train
28785,train
28786,train
28787,train
28788,train
28789,validation
28790,validation
28791,train
28792,train
28793,train
28794,train
28795,train
28796,train
28797,train
28798,train
28799,train
28800,train
28801,validation
28802,train
28803,validation
28804,validation
28805,train
28806,train
28807,validation
28808,train
28809,train
28810,validation
28811,train
28812,validation
28813,validation
28814,train
28815,train
28816,train
28817,train
28818,train
28819,train
28820,validation
28821,train
28822,train
28823,train
28824,train
28825,train
28826,train
28827,train
28828,validation
28829,validation
28830,train
28831,validation
28832,train
28833,train
28834,train
28835,train
28836,train
28837,train
28838,train
28839,train
28840,train
28841,train
28842,train
28843,train
28844,train
28845,train
28846,train
28847,train
28848,train
28849,train
28850,train
28851,train
28852,train
28853,train
28854,train
28855,validation
28856,validation
28857,train
28858,train
28859,train
28860,train
28861,train
28862,train
28863,train
28864,train
28865,train
28866,train
28867,validation
28868,train
28869,train
28870,train
28871,train
28872,train
28873,train
28874,train
28875,train
28876,train
28877,train
28878,train
28879,train
28880,train
28881,train
28882,train
28883,train
28884,train
28885,train
28886,train
28887,train
28888,train
28889,train
28890,validation
28891,train
28892,train
28893,train
28894,train
28895,train
28896,train
28897,validation
28898,train
28899,train
28900,train
28901,train
28902,train
28903,train
28904,train
28905,train
28906,train
28907,validation
28908,train
28909,train
28910,train
28911,validation
28912,train
28913,validation
28914,train
28915,train
28916,train
28917,train
28918,validation
28919,train
28920,train
28921,validation
28922,train
28923,train
28924,train
28925,train
28926,train
28927,train
28928,train
28929,train
28930,train
28931,train
28932,validation
28933,validation
28934,train
28935,train
28936,train
28937,validation
28938,train
28939,train
28940,train
28941,train
28942,validation
28943,train
28944,train
28945,train
28946,validation
28947,train
28948,train
28949,validation
28950,train
28951,train
28952,validation
28953,train
28954,train
28955,train
28956,train
28957,validation
28958,train
28959,train
28960,train
28961,train
28962,train
28963,train
28964,train
28965,train
28966,train
28967,train
28968,validation
28969,train
28970,validation
28971,train
28972,train
28973,train
28974,train
28975,train
28976,train
28977,train
28978,validation
28979,validation
28980,train
28981,train
28982,train
28983,train
28984,train
28985,validation
28986,validation
28987,train
28988,train
28989,validation
28990,train
28991,train
28992,validation
28993,train
28994,validation
28995,train
28996,train
28997,train
28998,train
28999,train
29000,train
29001,train
29002,validation
29003,validation
29004,train
29005,train
29006,train
29007,train
29008,train
29009,train
29010,validation
29011,train
29012,train
29013,train
29014,train
29015,train
29016,train
29017,validation
29018,train
29019,train
29020,validation
29021,train
29022,train
29023,train
29024,validation
29025,validation
29026,train
29027,train
29028,validation
29029,train
29030,train
29031,train
29032,train
29033,validation
29034,train
29035,train
29036,train
29037,train
29038,train
29039,train
29040,train
29041,train
29042,train
29043,train
29044,train
29045,validation
29046,validation
29047,validation
29048,train
29049,train
29050,train
29051,train
29052,train
29053,train
29054,train
29055,train
29056,train
29057,train
29058,train
29059,train
29060,train
29061,train
29062,train
29063,train
29064,validation
29065,train
29066,train
29067,train
29068,train
29069,train
29070,validation
29071,train
29072,validation
29073,train
29074,train
29075,train
29076,train
29077,train
29078,train
29079,train
29080,train
29081,train
29082,validation
29083,train
29084,validation
29085,train
29086,train
29087,train
29088,train
29089,train
29090,train
29091,validation
29092,train
29093,validation
29094,train
29095,train
29096,train
29097,validation
29098,validation
29099,train
29100,validation
29101,train
29102,train
29103,train
29104,validation
29105,validation
29106,validation
29107,train
29108,train
29109,train
29110,validation
29111,train
29112,train
29113,train
29114,train
29115,train
29116,train
29117,validation
29118,train
29119,train
29120,train
29121,train
29122,train
29123,train
29124,train
29125,train
29126,train
29127,train
29128,train
29129,train
29130,validation
29131,validation
29132,train
29133,train
29134,train
29135,train
29136,validation
29137,train
29138,train
29139,validation
29140,validation
29141,train
29142,train
29143,train
29144,train
29145,train
29146,train
29147,train
29148,train
29149,validation
29150,train
29151,train
29152,train
29153,train
29154,train
29155,train
29156,train
29157,train
29158,train
29159,train
29160,train
29161,validation
29162,train
29163,train
29164,train
29165,train
29166,train
29167,validation
29168,train
29169,validation
29170,train
29171,validation
29172,train
29173,train
29174,train
29175,validation
29176,train
29177,train
29178,train
29179,validation
29180,train
29181,train
29182,train
29183,train
29184,train
29185,train
29186,train
29187,train
29188,train
29189,validation
29190,validation
29191,train
29192,train
29193,validation
29194,train
29195,train
29196,train
29197,train
29198,train
29199,train
29200,train
29201,train
29202,train
29203,train
29204,train
29205,train
29206,train
29207,train
29208,train
29209,train
29210,train
29211,validation
29212,train
29213,train
29214,train
29215,train
29216,train
29217,train
29218,train
29219,train
29220,train
29221,train
29222,validation
29223,train
29224,validation
29225,validation
29226,train
29227,validation
29228,train
29229,train
29230,train
29231,validation
29232,train
29233,train
29234,train
29235,train
29236,train
29237,validation
29238,train
29239,validation
29240,train
29241,train
29242,train
29243,validation
29244,train
29245,train
29246,train
29247,train
29248,train
29249,train
29250,train
29251,train
29252,train
29253,train
29254,validation
29255,validation
29256,train
29257,train
29258,validation
29259,validation
29260,train
29261,train
29262,validation
29263,train
29264,train
29265,train
29266,train
29267,train
29268,train
29269,validation
29270,train
29271,validation
29272,train
29273,train
29274,train
29275,train
29276,train
29277,train
29278,train
29279,train
29280,validation
29281,train
29282,validation
29283,train
29284,train
29285,train
29286,train
29287,validation
29288,validation
29289,train
29290,train
29291,train
29292,validation
29293,train
29294,train
29295,train
29296,validation
29297,train
29298,train
29299,validation
29300,train
29301,validation
29302,train
29303,train
29304,train
29305,train
29306,validation
29307,train
29308,validation
29309,train
29310,train
29311,train
29312,train
29313,validation
29314,train
29315,validation
29316,validation
29317,train
29318,train
29319,train
29320,validation
29321,train
29322,train
29323,train
29324,validation
29325,validation
29326,train
29327,train
29328,train
29329,train
29330,train
29331,train
29332,validation
29333,validation
29334,train
29335,train
29336,train
29337,train
29338,train
29339,train
29340,validation
29341,train
29342,train
29343,train
29344,train
29345,train
29346,train
29347,train
29348,validation
29349,train
29350,train
29351,train
29352,train
29353,train
29354,train
29355,train
29356,train
29357,train
29358,train
29359,validation
29360,train
29361,train
29362,train
29363,train
29364,train
29365,train
29366,train
29367,train
29368,validation
29369,train
29370,train
29371,validation
29372,validation
29373,train
29374,validation
29375,train
29376,train
29377,train
29378,train
29379,validation
29380,train
29381,train
29382,train
29383,train
29384,train
29385,train
29386,train
29387,train
29388,train
29389,train
29390,validation
29391,train
29392,train
29393,train
29394,validation
29395,train
29396,train
29397,train
29398,train
29399,train
29400,train
29401,train
29402,train
29403,train
29404,train
29405,train
29406,validation
29407,train
29408,train
29409,train
29410,train
29411,train
29412,validation
29413,train
29414,validation
29415,train
29416,train
29417,train
29418,train
29419,train
29420,train
29421,train
29422,validation
29423,validation
29424,train
29425,validation
29426,train
29427,train
29428,validation
29429,train
29430,validation
29431,train
29432,validation
29433,train
29434,validation
29435,train
29436,validation
29437,train
29438,train
29439,train
29440,train
29441,train
29442,train
29443,validation
29444,train
29445,train
29446,train
29447,train
29448,train
29449,validation
29450,train
29451,train
29452,train
29453,validation
29454,train
29455,train
29456,validation
29457,train
29458,train
29459,train
29460,train
29461,train
29462,validation
29463,train
29464,train
29465,train
29466,train
29467,validation
29468,train
29469,train
29470,train
29471,train
29472,train
29473,train
29474,train
29475,validation
29476,train
29477,train
29478,validation
29479,train
29480,validation
29481,train
29482,train
29483,validation
29484,train
29485,train
29486,train
29487,train
29488,validation
29489,train
29490,train
29491,train
29492,train
29493,train
29494,train
29495,train
29496,train
29497,train
29498,validation
29499,train
29500,train
29501,train
29502,train
29503,validation
29504,validation
29505,validation
29506,validation
29507,train
29508,train
29509,validation
29510,train
29511,train
29512,train
29513,train
29514,train
29515,train
29516,train
29517,train
29518,train
29519,train
29520,validation
29521,train
29522,train
29523,train
29524,train
29525,train
29526,train
29527,train
29528,train
29529,validation
29530,train
29531,train
29532,train
29533,train
29534,train
29535,train
29536,train
29537,train
29538,train
29539,validation
29540,train
29541,train
29542,train
29543,train
29544,train
29545,train
29546,train
29547,train
29548,train
29549,train
29550,train
29551,validation
29552,validation
29553,train
29554,validation
29555,train
29556,train
29557,train
29558,validation
29559,train
29560,train
29561,validation
29562,train
29563,train
29564,train
29565,train
29566,train
29567,train
29568,train
29569,validation
29570,train
29571,train
29572,validation
29573,train
29574,train
29575,train
29576,train
29577,validation
29578,train
29579,validation
29580,train
29581,train
29582,validation
29583,validation
29584,train
29585,train
29586,train
29587,train
29588,train
29589,train
29590,train
29591,validation
29592,train
29593,train
29594,train
29595,validation
29596,train
29597,train
29598,train
29599,validation
29600,train
29601,train
29602,train
29603,train
29604,train
29605,train
29606,validation
29607,train
29608,train
29609,train
29610,validation
29611,train
29612,train
29613,validation
29614,validation
29615,train
29616,train
29617,train
29618,train
29619,train
29620,train
29621,train
29622,train
29623,validation
29624,train
29625,train
29626,train
29627,train
29628,train
29629,train
29630,train
29631,train
29632,train
29633,train
29634,train
29635,train
29636,train
29637,train
29638,validation
29639,validation
29640,train
29641,validation
29642,train
29643,train
29644,train
29645,train
29646,validation
29647,train
29648,train
29649,train
29650,train
29651,validation
29652,validation
29653,validation
29654,train
29655,train
29656,train
29657,validation
29658,train
29659,train
29660,train
29661,validation
29662,train
29663,train
29664,train
29665,train
29666,validation
29667,train
29668,train
29669,train
29670,train
29671,train
29672,validation
29673,train
29674,train
29675,train
29676,train
29677,train
29678,validation
29679,train
29680,train
29681,validation
29682,train
29683,train
29684,train
29685,train
29686,validation
29687,train
29688,train
29689,train
29690,train
29691,train
29692,validation
29693,validation
29694,train
29695,train
29696,train
29697,validation
29698,train
29699,train
29700,validation
29701,train
29702,train
29703,train
29704,train
29705,validation
29706,validation
29707,train
29708,validation
29709,validation
29710,validation
29711,train
29712,train
29713,validation
29714,train
29715,validation
29716,validation
29717,validation
29718,train
29719,train
29720,train
29721,train
29722,train
29723,train
29724,train
29725,train
29726,validation
29727,train
29728,validation
29729,validation
29730,train
29731,train
29732,validation
29733,train
29734,train
29735,train
29736,train
29737,train
29738,validation
29739,validation
29740,train
29741,train
29742,train
29743,train
29744,validation
29745,train
29746,train
29747,train
29748,train
29749,train
29750,train
29751,train
29752,train
29753,train
29754,train
29755,train
29756,train
29757,train
29758,train
29759,train
29760,train
29761,train
29762,validation
29763,validation
29764,train
29765,train
29766,train
29767,validation
29768,validation
29769,validation
29770,train
29771,train
29772,train
29773,train
29774,train
29775,train
29776,train
29777,validation
29778,train
29779,train
29780,train
29781,validation
29782,train
29783,validation
29784,train
29785,train
29786,train
29787,train
29788,train
29789,train
29790,validation
29791,train
29792,validation
29793,train
29794,train
29795,train
29796,train
29797,train
29798,train
29799,train
29800,validation
29801,train
29802,train
29803,validation
29804,train
29805,train
29806,train
29807,train
29808,train
29809,train
29810,train
29811,train
29812,train
29813,train
29814,validation
29815,train
29816,validation
29817,train
29818,validation
29819,train
29820,train
29821,validation
29822,train
29823,train
29824,train
29825,train
29826,validation
29827,validation
29828,train
29829,train
29830,train
29831,train
29832,train
29833,train
29834,validation
29835,train
29836,train
29837,train
29838,train
29839,train
29840,validation
29841,train
29842,train
29843,train
29844,train
29845,validation
29846,train
29847,train
29848,train
29849,train
29850,train
29851,validation
29852,train
29853,train
29854,validation
29855,train
29856,train
29857,validation
29858,train
29859,train
29860,train
29861,train
29862,train
29863,train
29864,train
29865,train
29866,validation
29867,train
29868,validation
29869,validation
29870,train
29871,train
29872,train
29873,train
29874,train
29875,train
29876,train
29877,train
29878,train
29879,train
29880,train
29881,validation
29882,train
29883,train
29884,validation
29885,train
29886,train
29887,train
29888,train
29889,validation
29890,train
29891,validation
29892,train
29893,train
29894,train
29895,validation
29896,train
29897,validation
29898,train
29899,train
29900,train
29901,train
29902,train
29903,validation
29904,validation
29905,train
29906,train
29907,validation
29908,train
29909,train
29910,validation
29911,train
29912,train
29913,train
29914,train
29915,train
29916,train
29917,train
29918,train
29919,train
29920,train
29921,validation
29922,validation
29923,train
29924,train
29925,train
29926,train
29927,validation
29928,train
29929,train
29930,train
29931,train
29932,train
29933,train
29934,train
29935,train
29936,train
29937,train
29938,train
29939,train
29940,train
29941,train
29942,train
29943,validation
29944,validation
29945,train
29946,train
29947,train
29948,validation
29949,validation
29950,train
29951,validation
29952,train
29953,train
29954,train
29955,train
29956,validation
29957,train
29958,train
29959,train
29960,train
29961,train
29962,train
29963,validation
29964,train
29965,train
29966,validation
29967,train
29968,train
29969,train
29970,validation
29971,train
29972,train
29973,train
29974,train
29975,train
29976,train
29977,train
29978,validation
29979,validation
29980,validation
29981,train
29982,train
29983,validation
29984,train
29985,train
29986,train
29987,train
29988,train
29989,train
29990,train
29991,train
29992,train
29993,train
29994,train
29995,train
29996,train
29997,train
29998,validation
29999,train
30000,train
30001,train
30002,validation
30003,validation
30004,train
30005,train
30006,train
30007,validation
30008,train
30009,validation
30010,train
30011,train
30012,validation
30013,train
30014,train
30015,train
30016,validation
30017,train
30018,train
30019,train
30020,train
30021,train
30022,train
30023,train
30024,validation
30025,train
30026,train
30027,train
30028,validation
30029,train
30030,train
30031,train
30032,validation
30033,train
30034,train
30035,validation
30036,validation
30037,train
30038,train
30039,validation
30040,train
30041,validation
30042,validation
30043,train
30044,train
30045,train
30046,train
30047,train
30048,train
30049,train
30050,train
30051,validation
30052,validation
30053,train
30054,train
30055,train
30056,train
30057,train
30058,train
30059,validation
30060,validation
30061,train
30062,train
30063,train
30064,validation
30065,train
30066,train
30067,train
30068,train
30069,train
30070,validation
30071,train
30072,train
30073,train
30074,validation
30075,train
30076,train
30077,validation
30078,train
30079,train
30080,train
30081,train
30082,train
30083,train
30084,validation
30085,train
30086,train
30087,train
30088,train
30089,train
30090,validation
30091,train
30092,train
30093,train
30094,train
30095,train
30096,train
30097,train
30098,train
30099,validation
30100,train
30101,train
30102,train
30103,train
30104,validation
30105,train
30106,validation
30107,train
30108,train
30109,train
30110,train
30111,validation
30112,train
30113,train
30114,train
30115,train
30116,train
30117,train
30118,train
30119,train
30120,train
30121,train
30122,train
30123,train
30124,train
30125,train
30126,train
30127,train
30128,train
30129,train
30130,train
30131,train
30132,train
30133,train
30134,train
30135,train
30136,train
30137,validation
30138,train
30139,train
30140,train
30141,train
30142,train
30143,train
30144,validation
30145,train
30146,train
30147,train
30148,train
30149,train
30150,train
30151,validation
30152,train
30153,train
30154,train
30155,train
30156,validation
30157,train
30158,train
30159,train
30160,validation
30161,train
30162,train
30163,train
30164,validation
30165,train
30166,train
30167,train
30168,train
30169,train
30170,train
30171,train
30172,train
30173,train
30174,train
30175,train
30176,validation
30177,train
30178,train
30179,train
30180,validation
30181,train
30182,train
30183,train
30184,validation
30185,train
30186,validation
30187,validation
30188,train
30189,train
30190,validation
30191,validation
30192,train
30193,train
30194,train
30195,train
30196,train
30197,train
30198,train
30199,validation
30200,train
30201,validation
30202,train
30203,train
30204,validation
30205,train
30206,train
30207,train
30208,train
30209,train
30210,train
30211,train
30212,train
30213,train
30214,train
30215,train
30216,train
30217,train
30218,train
30219,train
30220,validation
30221,train
30222,train
30223,train
30224,validation
30225,validation
30226,train
30227,train
30228,train
30229,train
30230,train
30231,train
30232,train
30233,train
30234,train
30235,train
30236,train
30237,train
30238,train
30239,train
30240,train
30241,train
30242,validation
30243,train
30244,validation
30245,train
30246,train
30247,train
30248,train
30249,validation
30250,train
30251,train
30252,train
30253,train
30254,validation
30255,train
30256,train
30257,train
30258,train
30259,train
30260,validation
30261,validation
30262,train
30263,train
30264,train
30265,train
30266,train
30267,train
30268,train
30269,validation
30270,validation
30271,train
30272,train
30273,train
30274,train
30275,train
30276,validation
30277,train
30278,train
30279,validation
30280,validation
30281,train
30282,train
30283,train
30284,validation
30285,train
30286,train
30287,train
30288,train
30289,train
30290,train
30291,train
30292,train
30293,train
30294,train
30295,train
30296,train
30297,train
30298,train
30299,train
30300,validation
30301,train
30302,train
30303,validation
30304,validation
30305,train
30306,train
30307,train
30308,train
30309,validation
30310,train
30311,train
30312,train
30313,validation
30314,train
30315,train
30316,train
30317,train
30318,train
30319,train
30320,validation
30321,train
30322,train
30323,train
30324,validation
30325,train
30326,train
30327,train
30328,train
30329,train
30330,train
30331,validation
30332,train
30333,train
30334,train
30335,train
30336,train
30337,train
30338,train
30339,train
30340,train
30341,validation
30342,train
30343,train
30344,train
30345,train
30346,train
30347,train
30348,train
30349,train
30350,train
30351,train
30352,train
30353,train
30354,train
30355,train
30356,train
30357,train
30358,validation
30359,train
30360,train
30361,train
30362,train
30363,train
30364,train
30365,train
30366,validation
30367,train
30368,train
30369,train
30370,train
30371,train
30372,train
30373,train
30374,train
30375,validation
30376,train
30377,train
30378,train
30379,validation
30380,train
30381,train
30382,train
30383,validation
30384,train
30385,train
30386,train
30387,validation
30388,train
30389,train
30390,train
30391,train
30392,train
30393,train
30394,train
30395,validation
30396,train
30397,train
30398,train
30399,validation
30400,train
30401,train
30402,validation
30403,train
30404,train
30405,train
30406,validation
30407,train
30408,train
30409,train
30410,validation
30411,validation
30412,train
30413,train
30414,train
30415,train
30416,train
30417,validation
30418,train
30419,train
30420,train
30421,train
30422,train
30423,train
30424,train
30425,train
30426,train
30427,train
30428,train
30429,train
30430,validation
30431,train
30432,train
30433,train
30434,train
30435,train
30436,train
30437,train
30438,validation
30439,train
30440,train
30441,train
30442,train
30443,validation
30444,train
30445,train
30446,train
30447,train
30448,validation
30449,train
30450,train
30451,train
30452,train
30453,train
30454,train
30455,train
30456,train
30457,validation
30458,train
30459,train
30460,train
30461,train
30462,train
30463,train
30464,train
30465,train
30466,train
30467,validation
30468,train
30469,train
30470,validation
30471,train
30472,train
30473,train
30474,train
30475,train
30476,validation
30477,validation
30478,train
30479,train
30480,validation
30481,train
30482,train
30483,train
30484,train
30485,train
30486,train
30487,train
30488,train
30489,train
30490,train
30491,train
30492,train
30493,validation
30494,train
30495,train
30496,train
30497,train
30498,train
30499,train
30500,validation
30501,train
30502,train
30503,train
30504,train
30505,train
30506,validation
30507,train
30508,validation
30509,train
30510,train
30511,train
30512,validation
30513,train
30514,train
30515,validation
30516,validation
30517,train
30518,train
30519,train
30520,train
30521,train
30522,train
30523,train
30524,train
30525,validation
30526,train
30527,train
30528,train
30529,train
30530,train
30531,validation
30532,train
30533,train
30534,train
30535,train
30536,train
30537,train
30538,validation
30539,validation
30540,train
30541,train
30542,train
30543,train
30544,train
30545,train
30546,train
30547,train
30548,train
30549,train
30550,validation
30551,train
30552,validation
30553,validation
30554,validation
30555,validation
30556,train
30557,validation
30558,train
30559,validation
30560,train
30561,validation
30562,train
30563,train
30564,train
30565,train
30566,train
30567,train
30568,train
30569,train
30570,train
30571,train
30572,train
30573,train
30574,train
30575,validation
30576,train
30577,train
30578,validation
30579,validation
30580,validation
30581,validation
30582,train
30583,train
30584,train
30585,validation
30586,train
30587,train
30588,train
30589,train
30590,train
30591,train
30592,validation
30593,train
30594,validation
30595,train
30596,validation
30597,train
30598,train
30599,train
30600,train
30601,train
30602,train
30603,train
30604,train
30605,train
30606,train
30607,train
30608,validation
30609,train
30610,train
30611,train
30612,train
30613,train
30614,train
30615,train
30616,validation
30617,validation
30618,train
30619,validation
30620,train
30621,train
30622,train
30623,train
30624,train
30625,train
30626,validation
30627,train
30628,train
30629,train
30630,train
30631,train
30632,validation
30633,train
30634,train
30635,validation
30636,train
30637,train
30638,train
30639,validation
30640,train
30641,validation
30642,train
30643,train
30644,validation
30645,validation
30646,validation
30647,train
30648,train
30649,train
30650,train
30651,train
30652,train
30653,train
30654,train
30655,train
30656,train
30657,train
30658,train
30659,train
30660,train
30661,train
30662,train
30663,train
30664,train
30665,train
30666,train
30667,train
30668,train
30669,train
30670,train
30671,train
30672,train
30673,train
30674,validation
30675,train
30676,train
30677,train
30678,train
30679,train
30680,train
30681,train
30682,train
30683,train
30684,validation
30685,train
30686,train
30687,validation
30688,train
30689,train
30690,train
30691,validation
30692,train
30693,train
30694,train
30695,train
30696,train
30697,train
30698,validation
30699,train
30700,validation
30701,train
30702,train
30703,train
30704,train
30705,validation
30706,validation
30707,train
30708,train
30709,train
30710,validation
30711,train
30712,validation
30713,train
30714,validation
30715,train
30716,train
30717,train
30718,validation
30719,train
30720,train
30721,validation
30722,train
30723,train
30724,train
30725,train
30726,train
30727,train
30728,train
30729,train
30730,train
30731,train
30732,train
30733,train
30734,train
30735,train
30736,train
30737,train
30738,train
30739,train
30740,train
30741,train
30742,train
30743,validation
30744,train
30745,train
30746,train
30747,train
30748,train
30749,train
30750,train
30751,train
30752,train
30753,train
30754,train
30755,validation
30756,train
30757,train
30758,train
30759,train
30760,train
30761,train
30762,train
30763,validation
30764,train
30765,train
30766,train
30767,train
30768,train
30769,train
30770,train
30771,validation
30772,validation
30773,train
30774,validation
30775,train
30776,train
30777,train
30778,train
30779,train
30780,train
30781,train
30782,train
30783,train
30784,train
30785,train
30786,validation
30787,train
30788,train
30789,train
30790,train
30791,train
30792,train
30793,train
30794,train
30795,train
30796,validation
30797,train
30798,train
30799,train
30800,train
30801,train
30802,train
30803,train
30804,train
30805,train
30806,train
30807,train
30808,train
30809,train
30810,train
30811,train
30812,train
30813,train
30814,train
30815,train
30816,validation
30817,train
30818,train
30819,validation
30820,train
30821,validation
30822,train
30823,train
30824,train
30825,validation
30826,train
30827,train
30828,train
30829,train
30830,train
30831,validation
30832,train
30833,validation
30834,train
30835,train
30836,train
30837,train
30838,train
30839,train
30840,train
30841,validation
30842,validation
30843,validation
30844,train
30845,train
30846,train
30847,train
30848,train
30849,train
30850,train
30851,train
30852,train
30853,train
30854,train
30855,train
30856,train
30857,train
30858,train
30859,train
30860,train
30861,train
30862,train
30863,validation
30864,train
30865,train
30866,validation
30867,validation
30868,validation
30869,train
30870,train
30871,train
30872,train
30873,train
30874,train
30875,validation
30876,train
30877,train
30878,validation
30879,validation
30880,train
30881,train
30882,train
30883,train
30884,train
30885,train
30886,validation
30887,train
30888,train
30889,train
30890,train
30891,train
30892,train
30893,train
30894,train
30895,train
30896,train
30897,train
30898,train
30899,train
30900,validation
30901,train
30902,train
30903,validation
30904,train
30905,train
30906,train
30907,train
30908,train
30909,train
30910,validation
30911,train
30912,train
30913,validation
30914,validation
30915,train
30916,validation
30917,validation
30918,validation
30919,train
30920,train
30921,train
30922,train
30923,train
30924,train
30925,train
30926,validation
30927,train
30928,train
30929,train
30930,train
30931,train
30932,validation
30933,train
30934,train
30935,train
30936,validation
30937,validation
30938,train
30939,validation
30940,train
30941,train
30942,train
30943,validation
30944,train
30945,train
30946,validation
30947,train
30948,validation
30949,train
30950,train
30951,train
30952,train
30953,train
30954,train
30955,train
30956,train
30957,train
30958,train
30959,train
30960,train
30961,train
30962,train
30963,train
30964,validation
30965,validation
30966,train
30967,train
30968,train
30969,train
30970,train
30971,train
30972,train
30973,validation
30974,train
30975,train
30976,train
30977,train
30978,validation
30979,validation
30980,validation
30981,train
30982,train
30983,train
30984,train
30985,validation
30986,train
30987,train
30988,validation
30989,train
30990,train
30991,train
30992,train
30993,validation
30994,train
30995,train
30996,train
30997,validation
30998,train
30999,train
31000,train
31001,train
31002,validation
31003,train
31004,validation
31005,validation
31006,train
31007,validation
31008,train
31009,validation
31010,train
31011,train
31012,validation
31013,train
31014,validation
31015,train
31016,train
31017,train
31018,validation
31019,validation
31020,train
31021,train
31022,train
31023,validation
31024,validation
31025,train
31026,train
31027,train
31028,validation
31029,train
31030,train
31031,train
31032,train
31033,validation
31034,train
31035,train
31036,train
31037,train
31038,train
31039,validation
31040,train
31041,train
31042,validation
31043,validation
31044,train
31045,train
31046,train
31047,validation
31048,train
31049,validation
31050,validation
31051,validation
31052,train
31053,train
31054,train
31055,train
31056,train
31057,train
31058,train
31059,train
31060,train
31061,train
31062,train
31063,train
31064,train
31065,train
31066,train
31067,train
31068,validation
31069,train
31070,train
31071,train
31072,train
31073,train
31074,train
31075,train
31076,validation
31077,validation
31078,train
31079,validation
31080,train
31081,train
31082,train
31083,train
31084,train
31085,train
31086,train
31087,train
31088,train
31089,train
31090,train
31091,train
31092,train
31093,train
31094,validation
31095,train
31096,train
31097,train
31098,validation
31099,train
31100,train
31101,train
31102,train
31103,train
31104,validation
31105,train
31106,train
31107,train
31108,validation
31109,train
31110,validation
31111,train
31112,train
31113,train
31114,train
31115,train
31116,validation
31117,train
31118,train
31119,train
31120,train
31121,train
31122,train
31123,train
31124,validation
31125,train
31126,validation
31127,train
31128,train
31129,train
31130,train
31131,train
31132,train
31133,validation
31134,train
31135,train
31136,train
31137,validation
31138,train
31139,train
31140,validation
31141,train
31142,validation
31143,train
31144,train
31145,train
31146,train
31147,train
31148,validation
31149,train
31150,train
31151,train
31152,train
31153,train
31154,train
31155,train
31156,train
31157,train
31158,validation
31159,train
31160,train
31161,validation
31162,train
31163,train
31164,train
31165,train
31166,validation
31167,train
31168,train
31169,train
31170,train
31171,train
31172,train
31173,train
31174,train
31175,train
31176,train
31177,train
31178,train
31179,validation
31180,train
31181,train
31182,train
31183,train
31184,train
31185,train
31186,train
31187,validation
31188,train
31189,train
31190,train
31191,train
31192,train
31193,train
31194,validation
31195,validation
31196,train
31197,train
31198,train
31199,train
31200,train
31201,train
31202,train
31203,train
31204,train
31205,train
31206,train
31207,train
31208,train
31209,train
31210,validation
31211,train
31212,validation
31213,validation
31214,train
31215,train
31216,train
31217,train
31218,train
31219,train
31220,validation
31221,train
31222,validation
31223,train
31224,train
31225,train
31226,train
31227,train
31228,train
31229,validation
31230,train
31231,train
31232,train
31233,train
31234,validation
31235,train
31236,train
31237,validation
31238,validation
31239,train
31240,train
31241,train
31242,train
31243,train
31244,train
31245,train
31246,train
31247,train
31248,train
31249,train
31250,train
31251,train
31252,train
31253,train
31254,train
31255,validation
31256,train
31257,train
31258,validation
31259,train
31260,train
31261,train
31262,validation
31263,train
31264,train
31265,validation
31266,train
31267,train
31268,train
31269,validation
31270,train
31271,train
31272,train
31273,validation
31274,train
31275,validation
31276,train
31277,train
31278,validation
31279,train
31280,train
31281,validation
31282,train
31283,train
31284,train
31285,validation
31286,train
31287,validation
31288,validation
31289,validation
31290,train
31291,train
31292,train
31293,train
31294,train
31295,train
31296,train
31297,validation
31298,train
31299,train
31300,train
31301,validation
31302,validation
31303,train
31304,train
31305,train
31306,validation
31307,train
31308,train
31309,train
31310,train
31311,validation
31312,train
31313,train
31314,train
31315,train
31316,validation
31317,validation
31318,train
31319,train
31320,train
31321,train
31322,train
31323,train
31324,train
31325,train
31326,train
31327,train
31328,train
31329,train
31330,train
31331,validation
31332,train
31333,train
31334,train
31335,train
31336,train
31337,train
31338,train
31339,train
31340,validation
31341,validation
31342,train
31343,train
31344,validation
31345,train
31346,train
31347,validation
31348,train
31349,validation
31350,train
31351,train
31352,train
31353,train
31354,train
31355,validation
31356,train
31357,train
31358,train
31359,train
31360,train
31361,train
31362,train
31363,train
31364,validation
31365,train
31366,train
31367,train
31368,train
31369,train
31370,train
31371,train
31372,train
31373,train
31374,train
31375,train
31376,train
31377,train
31378,train
31379,train
31380,train
31381,validation
31382,train
31383,train
31384,train
31385,train
31386,train
31387,train
31388,train
31389,train
31390,validation
31391,validation
31392,train
31393,validation
31394,train
31395,train
31396,train
31397,train
31398,train
31399,train
31400,train
31401,train
31402,train
31403,train
31404,train
31405,train
31406,train
31407,train
31408,train
31409,validation
31410,train
31411,train
31412,validation
31413,train
31414,train
31415,train
31416,train
31417,validation
31418,train
31419,train
31420,validation
31421,train
31422,train
31423,train
31424,train
31425,train
31426,train
31427,train
31428,train
31429,train
31430,train
31431,train
31432,train
31433,train
31434,validation
31435,train
31436,train
31437,train
31438,train
31439,train
31440,train
31441,train
31442,train
31443,train
31444,train
31445,train
31446,train
31447,train
31448,train
31449,validation
31450,train
31451,train
31452,train
31453,train
31454,train
31455,validation
31456,validation
31457,train
31458,train
31459,train
31460,train
31461,train
31462,train
31463,train
31464,train
31465,train
31466,train
31467,train
31468,train
31469,train
31470,validation
31471,train
31472,train
31473,train
31474,train
31475,train
31476,train
31477,validation
31478,train
31479,train
31480,train
31481,train
31482,train
31483,train
31484,train
31485,train
31486,train
31487,train
31488,train
31489,validation
31490,train
31491,train
31492,train
31493,train
31494,train
31495,train
31496,train
31497,train
31498,validation
31499,validation
31500,train
31501,train
31502,train
31503,train
31504,validation
31505,validation
31506,train
31507,train
31508,train
31509,train
31510,validation
31511,validation
31512,validation
31513,train
31514,train
31515,train
31516,train
31517,train
31518,train
31519,train
31520,train
31521,train
31522,train
31523,train
31524,train
31525,train
31526,train
31527,train
31528,train
31529,train
31530,train
31531,train
31532,validation
31533,train
31534,train
31535,train
31536,validation
31537,train
31538,train
31539,train
31540,validation
31541,train
31542,train
31543,train
31544,train
31545,validation
31546,train
31547,train
31548,train
31549,train
31550,train
31551,train
31552,train
31553,train
31554,train
31555,train
31556,train
31557,train
31558,train
31559,train
31560,train
31561,train
31562,train
31563,validation
31564,train
31565,train
31566,train
31567,train
31568,train
31569,train
31570,train
31571,train
31572,train
31573,train
31574,train
31575,train
31576,train
31577,train
31578,train
31579,train
31580,train
31581,train
31582,validation
31583,validation
31584,validation
31585,train
31586,validation
31587,train
31588,validation
31589,train
31590,train
31591,train
31592,train
31593,train
31594,train
31595,train
31596,train
31597,train
31598,validation
31599,train
31600,train
31601,train
31602,validation
31603,train
31604,train
31605,train
31606,train
31607,train
31608,validation
31609,train
31610,train
31611,train
31612,train
31613,validation
31614,train
31615,train
31616,validation
31617,train
31618,train
31619,train
31620,train
31621,train
31622,train
31623,train
31624,train
31625,validation
31626,train
31627,train
31628,train
31629,train
31630,validation
31631,train
31632,train
31633,train
31634,train
31635,train
31636,train
31637,validation
31638,validation
31639,train
31640,train
31641,train
31642,train
31643,validation
31644,validation
31645,train
31646,train
31647,train
31648,train
31649,train
31650,train
31651,validation
31652,train
31653,train
31654,train
31655,train
31656,validation
31657,train
31658,validation
31659,train
31660,validation
31661,train
31662,train
31663,train
31664,validation
31665,train
31666,validation
31667,train
31668,validation
31669,train
31670,validation
31671,train
31672,train
31673,train
31674,train
31675,train
31676,validation
31677,train
31678,validation
31679,train
31680,train
31681,train
31682,train
31683,train
31684,train
31685,train
31686,train
31687,train
31688,validation
31689,validation
31690,train
31691,train
31692,train
31693,validation
31694,train
31695,train
31696,train
31697,train
31698,train
31699,train
31700,train
31701,train
31702,validation
31703,train
31704,validation
31705,train
31706,train
31707,train
31708,train
31709,validation
31710,train
31711,train
31712,train
31713,train
31714,validation
31715,train
31716,train
31717,train
31718,train
31719,train
31720,train
31721,train
31722,train
31723,train
31724,train
31725,train
31726,train
31727,train
31728,train
31729,train
31730,train
31731,validation
31732,train
31733,validation
31734,validation
31735,train
31736,train
31737,validation
31738,train
31739,train
31740,validation
31741,train
31742,train
31743,train
31744,validation
31745,train
31746,train
31747,train
31748,train
31749,train
31750,train
31751,train
31752,train
31753,train
31754,train
31755,train
31756,train
31757,train
31758,train
31759,train
31760,train
31761,train
31762,train
31763,train
31764,train
31765,validation
31766,train
31767,train
31768,train
31769,train
31770,train
31771,train
31772,validation
31773,train
31774,validation
31775,validation
31776,train
31777,train
31778,train
31779,train
31780,train
31781,train
31782,train
31783,train
31784,validation
31785,train
31786,validation
31787,train
31788,validation
31789,train
31790,train
31791,train
31792,train
31793,train
31794,train
31795,train
31796,validation
31797,train
31798,train
31799,train
31800,train
31801,train
31802,train
31803,train
31804,train
31805,train
31806,train
31807,train
31808,train
31809,train
31810,train
31811,train
31812,validation
31813,train
31814,validation
31815,train
31816,train
31817,train
31818,validation
31819,train
31820,validation
31821,train
31822,train
31823,validation
31824,train
31825,train
31826,validation
31827,train
31828,train
31829,train
31830,validation
31831,train
31832,train
31833,validation
31834,train
31835,train
31836,train
31837,train
31838,train
31839,train
31840,train
31841,train
31842,train
31843,train
31844,train
31845,train
31846,train
31847,validation
31848,train
31849,train
31850,train
31851,validation
31852,train
31853,train
31854,validation
31855,train
31856,validation
31857,train
31858,train
31859,train
31860,train
31861,validation
31862,train
31863,train
31864,train
31865,validation
31866,train
31867,train
31868,train
31869,train
31870,train
31871,train
31872,validation
31873,train
31874,train
31875,train
31876,train
31877,train
31878,train
31879,train
31880,train
31881,train
31882,validation
31883,validation
31884,train
31885,train
31886,train
31887,train
31888,train
31889,train
31890,train
31891,train
31892,train
31893,validation
31894,train
31895,train
31896,train
31897,validation
31898,train
31899,train
31900,validation
31901,validation
31902,train
31903,train
31904,train
31905,validation
31906,train
31907,train
31908,validation
31909,train
31910,train
31911,train
31912,train
31913,train
31914,train
31915,train
31916,train
31917,train
31918,train
31919,train
31920,train
31921,train
31922,train
31923,train
31924,train
31925,train
31926,train
31927,train
31928,validation
31929,validation
31930,train
31931,validation
31932,train
31933,validation
31934,validation
31935,train
31936,train
31937,train
31938,train
31939,train
31940,validation
31941,train
31942,train
31943,train
31944,train
31945,train
31946,train
31947,train
31948,train
31949,train
31950,train
31951,train
31952,train
31953,train
31954,train
31955,train
31956,train
31957,train
31958,train
31959,validation
31960,train
31961,train
31962,train
31963,train
31964,validation
31965,validation
31966,train
31967,train
31968,validation
31969,train
31970,train
31971,train
31972,validation
31973,train
31974,train
31975,train
31976,validation
31977,train
31978,train
31979,train
31980,train
31981,train
31982,train
31983,train
31984,validation
31985,train
31986,train
31987,train
31988,train
31989,validation
31990,train
31991,train
31992,train
31993,train
31994,train
31995,train
31996,train
31997,train
31998,validation
31999,train
32000,train
32001,train
32002,train
32003,train
32004,train
32005,train
32006,train
32007,train
32008,train
32009,validation
32010,train
32011,train
32012,train
32013,validation
32014,train
32015,train
32016,train
32017,validation
32018,train
32019,train
32020,train
32021,train
32022,train
32023,train
32024,train
32025,train
32026,train
32027,train
32028,train
32029,train
32030,validation
32031,train
32032,validation
32033,train
32034,validation
32035,train
32036,validation
32037,train
32038,train
32039,train
32040,train
32041,validation
32042,validation
32043,validation
32044,train
32045,train
32046,train
32047,validation
32048,train
32049,validation
32050,train
32051,train
32052,train
32053,train
32054,train
32055,validation
32056,train
32057,validation
32058,validation
32059,train
32060,train
32061,train
32062,validation
32063,train
32064,train
32065,train
32066,train
32067,train
32068,train
32069,validation
32070,train
32071,train
32072,train
32073,train
32074,train
32075,train
32076,validation
32077,train
32078,validation
32079,train
32080,train
32081,train
32082,train
32083,train
32084,train
32085,train
32086,train
32087,train
32088,train
32089,train
32090,validation
32091,train
32092,train
32093,train
32094,validation
32095,train
32096,validation
32097,validation
32098,train
32099,train
32100,train
32101,train
32102,train
32103,train
32104,validation
32105,validation
32106,train
32107,train
32108,train
32109,train
32110,train
32111,validation
32112,train
32113,train
32114,validation
32115,validation
32116,train
32117,train
32118,validation
32119,train
32120,train
32121,train
32122,train
32123,train
32124,train
32125,train
32126,train
32127,train
32128,train
32129,train
32130,train
32131,validation
32132,train
32133,train
32134,train
32135,train
32136,train
32137,train
32138,train
32139,validation
32140,train
32141,validation
32142,train
32143,validation
32144,validation
32145,validation
32146,validation
32147,train
32148,train
32149,train
32150,train
32151,validation
32152,train
32153,train
32154,train
32155,validation
32156,validation
32157,train
32158,train
32159,train
32160,train
32161,train
32162,train
32163,train
32164,train
32165,train
32166,train
32167,train
32168,train
32169,train
32170,validation
32171,train
32172,train
32173,train
32174,train
32175,train
32176,validation
32177,train
32178,train
32179,train
32180,validation
32181,train
32182,train
32183,train
32184,validation
32185,train
32186,train
32187,train
32188,validation
32189,train
32190,train
32191,validation
32192,train
32193,train
32194,train
32195,train
32196,train
32197,train
32198,validation
32199,train
32200,train
32201,train
32202,train
32203,train
32204,validation
32205,train
32206,train
32207,train
32208,validation
32209,train
32210,validation
32211,train
32212,train
32213,validation
32214,validation
32215,train
32216,validation
32217,validation
32218,validation
32219,train
32220,train
32221,validation
32222,train
32223,train
32224,train
32225,validation
32226,validation
32227,train
32228,train
32229,train
32230,validation
32231,train
32232,train
32233,train
32234,validation
32235,train
32236,train
32237,train
32238,train
32239,validation
32240,train
32241,validation
32242,train
32243,train
32244,train
32245,train
32246,train
32247,train
32248,train
32249,train
32250,validation
32251,train
32252,train
32253,train
32254,train
32255,train
32256,train
32257,train
32258,train
32259,train
32260,train
32261,train
32262,validation
32263,train
32264,validation
32265,train
32266,train
32267,train
32268,train
32269,train
32270,train
32271,train
32272,train
32273,train
32274,train
32275,train
32276,train
32277,validation
32278,train
32279,train
32280,validation
32281,train
32282,train
32283,train
32284,train
32285,validation
32286,train
32287,train
32288,train
32289,train
32290,train
32291,train
32292,train
32293,train
32294,train
32295,validation
32296,train
32297,train
32298,validation
32299,train
32300,train
32301,train
32302,train
32303,train
32304,train
32305,train
32306,train
32307,train
32308,train
32309,train
32310,train
32311,train
32312,train
32313,train
32314,validation
32315,train
32316,train
32317,train
32318,train
32319,validation
32320,train
32321,train
32322,train
32323,train
32324,train
32325,validation
32326,train
32327,train
32328,train
32329,train
32330,train
32331,train
32332,train
32333,validation
32334,train
32335,train
32336,validation
32337,train
32338,train
32339,train
32340,train
32341,train
32342,validation
32343,train
32344,train
32345,train
32346,validation
32347,train
32348,validation
32349,train
32350,train
32351,train
32352,train
32353,train
32354,train
32355,validation
32356,train
32357,train
32358,train
32359,train
32360,train
32361,train
32362,validation
32363,validation
32364,train
32365,validation
32366,train
32367,train
32368,validation
32369,train
32370,train
32371,train
32372,train
32373,train
32374,train
32375,train
32376,train
32377,train
32378,train
32379,train
32380,train
32381,train
32382,train
32383,train
32384,train
32385,train
32386,train
32387,train
32388,train
32389,train
32390,train
32391,train
32392,train
32393,validation
32394,train
32395,validation
32396,train
32397,train
32398,train
32399,train
32400,train
32401,train
32402,train
32403,train
32404,train
32405,train
32406,train
32407,train
32408,train
32409,train
32410,train
32411,validation
32412,train
32413,train
32414,train
32415,train
32416,validation
32417,train
32418,train
32419,train
32420,train
32421,train
32422,train
32423,train
32424,train
32425,train
32426,validation
32427,validation
32428,train
32429,train
32430,train
32431,train
32432,train
32433,train
32434,validation
32435,validation
32436,train
32437,train
32438,train
32439,train
32440,train
32441,validation
32442,train
32443,train
32444,train
32445,train
32446,train
32447,train
32448,validation
32449,validation
32450,train
32451,train
32452,train
32453,train
32454,train
32455,train
32456,train
32457,validation
32458,train
32459,validation
32460,train
32461,train
32462,train
32463,validation
32464,train
32465,train
32466,train
32467,train
32468,train
32469,train
32470,train
32471,validation
32472,validation
32473,validation
32474,validation
32475,validation
32476,train
32477,train
32478,train
32479,train
32480,train
32481,train
32482,train
32483,train
32484,train
32485,train
32486,train
32487,validation
32488,validation
32489,validation
32490,validation
32491,validation
32492,train
32493,train
32494,validation
32495,train
32496,validation
32497,train
32498,validation
32499,train
32500,train
32501,train
32502,train
32503,train
32504,train
32505,train
32506,train
32507,validation
32508,train
32509,train
32510,train
32511,train
32512,train
32513,validation
32514,validation
32515,train
32516,train
32517,validation
32518,validation
32519,train
32520,train
32521,validation
32522,train
32523,train
32524,train
32525,train
32526,train
32527,train
32528,train
32529,train
32530,validation
32531,train
32532,train
32533,train
32534,train
32535,train
32536,train
32537,train
32538,train
32539,train
32540,train
32541,train
32542,train
32543,train
32544,train
32545,train
32546,validation
32547,validation
32548,train
32549,train
32550,train
32551,train
32552,train
32553,train
32554,train
32555,train
32556,validation
32557,validation
32558,train
32559,train
32560,train
32561,train
32562,train
32563,validation
32564,validation
32565,validation
32566,train
32567,train
32568,train
32569,train
32570,train
32571,train
32572,train
32573,train
32574,validation
32575,train
32576,train
32577,train
32578,train
32579,validation
32580,validation
32581,train
32582,validation
32583,train
32584,train
32585,train
32586,train
32587,validation
32588,train
32589,validation
32590,train
32591,train
32592,train
32593,train
32594,train
32595,train
32596,validation
32597,validation
32598,train
32599,train
32600,validation
32601,train
32602,train
32603,train
32604,train
32605,validation
32606,validation
32607,train
32608,train
32609,train
32610,validation
32611,train
32612,train
32613,train
32614,train
32615,train
32616,train
32617,train
32618,train
32619,train
32620,train
32621,train
32622,train
32623,train
32624,train
32625,validation
32626,train
32627,train
32628,train
32629,train
32630,train
32631,train
32632,train
32633,train
32634,train
32635,validation
32636,train
32637,train
32638,train
32639,validation
32640,train
32641,train
32642,validation
32643,train
32644,train
32645,validation
32646,train
32647,validation
32648,validation
32649,train
32650,train
32651,train
32652,train
32653,validation
32654,train
32655,train
32656,train
32657,train
32658,train
32659,train
32660,train
32661,train
32662,train
32663,validation
32664,train
32665,train
32666,train
32667,train
32668,train
32669,train
32670,train
32671,train
32672,validation
32673,train
32674,validation
32675,train
32676,train
32677,train
32678,validation
32679,train
32680,validation
32681,train
32682,train
32683,validation
32684,train
32685,train
32686,validation
32687,train
32688,train
32689,train
32690,train
32691,validation
32692,train
32693,train
32694,train
32695,train
32696,train
32697,validation
32698,train
32699,train
32700,train
32701,train
32702,train
32703,train
32704,train
32705,validation
32706,train
32707,train
32708,train
32709,train
32710,validation
32711,validation
32712,train
32713,train
32714,train
32715,train
32716,train
32717,train
32718,train
32719,train
32720,train
32721,validation
32722,train
32723,train
32724,train
32725,train
32726,train
32727,train
32728,validation
32729,validation
32730,train
32731,train
32732,train
32733,train
32734,train
32735,train
32736,validation
32737,train
32738,train
32739,train
32740,validation
32741,train
32742,validation
32743,train
32744,train
32745,train
32746,validation
32747,validation
32748,validation
32749,train
32750,train
32751,train
32752,train
32753,train
32754,train
32755,train
32756,train
32757,train
32758,train
32759,train
32760,train
32761,validation
32762,train
32763,validation
32764,train
32765,train
32766,train
32767,train
32768,train
32769,train
32770,train
32771,train
32772,train
32773,train
32774,train
32775,validation
32776,validation
32777,train
32778,train
32779,train
32780,train
32781,train
32782,train
32783,train
32784,train
32785,train
32786,validation
32787,train
32788,train
32789,train
32790,train
32791,train
32792,train
32793,train
32794,train
32795,train
32796,train
32797,train
32798,train
32799,train
32800,train
32801,train
32802,train
32803,train
32804,train
32805,train
32806,train
32807,train
32808,train
32809,train
32810,train
32811,train
32812,train
32813,train
32814,train
32815,validation
32816,validation
32817,train
32818,train
32819,validation
32820,train
32821,validation
32822,train
32823,train
32824,train
32825,train
32826,train
32827,train
32828,train
32829,train
32830,validation
32831,train
32832,train
32833,validation
32834,train
32835,train
32836,train
32837,train
32838,train
32839,validation
32840,train
32841,validation
32842,validation
32843,validation
32844,validation
32845,train
32846,train
32847,validation
32848,validation
32849,validation
32850,train
32851,train
32852,train
32853,validation
32854,validation
32855,train
32856,train
32857,validation
32858,train
32859,train
32860,train
32861,train
32862,validation
32863,validation
32864,train
32865,train
32866,train
32867,train
32868,train
32869,validation
32870,train
32871,train
32872,validation
32873,validation
32874,train
32875,train
32876,train
32877,validation
32878,train
32879,train
32880,train
32881,validation
32882,train
32883,train
32884,train
32885,train
32886,train
32887,train
32888,train
32889,train
32890,train
32891,validation
32892,train
32893,validation
32894,train
32895,train
32896,train
32897,train
32898,train
32899,train
32900,train
32901,train
32902,train
32903,train
32904,validation
32905,validation
32906,train
32907,validation
32908,train
32909,train
32910,train
32911,validation
32912,train
32913,train
32914,train
32915,train
32916,train
32917,train
32918,validation
32919,validation
32920,train
32921,train
32922,train
32923,validation
32924,train
32925,validation
32926,train
32927,train
32928,validation
32929,train
32930,train
32931,train
32932,validation
32933,validation
32934,train
32935,train
32936,train
32937,validation
32938,validation
32939,train
32940,train
32941,train
32942,validation
32943,validation
32944,train
32945,train
32946,train
32947,train
32948,validation
32949,train
32950,train
32951,train
32952,train
32953,validation
32954,train
32955,train
32956,train
32957,train
32958,validation
32959,validation
32960,train
32961,train
32962,train
32963,train
32964,train
32965,train
32966,train
32967,train
32968,train
32969,train
32970,train
32971,train
32972,train
32973,train
32974,train
32975,validation
32976,train
32977,train
32978,train
32979,train
32980,validation
32981,train
32982,train
32983,train
32984,train
32985,train
32986,train
32987,train
32988,train
32989,train
32990,train
32991,validation
32992,train
32993,validation
32994,train
32995,validation
32996,validation
32997,train
32998,train
32999,train
33000,validation
33001,train
33002,validation
33003,train
33004,train
33005,train
33006,train
33007,train
33008,train
33009,train
33010,train
33011,validation
33012,train
33013,train
33014,validation
33015,train
33016,train
33017,train
33018,train
33019,train
33020,train
33021,train
33022,train
33023,train
33024,train
33025,train
33026,validation
33027,train
33028,train
33029,validation
33030,train
33031,train
33032,train
33033,train
33034,validation
33035,train
33036,train
33037,train
33038,train
33039,train
33040,validation
33041,train
33042,train
33043,train
33044,train
33045,train
33046,train
33047,validation
33048,train
33049,train
33050,train
33051,validation
33052,train
33053,train
33054,train
33055,train
33056,train
33057,train
33058,train
33059,train
33060,train
33061,train
33062,validation
33063,train
33064,train
33065,train
33066,train
33067,train
33068,validation
33069,train
33070,train
33071,train
33072,train
33073,train
33074,validation
33075,train
33076,train
33077,train
33078,train
33079,train
33080,train
33081,train
33082,train
33083,train
33084,train
33085,train
33086,train
33087,train
33088,train
33089,train
33090,validation
33091,validation
33092,validation
33093,train
33094,train
33095,train
33096,train
33097,train
33098,validation
33099,train
33100,train
33101,train
33102,train
33103,train
33104,train
33105,validation
33106,validation
33107,train
33108,train
33109,train
33110,validation
33111,train
33112,train
33113,validation
33114,train
33115,validation
33116,train
33117,train
33118,train
33119,train
33120,train
33121,validation
33122,validation
33123,train
33124,train
33125,validation
33126,validation
33127,validation
33128,validation
33129,train
33130,train
33131,validation
33132,train
33133,train
33134,train
33135,train
33136,train
33137,validation
33138,train
33139,train
33140,validation
33141,train
33142,train
33143,train
33144,validation
33145,train
33146,train
33147,validation
33148,train
33149,train
33150,validation
33151,train
33152,train
33153,train
33154,train
33155,train
33156,train
33157,train
33158,train
33159,train
33160,train
33161,train
33162,validation
33163,train
33164,train
33165,train
33166,validation
33167,train
33168,validation
33169,train
33170,train
33171,train
33172,train
33173,train
33174,train
33175,train
33176,train
33177,validation
33178,train
33179,train
33180,validation
33181,train
33182,train
33183,train
33184,train
33185,train
33186,train
33187,train
33188,train
33189,train
33190,train
33191,train
33192,validation
33193,train
33194,train
33195,train
33196,train
33197,train
33198,train
33199,validation
33200,train
33201,train
33202,validation
33203,train
33204,train
33205,train
33206,train
33207,train
33208,train
33209,train
33210,train
33211,train
33212,train
33213,train
33214,train
33215,train
33216,train
33217,train
33218,train
33219,train
33220,train
33221,train
33222,train
33223,train
33224,train
33225,validation
33226,train
33227,train
33228,validation
33229,train
33230,train
33231,train
33232,train
33233,train
33234,train
33235,train
33236,train
33237,train
33238,validation
33239,train
33240,train
33241,train
33242,validation
33243,train
33244,train
33245,train
33246,train
33247,train
33248,train
33249,train
33250,train
33251,train
33252,train
33253,train
33254,train
33255,validation
33256,validation
33257,train
33258,train
33259,train
33260,train
33261,train
33262,validation
33263,train
33264,train
33265,validation
33266,train
33267,validation
33268,validation
33269,train
33270,train
33271,train
33272,train
33273,train
33274,train
33275,validation
33276,train
33277,train
33278,train
33279,train
33280,train
33281,train
33282,train
33283,train
33284,train
33285,train
33286,validation
33287,validation
33288,train
33289,train
33290,train
33291,train
33292,train
33293,train
33294,train
33295,train
33296,train
33297,train
33298,train
33299,train
33300,train
33301,train
33302,train
33303,train
33304,train
33305,train
33306,validation
33307,validation
33308,train
33309,validation
33310,validation
33311,train
33312,train
33313,train
33314,train
33315,train
33316,train
33317,train
33318,train
33319,train
33320,validation
33321,train
33322,validation
33323,validation
33324,train
33325,train
33326,train
33327,train
33328,train
33329,train
33330,train
33331,train
33332,train
33333,train
33334,train
33335,train
33336,train
33337,train
33338,train
33339,train
33340,train
33341,train
33342,validation
33343,train
33344,train
33345,train
33346,train
33347,validation
33348,train
33349,train
33350,train
33351,train
33352,train
33353,train
33354,train
33355,train
33356,validation
33357,train
33358,train
33359,train
33360,train
33361,train
33362,train
33363,train
33364,train
33365,train
33366,train
33367,train
33368,train
33369,train
33370,train
33371,train
33372,train
33373,train
33374,validation
33375,train
33376,validation
33377,train
33378,train
33379,train
33380,train
33381,validation
33382,train
33383,train
33384,train
33385,validation
33386,train
33387,train
33388,train
33389,train
33390,train
33391,train
33392,validation
33393,train
33394,train
33395,train
33396,train
33397,train
33398,train
33399,validation
33400,train
33401,validation
33402,validation
33403,train
33404,train
33405,train
33406,validation
33407,validation
33408,validation
33409,train
33410,train
33411,validation
33412,validation
33413,validation
33414,train
33415,train
33416,train
33417,validation
33418,train
33419,train
33420,train
33421,train
33422,train
33423,train
33424,train
33425,train
33426,train
33427,train
33428,train
33429,train
33430,train
33431,train
33432,train
33433,train
33434,train
33435,train
33436,train
33437,train
33438,train
33439,validation
33440,train
33441,validation
33442,train
33443,train
33444,train
33445,train
33446,validation
33447,train
33448,validation
33449,validation
33450,validation
33451,train
33452,validation
33453,train
33454,train
33455,validation
33456,validation
33457,train
33458,train
33459,train
33460,train
33461,train
33462,train
33463,train
33464,train
33465,train
33466,train
33467,train
33468,validation
33469,train
33470,train
33471,train
33472,train
33473,train
33474,train
33475,train
33476,train
33477,validation
33478,train
33479,validation
33480,train
33481,train
33482,train
33483,train
33484,train
33485,train
33486,train
33487,train
33488,train
33489,validation
33490,validation
33491,train
33492,train
33493,train
33494,validation
33495,validation
33496,train
33497,train
33498,train
33499,train
33500,train
33501,train
33502,train
33503,train
33504,train
33505,train
33506,validation
33507,train
33508,train
33509,train
33510,train
33511,train
33512,train
33513,train
33514,train
33515,train
33516,train
33517,train
33518,train
33519,train
33520,validation
33521,train
33522,train
33523,validation
33524,validation
33525,train
33526,train
33527,validation
33528,train
33529,train
33530,validation
33531,train
33532,train
33533,train
33534,train
33535,validation
33536,validation
33537,train
33538,train
33539,train
33540,train
33541,train
33542,train
33543,validation
33544,train
33545,train
33546,validation
33547,validation
33548,train
33549,train
33550,train
33551,train
33552,train
33553,train
33554,train
33555,train
33556,train
33557,validation
33558,validation
33559,train
33560,train
33561,train
33562,validation
33563,train
33564,validation
33565,train
33566,train
33567,validation
33568,train
33569,train
33570,train
33571,train
33572,train
33573,train
33574,train
33575,train
33576,train
33577,train
33578,train
33579,train
33580,validation
33581,train
33582,train
33583,train
33584,train
33585,train
33586,train
33587,train
33588,train
33589,train
33590,train
33591,train
33592,train
33593,train
33594,train
33595,train
33596,train
33597,validation
33598,train
33599,train
33600,train
33601,train
33602,train
33603,train
33604,validation
33605,train
33606,train
33607,train
33608,train
33609,train
33610,train
33611,train
33612,train
33613,train
33614,validation
33615,train
33616,train
33617,validation
33618,validation
33619,train
33620,train
33621,train
33622,train
33623,train
33624,train
33625,train
33626,validation
33627,train
33628,train
33629,train
33630,train
33631,train
33632,train
33633,train
33634,train
33635,train
33636,train
33637,train
33638,train
33639,train
33640,train
33641,train
33642,train
33643,train
33644,train
33645,train
33646,train
33647,train
33648,validation
33649,validation
33650,validation
33651,validation
33652,train
33653,train
33654,train
33655,train
33656,train
33657,train
33658,train
33659,train
33660,train
33661,validation
33662,train
33663,train
33664,validation
33665,train
33666,train
33667,train
33668,validation
33669,train
33670,train
33671,train
33672,train
33673,train
33674,validation
33675,train
33676,train
33677,train
33678,train
33679,train
33680,train
33681,train
33682,train
33683,train
33684,train
33685,train
33686,train
33687,validation
33688,train
33689,train
33690,validation
33691,train
33692,train
33693,validation
33694,train
33695,train
33696,train
33697,train
33698,train
33699,validation
33700,train
33701,train
33702,train
33703,validation
33704,train
33705,train
33706,train
33707,train
33708,train
33709,validation
33710,train
33711,train
33712,train
33713,train
33714,train
33715,train
33716,train
33717,train
33718,validation
33719,validation
33720,train
33721,train
33722,train
33723,validation
33724,train
33725,validation
33726,train
33727,validation
33728,train
33729,train
33730,train
33731,train
33732,train
33733,train
33734,train
33735,validation
33736,train
33737,train
33738,train
33739,train
33740,train
33741,validation
33742,train
33743,train
33744,validation
33745,validation
33746,train
33747,validation
33748,train
33749,train
33750,train
33751,train
33752,train
33753,train
33754,train
33755,train
33756,train
33757,train
33758,train
33759,train
33760,train
33761,validation
33762,train
33763,train
33764,train
33765,validation
33766,validation
33767,train
33768,train
33769,train
33770,train
33771,train
33772,validation
33773,train
33774,train
33775,train
33776,train
33777,train
33778,train
33779,train
33780,train
33781,train
33782,train
33783,validation
33784,validation
33785,train
33786,train
33787,train
33788,train
33789,train
33790,validation
33791,train
33792,train
33793,validation
33794,train
33795,train
33796,train
33797,train
33798,train
33799,validation
33800,train
33801,validation
33802,train
33803,train
33804,train
33805,train
33806,validation
33807,validation
33808,validation
33809,train
33810,train
33811,train
33812,train
33813,validation
33814,train
33815,validation
33816,train
33817,train
33818,train
33819,train
33820,train
33821,validation
33822,train
33823,validation
33824,train
33825,train
33826,train
33827,train
33828,train
33829,train
33830,train
33831,train
33832,train
33833,train
33834,train
33835,train
33836,validation
33837,train
33838,train
33839,train
33840,validation
33841,train
33842,train
33843,train
33844,train
33845,train
33846,validation
33847,train
33848,train
33849,validation
33850,validation
33851,train
33852,validation
33853,validation
33854,train
33855,train
33856,train
33857,train
33858,train
33859,train
33860,validation
33861,train
33862,train
33863,train
33864,validation
33865,train
33866,train
33867,train
33868,train
33869,train
33870,train
33871,train
33872,train
33873,train
33874,validation
33875,train
33876,train
33877,train
33878,train
33879,validation
33880,train
33881,train
33882,train
33883,train
33884,train
33885,train
33886,train
33887,validation
33888,train
33889,train
33890,train
33891,train
33892,train
33893,train
33894,train
33895,validation
33896,train
33897,train
33898,train
33899,validation
33900,train
33901,train
33902,train
33903,train
33904,train
33905,validation
33906,train
33907,validation
33908,train
33909,train
33910,train
33911,validation
33912,train
33913,validation
33914,train
33915,validation
33916,train
33917,train
33918,train
33919,train
33920,train
33921,train
33922,train
33923,train
33924,validation
33925,train
33926,train
33927,validation
33928,train
33929,train
33930,train
33931,train
33932,train
33933,train
33934,validation
33935,train
33936,validation
33937,train
33938,train
33939,train
33940,train
33941,train
33942,train
33943,train
33944,train
33945,train
33946,train
33947,validation
33948,train
33949,validation
33950,train
33951,train
33952,train
33953,train
33954,train
33955,train
33956,train
33957,validation
33958,train
33959,train
33960,train
33961,validation
33962,train
33963,train
33964,train
33965,train
33966,train
33967,validation
33968,train
33969,train
33970,train
33971,train
33972,validation
33973,train
33974,train
33975,train
33976,train
33977,validation
33978,train
33979,train
33980,validation
33981,train
33982,validation
33983,train
33984,validation
33985,train
33986,train
33987,train
33988,train
33989,train
33990,train
33991,train
33992,train
33993,train
33994,train
33995,train
33996,train
33997,train
33998,validation
33999,train
34000,validation
34001,train
34002,train
34003,train
34004,train
34005,train
34006,train
34007,train
34008,train
34009,train
34010,train
34011,train
34012,train
34013,train
34014,train
34015,train
34016,validation
34017,train
34018,validation
34019,train
34020,train
34021,train
34022,train
34023,validation
34024,train
34025,train
34026,train
34027,train
34028,train
34029,train
34030,train
34031,validation
34032,train
34033,validation
34034,train
34035,train
34036,validation
34037,train
34038,train
34039,train
34040,train
34041,train
34042,validation
34043,train
34044,train
34045,train
34046,train
34047,train
34048,validation
34049,validation
34050,validation
34051,train
34052,train
34053,train
34054,train
34055,train
34056,train
34057,train
34058,train
34059,train
34060,train
34061,validation
34062,train
34063,train
34064,train
34065,train
34066,train
34067,train
34068,train
34069,train
34070,train
34071,train
34072,train
34073,validation
34074,train
34075,validation
34076,train
34077,train
34078,train
34079,train
34080,validation
34081,train
34082,train
34083,train
34084,validation
34085,validation
34086,validation
34087,validation
34088,train
34089,train
34090,train
34091,train
34092,train
34093,train
34094,train
34095,train
34096,train
34097,train
34098,train
34099,train
34100,validation
34101,validation
34102,train
34103,validation
34104,train
34105,validation
34106,train
34107,train
34108,train
34109,train
34110,train
34111,train
34112,train
34113,train
34114,train
34115,train
34116,train
34117,train
34118,train
34119,train
34120,train
34121,train
34122,train
34123,train
34124,validation
34125,train
34126,train
34127,train
34128,train
34129,train
34130,train
34131,train
34132,validation
34133,validation
34134,validation
34135,train
34136,train
34137,train
34138,train
34139,train
34140,train
34141,train
34142,train
34143,train
34144,train
34145,train
34146,train
34147,train
34148,train
34149,validation
34150,validation
34151,train
34152,train
34153,train
34154,train
34155,train
34156,train
34157,validation
34158,validation
34159,train
34160,train
34161,train
34162,validation
34163,validation
34164,train
34165,train
34166,train
34167,train
34168,train
34169,train
34170,train
34171,validation
34172,train
34173,validation
34174,train
34175,validation
34176,train
34177,train
34178,validation
34179,train
34180,validation
34181,train
34182,train
34183,train
34184,train
34185,train
34186,train
34187,train
34188,validation
34189,train
34190,train
34191,validation
34192,train
34193,train
34194,validation
34195,train
34196,train
34197,validation
34198,train
34199,train
34200,validation
34201,train
34202,train
34203,validation
34204,train
34205,train
34206,train
34207,validation
34208,train
34209,train
34210,train
34211,train
34212,train
34213,train
34214,train
34215,train
34216,train
34217,train
34218,train
34219,train
34220,train
34221,train
34222,validation
34223,validation
34224,train
34225,train
34226,train
34227,train
34228,validation
34229,train
34230,train
34231,train
34232,train
34233,train
34234,train
34235,train
34236,train
34237,train
34238,train
34239,train
34240,train
34241,train
34242,train
34243,train
34244,train
34245,train
34246,validation
34247,train
34248,train
34249,train
34250,train
34251,train
34252,validation
34253,validation
34254,train
34255,train
34256,train
34257,validation
34258,validation
34259,train
34260,train
34261,train
34262,train
34263,train
34264,validation
34265,train
34266,train
34267,train
34268,train
34269,train
34270,train
34271,train
34272,train
34273,train
34274,train
34275,train
34276,train
34277,train
34278,validation
34279,train
34280,train
34281,train
34282,validation
34283,train
34284,validation
34285,validation
34286,train
34287,train
34288,train
34289,train
34290,train
34291,train
34292,validation
34293,train
34294,train
34295,train
34296,train
34297,train
34298,train
34299,validation
34300,train
34301,validation
34302,train
34303,train
34304,train
34305,train
34306,validation
34307,train
34308,validation
34309,validation
34310,train
34311,validation
34312,train
34313,train
34314,train
34315,train
34316,train
34317,train
34318,train
34319,train
34320,validation
34321,train
34322,validation
34323,train
34324,train
34325,train
34326,train
34327,train
34328,train
34329,train
34330,validation
34331,train
34332,train
34333,train
34334,train
34335,train
34336,train
34337,train
34338,train
34339,train
34340,validation
34341,train
34342,train
34343,train
34344,train
34345,train
34346,train
34347,validation
34348,train
34349,validation
34350,train
34351,train
34352,train
34353,train
34354,train
34355,validation
34356,train
34357,validation
34358,train
34359,train
34360,train
34361,train
34362,train
34363,train
34364,train
34365,validation
34366,train
34367,train
34368,validation
34369,train
34370,train
34371,train
34372,train
34373,train
34374,train
34375,train
34376,train
34377,train
34378,train
34379,validation
34380,train
34381,train
34382,train
34383,train
34384,train
34385,validation
34386,train
34387,train
34388,train
34389,train
34390,train
34391,train
34392,train
34393,train
34394,train
34395,train
34396,train
34397,train
34398,train
34399,validation
34400,train
34401,train
34402,train
34403,train
34404,train
34405,train
34406,train
34407,train
34408,validation
34409,train
34410,train
34411,train
34412,train
34413,train
34414,train
34415,train
34416,train
34417,train
34418,train
34419,train
34420,train
34421,train
34422,train
34423,validation
34424,train
34425,validation
34426,validation
34427,train
34428,train
34429,train
34430,train
34431,train
34432,validation
34433,train
34434,train
34435,train
34436,train
34437,train
34438,train
34439,train
34440,train
34441,validation
34442,train
34443,train
34444,train
34445,train
34446,train
34447,train
34448,train
34449,validation
34450,train
34451,train
34452,train
34453,train
34454,train
34455,train
34456,train
34457,train
34458,train
34459,train
34460,train
34461,train
34462,train
34463,train
34464,train
34465,train
34466,train
34467,validation
34468,train
34469,validation
34470,train
34471,train
34472,validation
34473,train
34474,train
34475,train
34476,train
34477,train
34478,train
34479,train
34480,train
34481,train
34482,train
34483,train
34484,train
34485,train
34486,train
34487,train
34488,validation
34489,train
34490,train
34491,validation
34492,train
34493,train
34494,train
34495,train
34496,train
34497,train
34498,train
34499,validation
34500,train
34501,train
34502,validation
34503,train
34504,train
34505,train
34506,train
34507,train
34508,train
34509,train
34510,train
34511,validation
34512,train
34513,train
34514,train
34515,train
34516,train
34517,train
34518,train
34519,train
34520,train
34521,validation
34522,validation
34523,train
34524,train
34525,train
34526,train
34527,train
34528,train
34529,train
34530,train
34531,validation
34532,train
34533,train
34534,train
34535,train
34536,validation
34537,validation
34538,validation
34539,train
34540,train
34541,validation
34542,train
34543,train
34544,train
34545,train
34546,train
34547,train
34548,train
34549,validation
34550,train
34551,train
34552,train
34553,train
34554,train
34555,train
34556,train
34557,validation
34558,train
34559,train
34560,train
34561,validation
34562,validation
34563,train
34564,train
34565,train
34566,validation
34567,train
34568,validation
34569,train
34570,train
34571,train
34572,train
34573,train
34574,train
34575,train
34576,validation
34577,train
34578,train
34579,train
34580,train
34581,train
34582,train
34583,train
34584,train
34585,validation
34586,train
34587,train
34588,train
34589,train
34590,train
34591,train
34592,train
34593,train
34594,train
34595,train
34596,train
34597,train
34598,train
34599,train
34600,train
34601,train
34602,train
34603,train
34604,train
34605,train
34606,train
34607,train
34608,train
34609,train
34610,validation
34611,train
34612,train
34613,train
34614,train
34615,train
34616,train
34617,validation
34618,train
34619,train
34620,train
34621,validation
34622,validation
34623,train
34624,train
34625,train
34626,train
34627,train
34628,train
34629,train
34630,validation
34631,train
34632,train
34633,train
34634,train
34635,validation
34636,train
34637,train
34638,train
34639,train
34640,train
34641,train
34642,validation
34643,validation
34644,train
34645,validation
34646,train
34647,train
34648,validation
34649,train
34650,train
34651,train
34652,train
34653,train
34654,train
34655,train
34656,validation
34657,validation
34658,train
34659,train
34660,train
34661,train
34662,train
34663,train
34664,train
34665,validation
34666,train
34667,train
34668,validation
34669,train
34670,train
34671,train
34672,train
34673,train
34674,train
34675,train
34676,train
34677,train
34678,train
34679,train
34680,train
34681,train
34682,validation
34683,train
34684,train
34685,validation
34686,train
34687,train
34688,validation
34689,train
34690,train
34691,train
34692,train
34693,train
34694,train
34695,train
34696,train
34697,train
34698,validation
34699,train
34700,validation
34701,train
34702,train
34703,validation
34704,train
34705,train
34706,train
34707,train
34708,train
34709,train
34710,train
34711,train
34712,train
34713,train
34714,train
34715,train
34716,train
34717,train
34718,train
34719,train
34720,train
34721,train
34722,validation
34723,validation
34724,train
34725,train
34726,train
34727,validation
34728,train
34729,train
34730,train
34731,validation
34732,validation
34733,train
34734,train
34735,train
34736,train
34737,train
34738,validation
34739,train
34740,train
34741,train
34742,train
34743,train
34744,train
34745,train
34746,train
34747,validation
34748,train
34749,train
34750,train
34751,train
34752,validation
34753,train
34754,validation
34755,train
34756,train
34757,train
34758,train
34759,train
34760,train
34761,train
34762,train
34763,train
34764,train
34765,train
34766,train
34767,validation
34768,train
34769,train
34770,train
34771,train
34772,train
34773,train
34774,validation
34775,validation
34776,validation
34777,train
34778,train
34779,train
34780,train
34781,validation
34782,train
34783,validation
34784,train
34785,train
34786,validation
34787,train
34788,train
34789,train
34790,validation
34791,validation
34792,train
34793,train
34794,train
34795,validation
34796,train
34797,train
34798,train
34799,train
34800,train
34801,train
34802,train
34803,train
34804,validation
34805,train
34806,validation
34807,train
34808,train
34809,train
34810,validation
34811,train
34812,validation
34813,train
34814,train
34815,train
34816,validation
34817,train
34818,validation
34819,train
34820,train
34821,train
34822,train
34823,train
34824,train
34825,validation
34826,validation
34827,train
34828,train
34829,validation
34830,train
34831,train
34832,train
34833,validation
34834,train
34835,train
34836,train
34837,validation
34838,train
34839,validation
34840,train
34841,train
34842,validation
34843,train
34844,train
34845,train
34846,train
34847,train
34848,train
34849,train
34850,train
34851,train
34852,validation
34853,train
34854,train
34855,train
34856,train
34857,train
34858,train
34859,train
34860,train
34861,train
34862,train
34863,validation
34864,train
34865,train
34866,train
34867,train
34868,train
34869,train
34870,train
34871,train
34872,train
34873,train
34874,train
34875,train
34876,train
34877,train
34878,train
34879,train
34880,train
34881,train
34882,validation
34883,validation
34884,train
34885,train
34886,validation
34887,train
34888,train
34889,train
34890,train
34891,validation
34892,train
34893,train
34894,train
34895,train
34896,train
34897,train
34898,train
34899,validation
34900,train
34901,validation
34902,validation
34903,train
34904,train
34905,train
34906,validation
34907,train
34908,train
34909,train
34910,train
34911,train
34912,train
34913,train
34914,train
34915,train
34916,train
34917,train
34918,train
34919,train
34920,train
34921,train
34922,validation
34923,train
34924,train
34925,validation
34926,train
34927,train
34928,train
34929,train
34930,train
34931,train
34932,train
34933,train
34934,validation
34935,train
34936,train
34937,train
34938,train
34939,train
34940,train
34941,train
34942,train
34943,train
34944,train
34945,train
34946,train
34947,train
34948,train
34949,train
34950,validation
34951,train
34952,train
34953,train
34954,validation
34955,validation
34956,train
34957,train
34958,train
34959,train
34960,train
34961,validation
34962,validation
34963,train
34964,train
34965,validation
34966,train
34967,train
34968,train
34969,validation
34970,validation
34971,train
34972,train
34973,train
34974,train
34975,train
34976,train
34977,train
34978,train
34979,train
34980,train
34981,train
34982,train
34983,train
34984,train
34985,train
34986,train
34987,train
34988,validation
34989,validation
34990,train
34991,train
34992,train
34993,validation
34994,train
34995,train
34996,train
34997,train
34998,validation
34999,train
35000,train
35001,train
35002,validation
35003,train
35004,train
35005,train
35006,train
35007,train
35008,train
35009,train
35010,train
35011,validation
35012,validation
35013,train
35014,train
35015,validation
35016,train
35017,train
35018,train
35019,validation
35020,train
35021,train
35022,train
35023,train
35024,train
35025,train
35026,train
35027,train
35028,train
35029,train
35030,train
35031,validation
35032,train
35033,train
35034,train
35035,train
35036,train
35037,train
35038,train
35039,train
35040,train
35041,train
35042,train
35043,train
35044,train
35045,train
35046,validation
35047,train
35048,train
35049,train
35050,train
35051,train
35052,train
35053,validation
35054,train
35055,train
35056,train
35057,validation
35058,train
35059,validation
35060,train
35061,train
35062,train
35063,train
35064,validation
35065,train
35066,validation
35067,train
35068,train
35069,train
35070,train
35071,train
35072,train
35073,train
35074,train
35075,train
35076,train
35077,validation
35078,train
35079,train
35080,train
35081,train
35082,validation
35083,validation
35084,train
35085,validation
35086,train
35087,train
35088,train
35089,validation
35090,train
35091,train
35092,validation
35093,validation
35094,train
35095,train
35096,train
35097,train
35098,validation
35099,train
35100,train
35101,train
35102,train
35103,train
35104,validation
35105,train
35106,validation
35107,train
35108,validation
35109,validation
35110,train
35111,train
35112,train
35113,train
35114,validation
35115,train
35116,validation
35117,train
35118,train
35119,train
35120,train
35121,train
35122,train
35123,validation
35124,validation
35125,validation
35126,train
35127,validation
35128,train
35129,validation
35130,train
35131,train
35132,train
35133,train
35134,train
35135,train
35136,validation
35137,train
35138,train
35139,train
35140,train
35141,train
35142,train
35143,train
35144,train
35145,validation
35146,train
35147,validation
35148,train
35149,train
35150,validation
35151,train
35152,validation
35153,validation
35154,train
35155,train
35156,train
35157,train
35158,validation
35159,train
35160,train
35161,train
35162,train
35163,train
35164,validation
35165,train
35166,validation
35167,validation
35168,validation
35169,train
35170,train
35171,train
35172,train
35173,validation
35174,train
35175,train
35176,train
35177,train
35178,train
35179,train
35180,validation
35181,train
35182,train
35183,train
35184,validation
35185,train
35186,train
35187,train
35188,validation
35189,train
35190,train
35191,train
35192,train
35193,train
35194,train
35195,train
35196,train
35197,train
35198,train
35199,validation
35200,train
35201,train
35202,train
35203,train
35204,train
35205,validation
35206,train
35207,train
35208,train
35209,train
35210,train
35211,train
35212,train
35213,train
35214,train
35215,train
35216,train
35217,train
35218,train
35219,train
35220,validation
35221,train
35222,validation
35223,train
35224,train
35225,train
35226,train
35227,validation
35228,train
35229,validation
35230,train
35231,train
35232,train
35233,train
35234,train
35235,train
35236,validation
35237,train
35238,train
35239,train
35240,train
35241,train
35242,train
35243,train
35244,validation
35245,train
35246,train
35247,train
35248,train
35249,validation
35250,validation
35251,train
35252,train
35253,train
35254,train
35255,train
35256,train
35257,train
35258,train
35259,train
35260,validation
35261,train
35262,train
35263,train
35264,train
35265,train
35266,validation
35267,validation
35268,train
35269,train
35270,train
35271,train
35272,train
35273,train
35274,train
35275,train
35276,train
35277,train
35278,validation
35279,train
35280,train
35281,train
35282,train
35283,validation
35284,train
35285,train
35286,validation
35287,train
35288,train
35289,train
35290,validation
35291,train
35292,train
35293,train
35294,validation
35295,validation
35296,train
35297,validation
35298,train
35299,train
35300,train
35301,validation
35302,validation
35303,train
35304,train
35305,train
35306,train
35307,validation
35308,train
35309,validation
35310,train
35311,train
35312,train
35313,train
35314,train
35315,validation
35316,train
35317,train
35318,train
35319,train
35320,train
35321,train
35322,validation
35323,train
35324,validation
35325,train
35326,train
35327,train
35328,train
35329,validation
35330,train
35331,validation
35332,train
35333,train
35334,train
35335,validation
35336,train
35337,train
35338,train
35339,train
35340,train
35341,train
35342,train
35343,train
35344,train
35345,train
35346,validation
35347,validation
35348,train
35349,train
35350,validation
35351,train
35352,validation
35353,validation
35354,train
35355,train
35356,train
35357,validation
35358,train
35359,train
35360,train
35361,train
35362,train
35363,validation
35364,train
35365,train
35366,train
35367,train
35368,train
35369,train
35370,validation
35371,train
35372,train
35373,train
35374,validation
35375,train
35376,train
35377,train
35378,validation
35379,train
35380,validation
35381,train
35382,train
35383,train
35384,train
35385,validation
35386,train
35387,train
35388,train
35389,train
35390,train
35391,train
35392,train
35393,train
35394,train
35395,train
35396,train
35397,train
35398,train
35399,train
35400,validation
35401,train
35402,train
35403,train
35404,train
35405,train
35406,train
35407,train
35408,train
35409,train
35410,train
35411,train
35412,train
35413,train
35414,train
35415,train
35416,train
35417,train
35418,validation
35419,train
35420,validation
35421,validation
35422,train
35423,train
35424,train
35425,train
35426,train
35427,train
35428,validation
35429,validation
35430,validation
35431,train
35432,train
35433,train
35434,train
35435,train
35436,train
35437,train
35438,train
35439,train
35440,train
35441,validation
35442,validation
35443,train
35444,validation
35445,validation
35446,train
35447,train
35448,train
35449,train
35450,train
35451,train
35452,train
35453,train
35454,train
35455,validation
35456,train
35457,train
35458,train
35459,train
35460,train
35461,validation
35462,train
35463,train
35464,train
35465,validation
35466,train
35467,train
35468,train
35469,train
35470,train
35471,train
35472,train
35473,train
35474,train
35475,train
35476,train
35477,train
35478,train
35479,validation
35480,train
35481,train
35482,train
35483,train
35484,train
35485,train
35486,train
35487,validation
35488,validation
35489,train
35490,train
35491,train
35492,train
35493,validation
35494,train
35495,validation
35496,train
35497,validation
35498,train
35499,train
35500,train
35501,train
35502,train
35503,validation
35504,train
35505,train
35506,train
35507,validation
35508,train
35509,train
35510,validation
35511,train
35512,train
35513,validation
35514,train
35515,train
35516,train
35517,validation
35518,train
35519,validation
35520,train
35521,train
35522,train
35523,train
35524,train
35525,train
35526,validation
35527,train
35528,validation
35529,train
35530,train
35531,validation
35532,validation
35533,train
35534,train
35535,train
35536,train
35537,validation
35538,validation
35539,train
35540,train
35541,train
35542,train
35543,validation
35544,train
35545,train
35546,train
35547,train
35548,train
35549,train
35550,train
35551,validation
35552,train
35553,train
35554,train
35555,train
35556,train
35557,train
35558,validation
35559,train
35560,train
35561,train
35562,train
35563,train
35564,train
35565,train
35566,train
35567,train
35568,train
35569,validation
35570,train
35571,train
35572,train
35573,train
35574,train
35575,train
35576,train
35577,train
35578,train
35579,train
35580,train
35581,train
35582,train
35583,train
35584,validation
35585,train
35586,train
35587,train
35588,validation
35589,train
35590,validation
35591,train
35592,train
35593,train
35594,train
35595,train
35596,validation
35597,train
35598,train
35599,train
35600,train
35601,train
35602,train
35603,train
35604,train
35605,validation
35606,train
35607,train
35608,train
35609,train
35610,train
35611,train
35612,train
35613,train
35614,train
35615,validation
35616,train
35617,train
35618,validation
35619,validation
35620,train
35621,train
35622,train
35623,train
35624,train
35625,train
35626,train
35627,train
35628,train
35629,train
35630,train
35631,train
35632,train
35633,train
35634,train
35635,train
35636,validation
35637,validation
35638,train
35639,train
35640,train
35641,train
35642,validation
35643,train
35644,validation
35645,validation
35646,train
35647,train
35648,validation
35649,train
35650,validation
35651,train
35652,train
35653,train
35654,train
35655,validation
35656,train
35657,train
35658,train
35659,validation
35660,train
35661,train
35662,train
35663,train
35664,validation
35665,validation
35666,train
35667,train
35668,train
35669,validation
35670,train
35671,train
35672,train
35673,train
35674,train
35675,train
35676,train
35677,validation
35678,train
35679,train
35680,train
35681,train
35682,train
35683,train
35684,validation
35685,train
35686,train
35687,train
35688,train
35689,train
35690,validation
35691,train
35692,train
35693,validation
35694,train
35695,train
35696,train
35697,train
35698,validation
35699,train
35700,train
35701,train
35702,train
35703,train
35704,train
35705,validation
35706,train
35707,train
35708,validation
35709,train
35710,train
35711,validation
35712,train
35713,train
35714,train
35715,validation
35716,train
35717,train
35718,train
35719,train
35720,train
35721,validation
35722,validation
35723,train
35724,train
35725,train
35726,train
35727,train
35728,train
35729,train
35730,train
35731,train
35732,train
35733,validation
35734,train
35735,validation
35736,train
35737,train
35738,train
35739,train
35740,train
35741,train
35742,train
35743,train
35744,train
35745,train
35746,train
35747,train
35748,train
35749,train
35750,train
35751,train
35752,train
35753,train
35754,train
35755,train
35756,train
35757,train
35758,train
35759,train
35760,validation
35761,validation
35762,train
35763,train
35764,train
35765,train
35766,train
35767,train
35768,train
35769,train
35770,train
35771,train
35772,train
35773,train
35774,train
35775,train
35776,train
35777,validation
35778,train
35779,train
35780,validation
35781,train
35782,train
35783,validation
35784,train
35785,train
35786,train
35787,validation
35788,validation
35789,train
35790,train
35791,train
35792,validation
35793,train
35794,validation
35795,train
35796,train
35797,train
35798,train
35799,train
35800,train
35801,train
35802,train
35803,train
35804,train
35805,train
35806,train
35807,train
35808,train
35809,validation
35810,train
35811,train
35812,train
35813,train
35814,train
35815,train
35816,validation
35817,train
35818,train
35819,validation
35820,train
35821,train
35822,train
35823,train
35824,validation
35825,validation
35826,validation
35827,train
35828,train
35829,train
35830,train
35831,train
35832,validation
35833,train
35834,train
35835,train
35836,validation
35837,train
35838,train
35839,train
35840,validation
35841,train
35842,train
35843,validation
35844,train
35845,train
35846,train
35847,train
35848,train
35849,train
35850,train
35851,train
35852,train
35853,train
35854,validation
35855,train
35856,validation
35857,train
35858,train
35859,train
35860,train
35861,train
35862,validation
35863,train
35864,train
35865,validation
35866,train
35867,validation
35868,train
35869,train
35870,train
35871,train
35872,train
35873,train
35874,train
35875,train
35876,train
35877,train
35878,train
35879,train
35880,train
35881,validation
35882,train
35883,validation
35884,train
35885,train
35886,train
35887,train
35888,validation
35889,train
35890,train
35891,train
35892,train
35893,train
35894,train
35895,train
35896,train
35897,train
35898,train
35899,train
35900,train
35901,train
35902,train
35903,train
35904,train
35905,train
35906,train
35907,train
35908,train
35909,train
35910,train
35911,train
35912,train
35913,train
35914,train
35915,train
35916,validation
35917,train
35918,train
35919,train
35920,train
35921,train
35922,validation
35923,train
35924,train
35925,validation
35926,validation
35927,train
35928,validation
35929,train
35930,train
35931,validation
35932,train
35933,train
35934,validation
35935,train
35936,train
35937,validation
35938,train
35939,validation
35940,validation
35941,train
35942,train
35943,train
35944,train
35945,train
35946,train
35947,validation
35948,train
35949,train
35950,train
35951,train
35952,train
35953,train
35954,validation
35955,train
35956,train
35957,train
35958,validation
35959,validation
35960,train
35961,train
35962,train
35963,train
35964,train
35965,train
35966,validation
35967,train
35968,train
35969,validation
35970,train
35971,train
35972,train
35973,train
35974,train
35975,train
35976,validation
35977,train
35978,train
35979,train
35980,train
35981,train
35982,train
35983,train
35984,train
35985,validation
35986,train
35987,train
35988,train
35989,train
35990,train
35991,train
35992,train
35993,train
35994,train
35995,train
35996,train
35997,train
35998,train
35999,train
36000,train
36001,validation
36002,train
36003,train
36004,train
36005,train
36006,validation
36007,train
36008,train
36009,train
36010,validation
36011,train
36012,train
36013,validation
36014,train
36015,train
36016,train
36017,train
36018,train
36019,train
36020,train
36021,train
36022,train
36023,train
36024,validation
36025,train
36026,validation
36027,validation
36028,train
36029,train
36030,train
36031,train
36032,train
36033,validation
36034,train
36035,train
36036,train
36037,train
36038,validation
36039,train
36040,train
36041,train
36042,train
36043,train
36044,train
36045,train
36046,train
36047,train
36048,train
36049,train
36050,train
36051,train
36052,train
36053,train
36054,validation
36055,train
36056,train
36057,train
36058,train
36059,train
36060,train
36061,validation
36062,train
36063,train
36064,train
36065,train
36066,train
36067,validation
36068,train
36069,train
36070,train
36071,train
36072,train
36073,train
36074,train
36075,train
36076,train
36077,train
36078,train
36079,train
36080,train
36081,train
36082,train
36083,train
36084,train
36085,train
36086,train
36087,train
36088,validation
36089,train
36090,validation
36091,train
36092,train
36093,train
36094,train
36095,train
36096,train
36097,validation
36098,train
36099,validation
36100,train
36101,train
36102,validation
36103,train
36104,train
36105,validation
36106,train
36107,train
36108,train
36109,train
36110,train
36111,validation
36112,validation
36113,train
36114,train
36115,train
36116,validation
36117,train
36118,train
36119,train
36120,train
36121,train
36122,validation
36123,train
36124,train
36125,train
36126,train
36127,train
36128,train
36129,train
36130,validation
36131,train
36132,train
36133,train
36134,train
36135,validation
36136,train
36137,train
36138,train
36139,validation
36140,train
36141,train
36142,train
36143,train
36144,train
36145,train
36146,train
36147,train
36148,train
36149,train
36150,validation
36151,train
36152,train
36153,train
36154,train
36155,train
36156,train
36157,train
36158,train
36159,train
36160,train
36161,train
36162,train
36163,train
36164,train
36165,train
36166,train
36167,train
36168,train
36169,validation
36170,validation
36171,train
36172,train
36173,train
36174,train
36175,validation
36176,validation
36177,train
36178,train
36179,validation
36180,train
36181,train
36182,train
36183,train
36184,train
36185,train
36186,train
36187,validation
36188,train
36189,train
36190,train
36191,train
36192,train
36193,validation
36194,train
36195,train
36196,train
36197,train
36198,validation
36199,train
36200,train
36201,train
36202,train
36203,train
36204,train
36205,train
36206,validation
36207,train
36208,validation
36209,validation
36210,validation
36211,validation
36212,train
36213,validation
36214,train
36215,train
36216,train
36217,train
36218,train
36219,train
36220,validation
36221,train
36222,train
36223,validation
36224,validation
36225,train
36226,train
36227,train
36228,train
36229,train
36230,train
36231,train
36232,train
36233,train
36234,train
36235,train
36236,train
36237,train
36238,train
36239,train
36240,validation
36241,train
36242,train
36243,validation
36244,train
36245,train
36246,train
36247,train
36248,train
36249,train
36250,validation
36251,train
36252,validation
36253,train
36254,train
36255,train
36256,train
36257,train
36258,validation
36259,validation
36260,validation
36261,train
36262,train
36263,validation
36264,train
36265,train
36266,train
36267,validation
36268,train
36269,train
36270,validation
36271,validation
36272,train
36273,train
36274,train
36275,train
36276,validation
36277,validation
36278,validation
36279,validation
36280,train
36281,validation
36282,train
36283,train
36284,train
36285,validation
36286,train
36287,train
36288,validation
36289,train
36290,train
36291,train
36292,train
36293,train
36294,train
36295,train
36296,train
36297,train
36298,train
36299,train
36300,validation
36301,train
36302,train
36303,train
36304,validation
36305,validation
36306,train
36307,train
36308,train
36309,train
36310,train
36311,train
36312,train
36313,train
36314,train
36315,train
36316,train
36317,validation
36318,train
36319,validation
36320,train
36321,train
36322,train
36323,train
36324,train
36325,train
36326,validation
36327,validation
36328,train
36329,validation
36330,train
36331,train
36332,validation
36333,train
36334,train
36335,train
36336,train
36337,validation
36338,train
36339,train
36340,train
36341,train
36342,train
36343,train
36344,train
36345,train
36346,train
36347,train
36348,train
36349,train
36350,train
36351,train
36352,train
36353,validation
36354,train
36355,train
36356,validation
36357,train
36358,train
36359,train
36360,train
36361,train
36362,train
36363,train
36364,train
36365,train
36366,train
36367,validation
36368,train
36369,train
36370,train
36371,train
36372,validation
36373,train
36374,train
36375,validation
36376,train
36377,train
36378,train
36379,train
36380,train
36381,train
36382,train
36383,train
36384,train
36385,train
36386,train
36387,train
36388,train
36389,validation
36390,validation
36391,train
36392,validation
36393,train
36394,train
36395,train
36396,train
36397,train
36398,train
36399,train
36400,train
36401,train
36402,train
36403,train
36404,train
36405,train
36406,train
36407,train
36408,validation
36409,train
36410,validation
36411,train
36412,train
36413,train
36414,validation
36415,train
36416,train
36417,train
36418,train
36419,train
36420,train
36421,train
36422,train
36423,train
36424,train
36425,train
36426,train
36427,train
36428,validation
36429,train
36430,train
36431,train
36432,validation
36433,validation
36434,validation
36435,train
36436,train
36437,train
36438,train
36439,train
36440,train
36441,train
36442,validation
36443,train
36444,train
36445,train
36446,train
36447,validation
36448,train
36449,validation
36450,train
36451,validation
36452,train
36453,train
36454,train
36455,train
36456,train
36457,train
36458,train
36459,train
36460,validation
36461,train
36462,train
36463,train
36464,train
36465,train
36466,validation
36467,train
36468,train
36469,train
36470,train
36471,train
36472,train
36473,train
36474,validation
36475,train
36476,train
36477,train
36478,train
36479,train
36480,train
36481,train
36482,train
36483,train
36484,train
36485,train
36486,train
36487,validation
36488,train
36489,train
36490,train
36491,train
36492,train
36493,train
36494,train
36495,train
36496,train
36497,train
36498,train
36499,train
36500,train
36501,train
36502,train
36503,train
36504,train
36505,train
36506,train
36507,train
36508,validation
36509,train
36510,validation
36511,validation
36512,train
36513,validation
36514,train
36515,train
36516,train
36517,train
36518,train
36519,train
36520,train
36521,validation
36522,train
36523,train
36524,train
36525,train
36526,train
36527,train
36528,train
36529,train
36530,train
36531,train
36532,train
36533,train
36534,train
36535,train
36536,train
36537,train
36538,train
36539,train
36540,train
36541,validation
36542,train
36543,train
36544,train
36545,train
36546,validation
36547,validation
36548,train
36549,train
36550,train
36551,validation
36552,train
36553,train
36554,train
36555,validation
36556,validation
36557,train
36558,train
36559,train
36560,train
36561,train
36562,validation
36563,validation
36564,validation
36565,train
36566,train
36567,train
36568,train
36569,train
36570,validation
36571,train
36572,train
36573,train
36574,validation
36575,train
36576,train
36577,train
36578,train
36579,train
36580,train
36581,train
36582,train
36583,train
36584,train
36585,train
36586,train
36587,train
36588,validation
36589,train
36590,train
36591,train
36592,validation
36593,validation
36594,train
36595,train
36596,train
36597,validation
36598,validation
36599,train
36600,validation
36601,train
36602,validation
36603,validation
36604,validation
36605,train
36606,train
36607,train
36608,validation
36609,train
36610,train
36611,train
36612,train
36613,train
36614,train
36615,validation
36616,train
36617,train
36618,train
36619,train
36620,validation
36621,train
36622,validation
36623,train
36624,train
36625,train
36626,train
36627,train
36628,train
36629,train
36630,train
36631,train
36632,train
36633,validation
36634,train
36635,validation
36636,validation
36637,train
36638,train
36639,train
36640,train
36641,train
36642,train
36643,train
36644,train
36645,train
36646,validation
36647,train
36648,train
36649,validation
36650,train
36651,train
36652,train
36653,validation
36654,validation
36655,validation
36656,train
36657,train
36658,train
36659,train
36660,train
36661,train
36662,train
36663,train
36664,validation
36665,validation
36666,train
36667,train
36668,train
36669,train
36670,train
36671,validation
36672,train
36673,train
36674,train
36675,train
36676,train
36677,train
36678,validation
36679,train
36680,validation
36681,train
36682,train
36683,validation
36684,train
36685,validation
36686,train
36687,train
36688,train
36689,train
36690,train
36691,train
36692,train
36693,validation
36694,train
36695,train
36696,train
36697,validation
36698,train
36699,train
36700,validation
36701,validation
36702,train
36703,train
36704,train
36705,validation
36706,train
36707,train
36708,train
36709,train
36710,train
36711,train
36712,train
36713,train
36714,train
36715,train
36716,train
36717,train
36718,train
36719,train
36720,train
36721,train
36722,train
36723,train
36724,validation
36725,validation
36726,validation
36727,train
36728,train
36729,train
36730,train
36731,train
36732,train
36733,train
36734,train
36735,train
36736,train
36737,validation
36738,train
36739,validation
36740,validation
36741,validation
36742,train
36743,train
36744,train
36745,train
36746,train
36747,train
36748,train
36749,train
36750,train
36751,train
36752,validation
36753,validation
36754,train
36755,validation
36756,train
36757,train
36758,validation
36759,train
36760,train
36761,train
36762,train
36763,train
36764,train
36765,validation
36766,train
36767,train
36768,validation
36769,train
36770,train
36771,train
36772,train
36773,train
36774,train
36775,train
36776,validation
36777,validation
36778,train
36779,train
36780,train
36781,train
36782,train
36783,train
36784,validation
36785,train
36786,validation
36787,train
36788,train
36789,train
36790,train
36791,validation
36792,validation
36793,train
36794,train
36795,train
36796,train
36797,train
36798,train
36799,train
36800,train
36801,train
36802,validation
36803,train
36804,train
36805,train
36806,validation
36807,train
36808,train
36809,train
36810,validation
36811,validation
36812,train
36813,train
36814,validation
36815,validation
36816,train
36817,train
36818,train
36819,train
36820,train
36821,train
36822,train
36823,train
36824,validation
36825,validation
36826,train
36827,train
36828,train
36829,validation
36830,train
36831,train
36832,train
36833,train
36834,train
36835,train
36836,train
36837,validation
36838,validation
36839,validation
36840,validation
36841,train
36842,train
36843,train
36844,validation
36845,train
36846,validation
36847,train
36848,train
36849,train
36850,train
36851,train
36852,train
36853,train
36854,train
36855,validation
36856,validation
36857,train
36858,train
36859,validation
36860,validation
36861,train
36862,train
36863,train
36864,train
36865,train
36866,train
36867,train
36868,train
36869,train
36870,train
36871,validation
36872,validation
36873,train
36874,validation
36875,train
36876,train
36877,train
36878,train
36879,train
36880,train
36881,validation
36882,train
36883,validation
36884,train
36885,train
36886,train
36887,train
36888,validation
36889,train
36890,train
36891,validation
36892,train
36893,train
36894,train
36895,train
36896,train
36897,train
36898,train
36899,train
36900,validation
36901,train
36902,train
36903,validation
36904,train
36905,train
36906,train
36907,train
36908,train
36909,train
36910,train
36911,train
36912,train
36913,train
36914,train
36915,train
36916,train
36917,train
36918,train
36919,train
36920,train
36921,train
36922,train
36923,train
36924,train
36925,train
36926,train
36927,train
36928,train
36929,train
36930,train
36931,train
36932,validation
36933,train
36934,train
36935,train
36936,train
36937,train
36938,train
36939,train
36940,train
36941,train
36942,train
36943,train
36944,train
36945,train
36946,validation
36947,validation
36948,train
36949,train
36950,train
36951,train
36952,validation
36953,train
36954,train
36955,train
36956,train
36957,validation
36958,validation
36959,validation
36960,train
36961,validation
36962,train
36963,validation
36964,train
36965,train
36966,train
36967,train
36968,train
36969,train
36970,train
36971,train
36972,validation
36973,validation
36974,train
36975,validation
36976,validation
36977,train
36978,validation
36979,train
36980,train
36981,validation
36982,train
36983,validation
36984,train
36985,train
36986,train
36987,train
36988,train
36989,train
36990,train
36991,train
36992,validation
36993,train
36994,train
36995,validation
36996,train
36997,train
36998,validation
36999,train
37000,train
37001,validation
37002,train
37003,validation
37004,validation
37005,train
37006,train
37007,validation
37008,train
37009,train
37010,train
37011,train
37012,train
37013,train
37014,train
37015,train
37016,train
37017,validation
37018,train
37019,validation
37020,train
37021,train
37022,validation
37023,train
37024,train
37025,train
37026,train
37027,train
37028,train
37029,validation
37030,train
37031,train
37032,train
37033,train
37034,validation
37035,train
37036,train
37037,validation
37038,train
37039,train
37040,train
37041,train
37042,validation
37043,train
37044,train
37045,train
37046,train
37047,train
37048,train
37049,validation
37050,train
37051,train
37052,train
37053,validation
37054,validation
37055,validation
37056,train
37057,validation
37058,train
37059,train
37060,validation
37061,train
37062,validation
37063,train
37064,train
37065,train
37066,train
37067,train
37068,train
37069,train
37070,train
37071,validation
37072,validation
37073,train
37074,train
37075,train
37076,train
37077,train
37078,train
37079,train
37080,train
37081,train
37082,train
37083,validation
37084,train
37085,train
37086,train
37087,train
37088,train
37089,train
37090,train
37091,train
37092,train
37093,train
37094,train
37095,train
37096,train
37097,train
37098,train
37099,train
37100,validation
37101,train
37102,validation
37103,train
37104,train
37105,train
37106,train
37107,train
37108,train
37109,train
37110,train
37111,train
37112,train
37113,train
37114,validation
37115,train
37116,train
37117,validation
37118,train
37119,train
37120,train
37121,train
37122,train
37123,train
37124,train
37125,train
37126,train
37127,train
37128,train
37129,train
37130,train
37131,validation
37132,train
37133,train
37134,train
37135,train
37136,validation
37137,train
37138,train
37139,train
37140,train
37141,train
37142,train
37143,validation
37144,train
37145,train
37146,train
37147,train
37148,train
37149,train
37150,train
37151,train
37152,train
37153,validation
37154,train
37155,validation
37156,validation
37157,train
37158,train
37159,validation
37160,validation
37161,train
37162,train
37163,train
37164,validation
37165,train
37166,train
37167,train
37168,train
37169,train
37170,validation
37171,train
37172,train
37173,train
37174,validation
37175,train
37176,train
37177,validation
37178,train
37179,train
37180,train
37181,train
37182,train
37183,train
37184,train
37185,validation
37186,train
37187,validation
37188,train
37189,train
37190,train
37191,train
37192,train
37193,validation
37194,train
37195,train
37196,train
37197,train
37198,train
37199,train
37200,train
37201,train
37202,validation
37203,train
37204,train
37205,train
37206,train
37207,train
37208,validation
37209,train
37210,validation
37211,train
37212,validation
37213,train
37214,train
37215,train
37216,train
37217,train
37218,train
37219,train
37220,train
37221,train
37222,validation
37223,validation
37224,train
37225,train
37226,train
37227,train
37228,train
37229,train
37230,validation
37231,train
37232,train
37233,train
37234,train
37235,train
37236,train
37237,train
37238,train
37239,train
37240,train
37241,train
37242,train
37243,train
37244,train
37245,validation
37246,train
37247,train
37248,train
37249,train
37250,train
37251,validation
37252,train
37253,validation
37254,train
37255,train
37256,validation
37257,train
37258,train
37259,validation
37260,train
37261,train
37262,train
37263,train
37264,train
37265,validation
37266,train
37267,validation
37268,train
37269,train
37270,train
37271,train
37272,train
37273,train
37274,validation
37275,train
37276,train
37277,train
37278,train
37279,train
37280,validation
37281,train
37282,train
37283,validation
37284,train
37285,train
37286,train
37287,train
37288,validation
37289,train
37290,train
37291,train
37292,train
37293,validation
37294,validation
37295,train
37296,train
37297,validation
37298,validation
37299,train
37300,train
37301,train
37302,train
37303,train
37304,train
37305,train
37306,train
37307,validation
37308,train
37309,train
37310,train
37311,train
37312,train
37313,validation
37314,train
37315,train
37316,train
37317,train
37318,train
37319,train
37320,train
37321,train
37322,train
37323,train
37324,train
37325,train
37326,train
37327,validation
37328,train
37329,train
37330,train
37331,train
37332,train
37333,validation
37334,train
37335,train
37336,train
37337,train
37338,train
37339,train
37340,train
37341,train
37342,train
37343,train
37344,train
37345,train
37346,train
37347,validation
37348,validation
37349,validation
37350,validation
37351,train
37352,train
37353,train
37354,train
37355,validation
37356,train
37357,train
37358,train
37359,validation
37360,train
37361,train
37362,train
37363,train
37364,train
37365,validation
37366,train
37367,train
37368,validation
37369,train
37370,train
37371,train
37372,train
37373,validation
37374,train
37375,train
37376,train
37377,validation
37378,train
37379,validation
37380,train
37381,train
37382,train
37383,train
37384,train
37385,train
37386,train
37387,train
37388,train
37389,validation
37390,train
37391,train
37392,train
37393,validation
37394,train
37395,train
37396,train
37397,train
37398,train
37399,train
37400,train
37401,validation
37402,train
37403,train
37404,train
37405,train
37406,train
37407,train
37408,validation
37409,train
37410,train
37411,train
37412,train
37413,train
37414,train
37415,train
37416,train
37417,train
37418,train
37419,validation
37420,train
37421,train
37422,train
37423,train
37424,train
37425,train
37426,validation
37427,validation
37428,train
37429,validation
37430,train
37431,train
37432,train
37433,train
37434,train
37435,train
37436,train
37437,train
37438,train
37439,validation
37440,validation
37441,train
37442,train
37443,train
37444,train
37445,train
37446,train
37447,train
37448,train
37449,train
37450,validation
37451,validation
37452,train
37453,train
37454,train
37455,train
37456,validation
37457,validation
37458,train
37459,train
37460,train
37461,train
37462,train
37463,train
37464,train
37465,validation
37466,train
37467,validation
37468,train
37469,train
37470,train
37471,train
37472,train
37473,train
37474,train
37475,validation
37476,validation
37477,train
37478,train
37479,train
37480,train
37481,train
37482,train
37483,train
37484,validation
37485,train
37486,train
37487,train
37488,train
37489,train
37490,train
37491,train
37492,train
37493,train
37494,validation
37495,validation
37496,train
37497,train
37498,train
37499,train
37500,train
37501,validation
37502,train
37503,validation
37504,train
37505,train
37506,train
37507,train
37508,validation
37509,train
37510,validation
37511,train
37512,train
37513,train
37514,train
37515,train
37516,train
37517,train
37518,train
37519,train
37520,train
37521,train
37522,train
37523,train
37524,train
37525,train
37526,validation
37527,validation
37528,validation
37529,train
37530,validation
37531,validation
37532,train
37533,train
37534,validation
37535,validation
37536,train
37537,train
37538,train
37539,validation
37540,train
37541,validation
37542,validation
37543,validation
37544,train
37545,train
37546,train
37547,train
37548,train
37549,train
37550,train
37551,train
37552,train
37553,train
37554,train
37555,train
37556,validation
37557,validation
37558,train
37559,train
37560,train
37561,train
37562,validation
37563,train
37564,train
37565,validation
37566,train
37567,train
37568,validation
37569,validation
37570,train
37571,validation
37572,train
37573,train
37574,train
37575,train
37576,train
37577,train
37578,validation
37579,train
37580,train
37581,validation
37582,train
37583,train
37584,validation
37585,train
37586,train
37587,train
37588,train
37589,validation
37590,train
37591,validation
37592,train
37593,validation
37594,train
37595,train
37596,train
37597,train
37598,train
37599,train
37600,train
37601,validation
37602,train
37603,train
37604,validation
37605,validation
37606,validation
37607,validation
37608,train
37609,train
37610,train
37611,train
37612,validation
37613,train
37614,train
37615,train
37616,train
37617,train
37618,train
37619,train
37620,validation
37621,train
37622,train
37623,train
37624,train
37625,validation
37626,train
37627,train
37628,train
37629,train
37630,validation
37631,train
37632,validation
37633,train
37634,train
37635,validation
37636,validation
37637,train
37638,train
37639,train
37640,train
37641,validation
37642,validation
37643,train
37644,train
37645,train
37646,train
37647,train
37648,train
37649,validation
37650,validation
37651,train
37652,train
37653,train
37654,train
37655,train
37656,train
37657,validation
37658,train
37659,train
37660,train
37661,train
37662,train
37663,train
37664,validation
37665,train
37666,train
37667,validation
37668,train
37669,train
37670,train
37671,train
37672,train
37673,train
37674,train
37675,train
37676,train
37677,train
37678,train
37679,validation
37680,train
37681,train
37682,train
37683,train
37684,train
37685,validation
37686,train
37687,train
37688,train
37689,train
37690,train
37691,validation
37692,train
37693,train
37694,train
37695,train
37696,train
37697,train
37698,train
37699,train
37700,train
37701,train
37702,train
37703,train
37704,train
37705,train
37706,train
37707,train
37708,train
37709,train
37710,train
37711,train
37712,train
37713,train
37714,validation
37715,train
37716,train
37717,train
37718,train
37719,train
37720,train
37721,train
37722,train
37723,train
37724,train
37725,train
37726,train
37727,train
37728,train
37729,validation
37730,train
37731,validation
37732,train
37733,validation
37734,train
37735,validation
37736,train
37737,train
37738,train
37739,train
37740,train
37741,train
37742,train
37743,train
37744,train
37745,train
37746,validation
37747,train
37748,train
37749,train
37750,train
37751,validation
37752,train
37753,train
37754,train
37755,train
37756,train
37757,validation
37758,train
37759,train
37760,train
37761,validation
37762,validation
37763,validation
37764,train
37765,train
37766,train
37767,validation
37768,train
37769,validation
37770,train
37771,train
37772,train
37773,train
37774,train
37775,validation
37776,train
37777,validation
37778,validation
37779,train
37780,train
37781,train
37782,validation
37783,train
37784,train
37785,train
37786,train
37787,train
37788,train
37789,validation
37790,train
37791,train
37792,train
37793,train
37794,train
37795,train
37796,validation
37797,train
37798,train
37799,train
37800,train
37801,train
37802,train
37803,train
37804,validation
37805,train
37806,train
37807,train
37808,train
37809,validation
37810,train
37811,train
37812,train
37813,train
37814,train
37815,train
37816,train
37817,train
37818,validation
37819,train
37820,train
37821,train
37822,train
37823,validation
37824,train
37825,train
37826,train
37827,train
37828,train
37829,validation
37830,train
37831,train
37832,train
37833,validation
37834,train
37835,train
37836,train
37837,train
37838,train
37839,validation
37840,train
37841,validation
37842,train
37843,train
37844,train
37845,validation
37846,train
37847,validation
37848,train
37849,train
37850,train
37851,train
37852,validation
37853,train
37854,validation
37855,train
37856,train
37857,validation
37858,train
37859,train
37860,train
37861,train
37862,train
37863,train
37864,train
37865,train
37866,validation
37867,train
37868,train
37869,train
37870,train
37871,train
37872,train
37873,validation
37874,train
37875,train
37876,validation
37877,train
37878,train
37879,train
37880,validation
37881,validation
37882,train
37883,validation
37884,validation
37885,train
37886,train
37887,train
37888,train
37889,validation
37890,train
37891,train
37892,train
37893,train
37894,validation
37895,train
37896,validation
37897,train
37898,validation
37899,train
37900,train
37901,train
37902,train
37903,train
37904,train
37905,train
37906,train
37907,train
37908,train
37909,train
37910,train
37911,train
37912,validation
37913,train
37914,train
37915,train
37916,train
37917,train
37918,train
37919,train
37920,train
37921,train
37922,validation
37923,train
37924,train
37925,train
37926,train
37927,train
37928,train
37929,train
37930,train
37931,train
37932,train
37933,train
37934,validation
37935,train
37936,train
37937,train
37938,train
37939,train
37940,train
37941,train
37942,train
37943,train
37944,train
37945,train
37946,train
37947,train
37948,validation
37949,train
37950,validation
37951,train
37952,train
37953,validation
37954,validation
37955,train
37956,train
37957,validation
37958,train
37959,train
37960,train
37961,validation
37962,train
37963,train
37964,train
37965,train
37966,train
37967,train
37968,train
37969,train
37970,train
37971,train
37972,train
37973,validation
37974,train
37975,validation
37976,train
37977,validation
37978,train
37979,train
37980,train
37981,train
37982,train
37983,validation
37984,train
37985,train
37986,train
37987,train
37988,train
37989,train
37990,train
37991,validation
37992,train
37993,train
37994,train
37995,train
37996,train
37997,validation
37998,train
37999,train
38000,train
38001,train
38002,train
38003,train
38004,train
38005,validation
38006,train
38007,train
38008,train
38009,train
38010,validation
38011,train
38012,train
38013,validation
38014,train
38015,train
38016,train
38017,validation
38018,train
38019,validation
38020,train
38021,validation
38022,validation
38023,train
38024,validation
38025,validation
38026,train
38027,validation
38028,train
38029,train
38030,train
38031,validation
38032,train
38033,validation
38034,train
38035,validation
38036,validation
38037,train
38038,train
38039,validation
38040,validation
38041,train
38042,validation
38043,train
38044,train
38045,train
38046,train
38047,train
38048,validation
38049,train
38050,train
38051,train
38052,train
38053,train
38054,train
38055,train
38056,train
38057,train
38058,validation
38059,train
38060,validation
38061,train
38062,train
38063,train
38064,train
38065,train
38066,train
38067,train
38068,train
38069,train
38070,train
38071,train
38072,train
38073,train
38074,train
38075,validation
38076,train
38077,train
38078,train
38079,train
38080,train
38081,train
38082,train
38083,train
38084,train
38085,train
38086,train
38087,train
38088,train
38089,validation
38090,train
38091,train
38092,train
38093,train
38094,train
38095,train
38096,train
38097,train
38098,validation
38099,train
38100,train
38101,train
38102,train
38103,train
38104,train
38105,validation
38106,train
38107,train
38108,train
38109,validation
38110,train
38111,validation
38112,train
38113,train
38114,train
38115,validation
38116,train
38117,train
38118,train
38119,train
38120,validation
38121,train
38122,train
38123,validation
38124,train
38125,validation
38126,train
38127,validation
38128,train
38129,train
38130,train
38131,validation
38132,train
38133,train
38134,train
38135,validation
38136,train
38137,train
38138,train
38139,validation
38140,train
38141,train
38142,train
38143,train
38144,train
38145,train
38146,train
38147,train
38148,train
38149,train
38150,train
38151,validation
38152,train
38153,validation
38154,train
38155,train
38156,train
38157,train
38158,train
38159,train
38160,train
38161,train
38162,train
38163,train
38164,train
38165,train
38166,train
38167,train
38168,train
38169,train
38170,validation
38171,validation
38172,train
38173,train
38174,train
38175,validation
38176,train
38177,validation
38178,validation
38179,train
38180,train
38181,train
38182,train
38183,train
38184,train
38185,train
38186,train
38187,validation
38188,validation
38189,train
38190,train
38191,train
38192,train
38193,train
38194,train
38195,train
38196,train
38197,train
38198,train
38199,train
38200,train
38201,train
38202,train
38203,train
38204,train
38205,validation
38206,train
38207,train
38208,train
38209,train
38210,train
38211,train
38212,train
38213,train
38214,train
38215,train
38216,train
38217,train
38218,validation
38219,validation
38220,train
38221,train
38222,train
38223,train
38224,train
38225,train
38226,validation
38227,validation
38228,validation
38229,validation
38230,train
38231,train
38232,train
38233,validation
38234,train
38235,train
38236,train
38237,train
38238,train
38239,train
38240,train
38241,train
38242,train
38243,train
38244,train
38245,train
38246,train
38247,train
38248,train
38249,train
38250,train
38251,validation
38252,train
38253,train
38254,validation
38255,train
38256,validation
38257,train
38258,train
38259,train
38260,train
38261,train
38262,train
38263,train
38264,train
38265,train
38266,train
38267,train
38268,train
38269,train
38270,train
38271,validation
38272,validation
38273,validation
38274,train
38275,validation
38276,train
38277,train
38278,train
38279,train
38280,train
38281,validation
38282,validation
38283,validation
38284,validation
38285,validation
38286,train
38287,train
38288,train
38289,validation
38290,train
38291,train
38292,train
38293,train
38294,validation
38295,train
38296,train
38297,validation
38298,train
38299,train
38300,train
38301,train
38302,train
38303,train
38304,train
38305,train
38306,train
38307,validation
38308,train
38309,train
38310,train
38311,train
38312,train
38313,train
38314,train
38315,train
38316,train
38317,train
38318,train
38319,train
38320,train
38321,train
38322,train
38323,train
38324,train
38325,train
38326,validation
38327,train
38328,train
38329,train
38330,train
38331,validation
38332,train
38333,train
38334,train
38335,validation
38336,validation
38337,validation
38338,validation
38339,train
38340,train
38341,train
38342,train
38343,train
38344,validation
38345,train
38346,train
38347,train
38348,train
38349,train
38350,train
38351,train
38352,train
38353,train
38354,train
38355,train
38356,train
38357,train
38358,validation
38359,train
38360,train
38361,train
38362,train
38363,train
38364,train
38365,train
38366,train
38367,train
38368,train
38369,train
38370,train
38371,train
38372,train
38373,train
38374,train
38375,train
38376,validation
38377,train
38378,train
38379,train
38380,train
38381,train
38382,train
38383,train
38384,train
38385,train
38386,train
38387,train
38388,train
38389,train
38390,train
38391,train
38392,validation
38393,train
38394,validation
38395,validation
38396,train
38397,train
38398,train
38399,train
38400,train
38401,train
38402,train
38403,validation
38404,validation
38405,train
38406,train
38407,train
38408,train
38409,validation
38410,train
38411,train
38412,train
38413,train
38414,validation
38415,train
38416,train
38417,validation
38418,train
38419,train
38420,validation
38421,train
38422,train
38423,train
38424,train
38425,train
38426,train
38427,train
38428,train
38429,train
38430,train
38431,validation
38432,train
38433,train
38434,train
38435,train
38436,train
38437,validation
38438,train
38439,train
38440,train
38441,train
38442,train
38443,train
38444,validation
38445,train
38446,train
38447,train
38448,train
38449,train
38450,train
38451,train
38452,validation
38453,train
38454,validation
38455,validation
38456,train
38457,train
38458,train
38459,train
38460,train
38461,train
38462,train
38463,train
38464,train
38465,train
38466,train
38467,train
38468,validation
38469,train
38470,train
38471,train
38472,train
38473,train
38474,train
38475,train
38476,validation
38477,train
38478,train
38479,validation
38480,train
38481,validation
38482,validation
38483,train
38484,train
38485,train
38486,train
38487,train
38488,validation
38489,validation
38490,train
38491,train
38492,train
38493,train
38494,train
38495,train
38496,train
38497,train
38498,validation
38499,train
38500,train
38501,train
38502,train
38503,train
38504,validation
38505,train
38506,train
38507,train
38508,train
38509,validation
38510,validation
38511,validation
38512,train
38513,train
38514,train
38515,train
38516,train
38517,train
38518,train
38519,train
38520,validation
38521,train
38522,train
38523,validation
38524,train
38525,train
38526,validation
38527,train
38528,train
38529,validation
38530,train
38531,train
38532,train
38533,train
38534,train
38535,train
38536,validation
38537,train
38538,train
38539,train
38540,validation
38541,train
38542,train
38543,validation
38544,train
38545,train
38546,validation
38547,train
38548,train
38549,train
38550,train
38551,train
38552,train
38553,train
38554,train
38555,train
38556,train
38557,train
38558,train
38559,train
38560,validation
38561,validation
38562,validation
38563,train
38564,validation
38565,train
38566,train
38567,train
38568,train
38569,train
38570,train
38571,train
38572,validation
38573,train
38574,validation
38575,train
38576,train
38577,train
38578,train
38579,validation
38580,train
38581,train
38582,train
38583,train
38584,validation
38585,train
38586,train
38587,train
38588,train
38589,validation
38590,validation
38591,train
38592,train
38593,validation
38594,train
38595,train
38596,train
38597,train
38598,validation
38599,train
38600,train
38601,train
38602,train
38603,train
38604,train
38605,validation
38606,train
38607,train
38608,train
38609,train
38610,train
38611,train
38612,train
38613,train
38614,validation
38615,train
38616,train
38617,train
38618,train
38619,train
38620,train
38621,train
38622,train
38623,train
38624,train
38625,train
38626,train
38627,validation
38628,train
38629,train
38630,train
38631,validation
38632,train
38633,train
38634,validation
38635,train
38636,train
38637,train
38638,train
38639,train
38640,train
38641,train
38642,validation
38643,train
38644,train
38645,validation
38646,train
38647,train
38648,train
38649,validation
38650,train
38651,validation
38652,train
38653,train
38654,train
38655,train
38656,train
38657,train
38658,train
38659,train
38660,train
38661,train
38662,train
38663,validation
38664,train
38665,train
38666,train
38667,validation
38668,train
38669,train
38670,train
38671,train
38672,train
38673,train
38674,train
38675,train
38676,train
38677,validation
38678,validation
38679,train
38680,train
38681,train
38682,validation
38683,train
38684,validation
38685,validation
38686,train
38687,validation
38688,train
38689,train
38690,train
38691,train
38692,train
38693,train
38694,train
38695,train
38696,train
38697,train
38698,train
38699,train
38700,train
38701,train
38702,train
38703,train
38704,train
38705,train
38706,validation
38707,train
38708,train
38709,train
38710,validation
38711,train
38712,train
38713,validation
38714,train
38715,validation
38716,train
38717,train
38718,validation
38719,validation
38720,train
38721,validation
38722,train
38723,train
38724,train
38725,validation
38726,train
38727,validation
38728,train
38729,validation
38730,train
38731,validation
38732,train
38733,train
38734,train
38735,train
38736,train
38737,train
38738,train
38739,validation
38740,train
38741,validation
38742,train
38743,train
38744,train
38745,validation
38746,train
38747,train
38748,train
38749,validation
38750,train
38751,train
38752,train
38753,validation
38754,train
38755,train
38756,train
38757,train
38758,train
38759,train
38760,validation
38761,train
38762,train
38763,train
38764,train
38765,train
38766,validation
38767,validation
38768,train
38769,train
38770,train
38771,train
38772,train
38773,train
38774,validation
38775,validation
38776,validation
38777,train
38778,validation
38779,train
38780,validation
38781,validation
38782,train
38783,train
38784,train
38785,train
38786,train
38787,validation
38788,train
38789,train
38790,validation
38791,train
38792,train
38793,train
38794,train
38795,validation
38796,validation
38797,train
38798,validation
38799,train
38800,train
38801,train
38802,train
38803,train
38804,validation
38805,train
38806,train
38807,train
38808,train
38809,validation
38810,train
38811,train
38812,validation
38813,train
38814,train
38815,train
38816,train
38817,train
38818,train
38819,train
38820,train
38821,train
38822,train
38823,train
38824,train
38825,train
38826,train
38827,train
38828,train
38829,train
38830,train
38831,train
38832,train
38833,train
38834,train
38835,train
38836,validation
38837,train
38838,train
38839,train
38840,validation
38841,train
38842,validation
38843,train
38844,train
38845,train
38846,train
38847,train
38848,validation
38849,train
38850,train
38851,train
38852,validation
38853,train
38854,train
38855,train
38856,train
38857,train
38858,train
38859,validation
38860,train
38861,train
38862,train
38863,train
38864,train
38865,validation
38866,train
38867,train
38868,train
38869,train
38870,train
38871,train
38872,train
38873,train
38874,train
38875,train
38876,train
38877,train
38878,validation
38879,train
38880,validation
38881,validation
38882,train
38883,train
38884,validation
38885,train
38886,validation
38887,train
38888,train
38889,train
38890,validation
38891,train
38892,train
38893,train
38894,train
38895,train
38896,train
38897,train
38898,train
38899,train
38900,validation
38901,train
38902,train
38903,train
38904,validation
38905,train
38906,train
38907,train
38908,train
38909,train
38910,validation
38911,train
38912,train
38913,train
38914,validation
38915,train
38916,validation
38917,validation
38918,train
38919,train
38920,train
38921,train
38922,train
38923,train
38924,validation
38925,train
38926,train
38927,train
38928,train
38929,train
38930,train
38931,train
38932,train
38933,train
38934,validation
38935,train
38936,train
38937,train
38938,train
38939,train
38940,train
38941,validation
38942,train
38943,train
38944,validation
38945,validation
38946,validation
38947,validation
38948,train
38949,train
38950,train
38951,train
38952,train
38953,train
38954,validation
38955,train
38956,train
38957,validation
38958,validation
38959,train
38960,validation
38961,train
38962,train
38963,train
38964,train
38965,train
38966,validation
38967,validation
38968,train
38969,train
38970,train
38971,train
38972,train
38973,train
38974,validation
38975,train
38976,train
38977,train
38978,train
38979,train
38980,train
38981,train
38982,train
38983,train
38984,train
38985,train
38986,train
38987,train
38988,train
38989,train
38990,validation
38991,train
38992,validation
38993,train
38994,train
38995,train
38996,train
38997,train
38998,train
38999,train
39000,train
39001,train
39002,train
39003,train
39004,validation
39005,train
39006,train
39007,train
39008,train
39009,train
39010,train
39011,train
39012,train
39013,validation
39014,train
39015,train
39016,train
39017,validation
39018,train
39019,train
39020,train
39021,validation
39022,train
39023,train
39024,train
39025,validation
39026,train
39027,validation
39028,train
39029,train
39030,train
39031,train
39032,train
39033,train
39034,train
39035,validation
39036,validation
39037,validation
39038,train
39039,validation
39040,train
39041,train
39042,train
39043,train
39044,train
39045,train
39046,train
39047,validation
39048,train
39049,validation
39050,train
39051,train
39052,validation
39053,train
39054,train
39055,train
39056,train
39057,train
39058,train
39059,train
39060,validation
39061,train
39062,validation
39063,train
39064,train
39065,validation
39066,train
39067,train
39068,train
39069,validation
39070,train
39071,train
39072,train
39073,train
39074,train
39075,validation
39076,train
39077,validation
39078,train
39079,train
39080,train
39081,validation
39082,train
39083,train
39084,validation
39085,validation
39086,train
39087,train
39088,train
39089,validation
39090,validation
39091,validation
39092,train
39093,train
39094,train
39095,train
39096,train
39097,validation
39098,train
39099,train
39100,train
39101,train
39102,train
39103,validation
39104,train
39105,validation
39106,train
39107,train
39108,validation
39109,train
39110,validation
39111,train
39112,train
39113,validation
39114,train
39115,validation
39116,train
39117,train
39118,train
39119,train
39120,train
39121,validation
39122,validation
39123,train
39124,train
39125,train
39126,train
39127,train
39128,train
39129,train
39130,train
39131,train
39132,train
39133,train
39134,train
39135,validation
39136,validation
39137,train
39138,train
39139,validation
39140,train
39141,train
39142,train
39143,validation
39144,train
39145,train
39146,validation
39147,train
39148,train
39149,validation
39150,validation
39151,train
39152,train
39153,train
39154,train
39155,train
39156,validation
39157,train
39158,train
39159,train
39160,train
39161,train
39162,validation
39163,train
39164,validation
39165,train
39166,validation
39167,train
39168,validation
39169,train
39170,train
39171,train
39172,train
39173,train
39174,train
39175,validation
39176,train
39177,train
39178,train
39179,train
39180,train
39181,validation
39182,train
39183,train
39184,train
39185,train
39186,train
39187,train
39188,validation
39189,train
39190,train
39191,train
39192,train
39193,train
39194,train
39195,train
39196,validation
39197,train
39198,train
39199,train
39200,train
39201,validation
39202,train
39203,validation
39204,train
39205,validation
39206,validation
39207,train
39208,validation
39209,train
39210,validation
39211,train
39212,validation
39213,train
39214,validation
39215,train
39216,train
39217,train
39218,train
39219,train
39220,train
39221,validation
39222,train
39223,train
39224,train
39225,validation
39226,train
39227,validation
39228,train
39229,train
39230,train
39231,train
39232,train
39233,validation
39234,train
39235,train
39236,validation
39237,train
39238,validation
39239,train
39240,train
39241,train
39242,train
39243,train
39244,validation
39245,validation
39246,train
39247,train
39248,train
39249,train
39250,train
39251,train
39252,train
39253,train
39254,train
39255,train
39256,validation
39257,train
39258,train
39259,train
39260,train
39261,train
39262,train
39263,validation
39264,train
39265,train
39266,train
39267,train
39268,train
39269,train
39270,train
39271,train
39272,train
39273,train
39274,validation
39275,train
39276,train
39277,train
39278,train
39279,train
39280,train
39281,validation
39282,train
39283,train
39284,train
39285,validation
39286,train
39287,train
39288,train
39289,train
39290,train
39291,train
39292,train
39293,validation
39294,train
39295,train
39296,validation
39297,train
39298,validation
39299,train
39300,train
39301,train
39302,train
39303,train
39304,validation
39305,train
39306,train
39307,validation
39308,train
39309,train
39310,train
39311,train
39312,train
39313,train
39314,train
39315,train
39316,train
39317,train
39318,train
39319,train
39320,validation
39321,train
39322,train
39323,train
39324,train
39325,train
39326,validation
39327,train
39328,validation
39329,train
39330,train
39331,train
39332,train
39333,train
39334,train
39335,train
39336,train
39337,train
39338,train
39339,train
39340,validation
39341,train
39342,train
39343,train
39344,train
39345,train
39346,train
39347,train
39348,train
39349,train
39350,validation
39351,train
39352,train
39353,validation
39354,train
39355,train
39356,validation
39357,train
39358,validation
39359,train
39360,train
39361,train
39362,train
39363,train
39364,validation
39365,validation
39366,train
39367,validation
39368,train
39369,train
39370,train
39371,train
39372,validation
39373,train
39374,validation
39375,train
39376,train
39377,train
39378,train
39379,train
39380,train
39381,train
39382,train
39383,validation
39384,train
39385,train
39386,train
39387,train
39388,train
39389,train
39390,train
39391,train
39392,train
39393,train
39394,train
39395,validation
39396,train
39397,train
39398,train
39399,train
39400,train
39401,train
39402,train
39403,validation
39404,validation
39405,train
39406,train
39407,train
39408,train
39409,validation
39410,train
39411,train
39412,train
39413,train
39414,train
39415,train
39416,validation
39417,train
39418,train
39419,train
39420,train
39421,train
39422,train
39423,train
39424,train
39425,train
39426,train
39427,train
39428,train
39429,train
39430,train
39431,validation
39432,train
39433,train
39434,validation
39435,validation
39436,train
39437,validation
39438,validation
39439,validation
39440,train
39441,train
39442,train
39443,train
39444,train
39445,train
39446,train
39447,train
39448,validation
39449,validation
39450,train
39451,train
39452,train
39453,train
39454,train
39455,validation
39456,validation
39457,train
39458,train
39459,train
39460,train
39461,train
39462,validation
39463,train
39464,validation
39465,validation
39466,train
39467,train
39468,train
39469,train
39470,train
39471,train
39472,train
39473,train
39474,train
39475,train
39476,train
39477,train
39478,train
39479,validation
39480,train
39481,train
39482,train
39483,train
39484,train
39485,train
39486,train
39487,train
39488,train
39489,train
39490,train
39491,train
39492,train
39493,train
39494,train
39495,train
39496,train
39497,train
39498,train
39499,train
39500,validation
39501,validation
39502,train
39503,train
39504,validation
39505,train
39506,train
39507,train
39508,validation
39509,train
39510,train
39511,train
39512,train
39513,train
39514,validation
39515,train
39516,train
39517,validation
39518,train
39519,train
39520,train
39521,train
39522,train
39523,train
39524,train
39525,validation
39526,train
39527,train
39528,train
39529,train
39530,train
39531,train
39532,train
39533,train
39534,train
39535,train
39536,train
39537,train
39538,train
39539,train
39540,train
39541,train
39542,train
39543,validation
39544,train
39545,train
39546,train
39547,validation
39548,train
39549,train
39550,train
39551,validation
39552,train
39553,validation
39554,train
39555,train
39556,train
39557,validation
39558,validation
39559,train
39560,train
39561,train
39562,train
39563,train
39564,validation
39565,train
39566,train
39567,train
39568,train
39569,validation
39570,train
39571,train
39572,train
39573,train
39574,train
39575,train
39576,train
39577,train
39578,train
39579,train
39580,train
39581,train
39582,validation
39583,train
39584,train
39585,train
39586,train
39587,train
39588,train
39589,validation
39590,train
39591,train
39592,train
39593,validation
39594,train
39595,train
39596,train
39597,train
39598,train
39599,train
39600,validation
39601,train
39602,train
39603,train
39604,train
39605,train
39606,train
39607,train
39608,train
39609,train
39610,validation
39611,train
39612,train
39613,train
39614,train
39615,train
39616,train
39617,train
39618,train
39619,train
39620,train
39621,train
39622,train
39623,train
39624,train
39625,train
39626,train
39627,validation
39628,train
39629,train
39630,train
39631,train
39632,train
39633,train
39634,train
39635,train
39636,train
39637,train
39638,validation
39639,train
39640,train
39641,train
39642,train
39643,validation
39644,train
39645,train
39646,validation
39647,validation
39648,train
39649,train
39650,train
39651,validation
39652,train
39653,train
39654,train
39655,train
39656,train
39657,train
39658,train
39659,train
39660,train
39661,train
39662,validation
39663,train
39664,validation
39665,validation
39666,train
39667,train
39668,train
39669,train
39670,train
39671,train
39672,validation
39673,train
39674,train
39675,train
39676,train
39677,train
39678,train
39679,train
39680,train
39681,train
39682,train
39683,train
39684,train
39685,train
39686,train
39687,train
39688,train
39689,train
39690,train
39691,train
39692,train
39693,validation
39694,train
39695,validation
39696,train
39697,train
39698,train
39699,train
39700,train
39701,validation
39702,validation
39703,train
39704,train
39705,train
39706,train
39707,validation
39708,validation
39709,train
39710,train
39711,validation
39712,train
39713,train
39714,train
39715,train
39716,train
39717,train
39718,train
39719,train
39720,validation
39721,train
39722,validation
39723,train
39724,train
39725,validation
39726,train
39727,train
39728,validation
39729,train
39730,train
39731,train
39732,validation
39733,validation
39734,validation
39735,train
39736,train
39737,train
39738,train
39739,train
39740,train
39741,validation
39742,train
39743,train
39744,train
39745,train
39746,train
39747,train
39748,train
39749,train
39750,train
39751,train
39752,train
39753,train
39754,train
39755,train
39756,train
39757,train
39758,train
39759,train
39760,train
39761,train
39762,validation
39763,train
39764,train
39765,train
39766,train
39767,train
39768,train
39769,train
39770,train
39771,train
39772,train
39773,validation
39774,train
39775,validation
39776,train
39777,train
39778,validation
39779,train
39780,train
39781,train
39782,train
39783,validation
39784,train
39785,train
39786,train
39787,train
39788,train
39789,validation
39790,train
39791,train
39792,train
39793,train
39794,train
39795,validation
39796,train
39797,train
39798,train
39799,train
39800,train
39801,train
39802,train
39803,train
39804,validation
39805,train
39806,validation
39807,validation
39808,train
39809,train
39810,train
39811,train
39812,train
39813,validation
39814,validation
39815,validation
39816,train
39817,train
39818,validation
39819,validation
39820,train
39821,train
39822,train
39823,train
39824,train
39825,train
39826,validation
39827,validation
39828,train
39829,train
39830,train
39831,train
39832,validation
39833,train
39834,train
39835,validation
39836,train
39837,train
39838,train
39839,validation
39840,train
39841,train
39842,validation
39843,train
39844,train
39845,train
39846,validation
39847,train
39848,train
39849,train
39850,train
39851,train
39852,train
39853,train
39854,train
39855,validation
39856,train
39857,train
39858,train
39859,train
39860,train
39861,train
39862,train
39863,validation
39864,train
39865,train
39866,validation
39867,train
39868,train
39869,train
39870,train
39871,validation
39872,train
39873,train
39874,validation
39875,train
39876,validation
39877,train
39878,train
39879,train
39880,validation
39881,train
39882,train
39883,validation
39884,train
39885,train
39886,train
39887,train
39888,validation
39889,train
39890,train
39891,train
39892,train
39893,train
39894,train
39895,train
39896,train
39897,train
39898,validation
39899,validation
39900,train
39901,train
39902,train
39903,train
39904,train
39905,validation
39906,train
39907,validation
39908,train
39909,train
39910,train
39911,train
39912,validation
39913,train
39914,train
39915,validation
39916,train
39917,validation
39918,train
39919,validation
39920,train
39921,validation
39922,train
39923,train
39924,train
39925,train
39926,train
39927,train
39928,validation
39929,train
39930,train
39931,validation
39932,train
39933,train
39934,validation
39935,train
39936,train
39937,train
39938,train
39939,train
39940,train
39941,train
39942,validation
39943,validation
39944,train
39945,train
39946,validation
39947,validation
39948,train
39949,train
39950,train
39951,train
39952,train
39953,train
39954,train
39955,train
39956,train
39957,train
39958,validation
39959,train
39960,train
39961,train
39962,train
39963,train
39964,train
39965,validation
39966,train
39967,train
39968,train
39969,train
39970,train
39971,train
39972,train
39973,train
39974,train
39975,train
39976,validation
39977,train
39978,train
39979,validation
39980,train
39981,train
39982,train
39983,train
39984,train
39985,train
39986,train
39987,train
39988,train
39989,train
39990,validation
39991,train
39992,train
39993,validation
39994,train
39995,train
39996,train
39997,train
39998,train
39999,train
40000,train
40001,train
40002,train
40003,train
40004,validation
40005,train
40006,train
40007,train
40008,train
40009,validation
40010,train
40011,train
40012,train
40013,train
40014,validation
40015,train
40016,train
40017,train
40018,train
40019,train
40020,train
40021,train
40022,train
40023,train
40024,train
40025,validation
40026,train
40027,validation
40028,train
40029,train
40030,train
40031,train
40032,train
40033,train
40034,train
40035,train
40036,validation
40037,validation
40038,train
40039,train
40040,train
40041,validation
40042,train
40043,validation
40044,train
40045,validation
40046,train
40047,train
40048,train
40049,train
40050,train
40051,train
40052,train
40053,train
40054,train
40055,validation
40056,train
40057,train
40058,validation
40059,train
40060,train
40061,validation
40062,train
40063,train
40064,train
40065,train
40066,train
40067,train
40068,train
40069,train
40070,train
40071,train
40072,train
40073,validation
40074,train
40075,train
40076,train
40077,train
40078,validation
40079,train
40080,train
40081,train
40082,validation
40083,train
40084,train
40085,train
40086,train
40087,train
40088,train
40089,validation
40090,train
40091,train
40092,train
40093,train
40094,train
40095,validation
40096,train
40097,validation
40098,train
40099,validation
40100,train
40101,train
40102,train
40103,train
40104,train
40105,train
40106,train
40107,train
40108,train
40109,train
40110,validation
40111,validation
40112,train
40113,train
40114,train
40115,train
40116,train
40117,train
40118,train
40119,train
40120,validation
40121,train
40122,train
40123,train
40124,train
40125,train
40126,train
40127,train
40128,train
40129,train
40130,train
40131,train
40132,train
40133,validation
40134,train
40135,train
40136,train
40137,train
40138,train
40139,train
40140,train
40141,train
40142,train
40143,train
40144,train
40145,train
40146,train
40147,train
40148,validation
40149,train
40150,train
40151,train
40152,train
40153,train
40154,validation
40155,validation
40156,validation
40157,train
40158,train
40159,train
40160,train
40161,train
40162,train
40163,validation
40164,train
40165,validation
40166,train
40167,validation
40168,train
40169,train
40170,train
40171,train
40172,train
40173,train
40174,validation
40175,train
40176,validation
40177,train
40178,train
40179,validation
40180,train
40181,validation
40182,train
40183,train
40184,train
40185,train
40186,train
40187,train
40188,train
40189,validation
40190,train
40191,train
40192,validation
40193,train
40194,train
40195,train
40196,validation
40197,validation
40198,train
40199,train
40200,train
40201,validation
40202,train
40203,train
40204,validation
40205,validation
40206,validation
40207,train
40208,validation
40209,train
40210,validation
40211,train
40212,train
40213,train
40214,train
40215,train
40216,validation
40217,train
40218,validation
40219,train
40220,train
40221,validation
40222,validation
40223,train
40224,train
40225,train
40226,train
40227,validation
40228,train
40229,train
40230,train
40231,train
40232,train
40233,train
40234,train
40235,validation
40236,train
40237,train
40238,train
40239,train
40240,train
40241,train
40242,train
40243,validation
40244,train
40245,train
40246,train
40247,train
40248,train
40249,validation
40250,train
40251,train
40252,validation
40253,train
40254,train
40255,train
40256,train
40257,train
40258,train
40259,train
40260,train
40261,train
40262,train
40263,train
40264,validation
40265,validation
40266,validation
40267,train
40268,train
40269,train
40270,train
40271,train
40272,validation
40273,train
40274,train
40275,validation
40276,train
40277,train
40278,train
40279,validation
40280,train
40281,train
40282,validation
40283,train
40284,train
40285,train
40286,validation
40287,train
40288,train
40289,validation
40290,train
40291,train
40292,validation
40293,train
40294,validation
40295,train
40296,train
40297,validation
40298,validation
40299,train
40300,validation
40301,train
40302,train
40303,validation
40304,train
40305,train
40306,validation
40307,train
40308,train
40309,train
40310,train
40311,train
40312,validation
40313,train
40314,train
40315,train
40316,train
40317,train
40318,train
40319,train
40320,train
40321,validation
40322,train
40323,train
40324,train
40325,train
40326,train
40327,validation
40328,train
40329,train
40330,train
40331,train
40332,train
40333,train
40334,train
40335,validation
40336,validation
40337,train
40338,train
40339,train
40340,validation
40341,validation
40342,train
40343,train
40344,train
40345,train
40346,validation
40347,train
40348,train
40349,train
40350,train
40351,train
40352,train
40353,validation
40354,train
40355,validation
40356,validation
40357,train
40358,train
40359,train
40360,validation
40361,train
40362,train
40363,train
40364,train
40365,train
40366,train
40367,train
40368,train
40369,train
40370,train
40371,train
40372,train
40373,validation
40374,train
40375,train
40376,train
40377,train
40378,train
40379,train
40380,train
40381,train
40382,train
40383,train
40384,validation
40385,validation
40386,train
40387,train
40388,validation
40389,validation
40390,train
40391,train
40392,train
40393,train
40394,train
40395,validation
40396,train
40397,train
40398,train
40399,train
40400,train
40401,train
40402,train
40403,train
40404,train
40405,validation
40406,train
40407,train
40408,validation
40409,validation
40410,train
40411,validation
40412,train
40413,validation
40414,train
40415,train
40416,train
40417,train
40418,validation
40419,validation
40420,train
40421,train
40422,validation
40423,train
40424,train
40425,train
40426,train
40427,train
40428,train
40429,train
40430,validation
40431,train
40432,train
40433,train
40434,validation
40435,validation
40436,train
40437,validation
40438,train
40439,train
40440,validation
40441,train
40442,train
40443,validation
40444,validation
40445,validation
40446,train
40447,train
40448,train
40449,train
40450,train
40451,train
40452,train
40453,train
40454,validation
40455,validation
40456,train
40457,train
40458,train
40459,train
40460,validation
40461,train
40462,train
40463,train
40464,validation
40465,train
40466,train
40467,train
40468,train
40469,train
40470,train
40471,train
40472,validation
40473,train
40474,train
40475,train
40476,train
40477,validation
40478,train
40479,train
40480,train
40481,train
40482,train
40483,train
40484,validation
40485,train
40486,train
40487,train
40488,validation
40489,train
40490,train
40491,train
40492,train
40493,train
40494,train
40495,train
40496,train
40497,validation
40498,train
40499,train
40500,train
40501,train
40502,train
40503,train
40504,train
40505,train
40506,train
40507,train
40508,train
40509,train
40510,train
40511,validation
40512,train
40513,train
40514,train
40515,train
40516,train
40517,validation
40518,train
40519,train
40520,train
40521,train
40522,validation
40523,train
40524,validation
40525,validation
40526,train
40527,train
40528,train
40529,train
40530,validation
40531,train
40532,train
40533,train
40534,train
40535,train
40536,train
40537,train
40538,train
40539,train
40540,validation
40541,train
40542,train
40543,train
40544,train
40545,train
40546,train
40547,validation
40548,train
40549,train
40550,train
40551,train
40552,validation
40553,validation
40554,validation
40555,train
40556,train
40557,train
40558,validation
40559,train
40560,train
40561,train
40562,train
40563,train
40564,train
40565,train
40566,train
40567,validation
40568,train
40569,train
40570,train
40571,train
40572,validation
40573,train
40574,train
40575,train
40576,train
40577,train
40578,train
40579,train
40580,train
40581,train
40582,train
40583,train
40584,train
40585,validation
40586,train
40587,validation
40588,train
40589,train
40590,train
40591,train
40592,train
40593,train
40594,train
40595,train
40596,train
40597,train
40598,train
40599,validation
40600,train
40601,train
40602,validation
40603,train
40604,train
40605,train
40606,train
40607,train
40608,train
40609,train
40610,train
40611,train
40612,validation
40613,train
40614,train
40615,train
40616,train
40617,train
40618,validation
40619,train
40620,train
40621,train
40622,validation
40623,train
40624,train
40625,train
40626,train
40627,train
40628,train
40629,train
40630,train
40631,train
40632,train
40633,train
40634,validation
40635,train
40636,train
40637,validation
40638,train
40639,train
40640,train
40641,train
40642,train
40643,train
40644,train
40645,train
40646,train
40647,train
40648,train
40649,train
40650,train
40651,train
40652,validation
40653,validation
40654,validation
40655,validation
40656,train
40657,train
40658,validation
40659,train
40660,train
40661,train
40662,train
40663,train
40664,train
40665,validation
40666,train
40667,train
40668,train
40669,validation
40670,validation
40671,train
40672,train
40673,train
40674,train
40675,train
40676,validation
40677,train
40678,train
40679,train
40680,train
40681,train
40682,train
40683,train
40684,train
40685,train
40686,train
40687,train
40688,train
40689,train
40690,train
40691,train
40692,train
40693,train
40694,train
40695,train
40696,train
40697,validation
40698,validation
40699,train
40700,train
40701,validation
40702,train
40703,train
40704,train
40705,train
40706,train
40707,train
40708,train
40709,train
40710,train
40711,train
40712,train
40713,train
40714,train
40715,train
40716,validation
40717,validation
40718,train
40719,train
40720,train
40721,train
40722,train
40723,train
40724,train
40725,train
40726,train
40727,train
40728,validation
40729,train
40730,validation
40731,train
40732,validation
40733,train
40734,train
40735,validation
40736,train
40737,train
40738,train
40739,train
40740,train
40741,train
40742,train
40743,validation
40744,train
40745,train
40746,train
40747,train
40748,validation
40749,train
40750,train
40751,validation
40752,validation
40753,train
40754,validation
40755,validation
40756,validation
40757,validation
40758,validation
40759,train
40760,train
40761,train
40762,train
40763,train
40764,train
40765,validation
40766,train
40767,train
40768,train
40769,validation
40770,train
40771,train
40772,train
40773,validation
40774,train
40775,train
40776,train
40777,train
40778,train
40779,validation
40780,train
40781,train
40782,train
40783,train
40784,validation
40785,train
40786,validation
40787,train
40788,train
40789,train
40790,train
40791,train
40792,train
40793,train
40794,train
40795,train
40796,train
40797,train
40798,train
40799,train
40800,validation
40801,train
40802,train
40803,train
40804,train
40805,train
40806,train
40807,train
40808,train
40809,train
40810,validation
40811,validation
40812,train
40813,validation
40814,train
40815,train
40816,train
40817,train
40818,train
40819,train
40820,train
40821,train
40822,train
40823,train
40824,train
40825,train
40826,train
40827,validation
40828,train
40829,train
40830,train
40831,train
40832,train
40833,train
40834,train
40835,train
40836,train
40837,validation
40838,train
40839,validation
40840,train
40841,train
40842,train
40843,train
40844,train
40845,train
40846,train
40847,validation
40848,train
40849,train
40850,train
40851,train
40852,validation
40853,train
40854,train
40855,train
40856,validation
40857,train
40858,train
40859,validation
40860,train
40861,train
40862,train
40863,train
40864,train
40865,train
40866,train
40867,validation
40868,train
40869,train
40870,train
40871,train
40872,train
40873,train
40874,train
40875,train
40876,train
40877,train
40878,train
40879,validation
40880,train
40881,train
40882,validation
40883,train
40884,train
40885,validation
40886,train
40887,validation
40888,train
40889,train
40890,train
40891,validation
40892,train
40893,validation
40894,train
40895,train
40896,train
40897,train
40898,train
40899,validation
40900,train
40901,train
40902,train
40903,validation
40904,train
40905,train
40906,train
40907,validation
40908,train
40909,train
40910,train
40911,train
40912,train
40913,train
40914,train
40915,validation
40916,validation
40917,train
40918,train
40919,train
40920,validation
40921,train
40922,train
40923,train
40924,validation
40925,train
40926,train
40927,train
40928,validation
40929,train
40930,train
40931,train
40932,train
40933,validation
40934,train
40935,train
40936,train
40937,train
40938,train
40939,train
40940,train
40941,train
40942,train
40943,train
40944,train
40945,train
40946,train
40947,train
40948,train
40949,validation
40950,train
40951,train
40952,train
40953,train
40954,train
40955,validation
40956,train
40957,train
40958,validation
40959,train
40960,train
40961,train
40962,train
40963,train
40964,train
40965,validation
40966,validation
40967,train
40968,validation
40969,validation
40970,train
40971,train
40972,train
40973,train
40974,train
40975,train
40976,train
40977,train
40978,train
40979,train
40980,train
40981,train
40982,train
40983,train
40984,validation
40985,train
40986,train
40987,validation
40988,train
40989,train
40990,train
40991,validation
40992,train
40993,validation
40994,train
40995,train
40996,train
40997,train
40998,train
40999,validation
41000,validation
41001,train
41002,train
41003,train
41004,train
41005,validation
41006,train
41007,train
41008,train
41009,train
41010,train
41011,validation
41012,train
41013,train
41014,train
41015,train
41016,train
41017,validation
41018,validation
41019,train
41020,train
41021,train
41022,train
41023,train
41024,train
41025,train
41026,train
41027,train
41028,train
41029,train
41030,train
41031,train
41032,validation
41033,validation
41034,train
41035,validation
41036,train
41037,validation
41038,train
41039,validation
41040,train
41041,train
41042,train
41043,validation
41044,validation
41045,train
41046,train
41047,train
41048,train
41049,train
41050,train
41051,train
41052,validation
41053,train
41054,validation
41055,train
41056,train
41057,train
41058,train
41059,validation
41060,train
41061,train
41062,train
41063,validation
41064,train
41065,train
41066,train
41067,train
41068,train
41069,train
41070,train
41071,train
41072,train
41073,train
41074,train
41075,train
41076,train
41077,train
41078,train
41079,validation
41080,train
41081,train
41082,train
41083,train
41084,train
41085,train
41086,train
41087,train
41088,validation
41089,train
41090,train
41091,train
41092,train
41093,validation
41094,train
41095,validation
41096,train
41097,train
41098,train
41099,train
41100,train
41101,train
41102,train
41103,validation
41104,validation
41105,train
41106,train
41107,validation
41108,train
41109,train
41110,train
41111,train
41112,train
41113,train
41114,validation
41115,train
41116,train
41117,train
41118,train
41119,train
41120,train
41121,validation
41122,validation
41123,train
41124,validation
41125,train
41126,train
41127,train
41128,train
41129,validation
41130,validation
41131,train
41132,train
41133,train
41134,train
41135,validation
41136,train
41137,train
41138,train
41139,train
41140,train
41141,train
41142,train
41143,train
41144,train
41145,train
41146,train
41147,train
41148,train
41149,validation
41150,train
41151,train
41152,train
41153,train
41154,train
41155,validation
41156,validation
41157,train
41158,train
41159,train
41160,train
41161,train
41162,train
41163,validation
41164,train
41165,validation
41166,train
41167,validation
41168,train
41169,validation
41170,train
41171,train
41172,train
41173,train
41174,train
41175,train
41176,train
41177,train
41178,train
41179,validation
41180,train
41181,train
41182,train
41183,train
41184,train
41185,train
41186,validation
41187,train
41188,train
41189,train
41190,train
41191,train
41192,train
41193,train
41194,train
41195,train
41196,train
41197,train
41198,train
41199,train
41200,train
41201,train
41202,validation
41203,validation
41204,validation
41205,train
41206,train
41207,train
41208,train
41209,train
41210,train
41211,train
41212,train
41213,validation
41214,train
41215,validation
41216,validation
41217,train
41218,train
41219,train
41220,validation
41221,train
41222,train
41223,train
41224,validation
41225,train
41226,train
41227,validation
41228,train
41229,train
41230,validation
41231,train
41232,validation
41233,train
41234,train
41235,validation
41236,train
41237,train
41238,train
41239,train
41240,train
41241,train
41242,train
41243,train
41244,train
41245,train
41246,validation
41247,train
41248,validation
41249,validation
41250,train
41251,train
41252,train
41253,train
41254,train
41255,train
41256,train
41257,train
41258,train
41259,train
41260,train
41261,train
41262,train
41263,train
41264,validation
41265,train
41266,train
41267,train
41268,train
41269,train
41270,train
41271,validation
41272,train
41273,train
41274,validation
41275,validation
41276,validation
41277,train
41278,validation
41279,train
41280,train
41281,validation
41282,train
41283,train
41284,train
41285,train
41286,train
41287,validation
41288,train
41289,train
41290,train
41291,train
41292,train
41293,train
41294,train
41295,train
41296,train
41297,validation
41298,train
41299,train
41300,train
41301,train
41302,train
41303,train
41304,validation
41305,train
41306,validation
41307,train
41308,train
41309,train
41310,train
41311,validation
41312,train
41313,train
41314,train
41315,validation
41316,train
41317,train
41318,train
41319,train
41320,train
41321,train
41322,train
41323,validation
41324,train
41325,train
41326,train
41327,train
41328,validation
41329,train
41330,train
41331,train
41332,train
41333,train
41334,train
41335,validation
41336,train
41337,train
41338,train
41339,validation
41340,train
41341,train
41342,train
41343,validation
41344,train
41345,train
41346,train
41347,validation
41348,train
41349,train
41350,train
41351,validation
41352,train
41353,train
41354,train
41355,train
41356,train
41357,train
41358,train
41359,train
41360,validation
41361,train
41362,train
41363,validation
41364,train
41365,train
41366,train
41367,train
41368,train
41369,train
41370,validation
41371,validation
41372,train
41373,train
41374,train
41375,train
41376,train
41377,train
41378,train
41379,train
41380,train
41381,validation
41382,train
41383,train
41384,train
41385,train
41386,train
41387,validation
41388,validation
41389,train
41390,train
41391,train
41392,train
41393,train
41394,train
41395,validation
41396,train
41397,train
41398,train
41399,train
41400,train
41401,train
41402,validation
41403,validation
41404,train
41405,train
41406,validation
41407,train
41408,validation
41409,validation
41410,train
41411,train
41412,train
41413,train
41414,train
41415,train
41416,train
41417,train
41418,train
41419,validation
41420,train
41421,train
41422,train
41423,validation
41424,train
41425,train
41426,train
41427,train
41428,train
41429,train
41430,train
41431,train
41432,train
41433,train
41434,validation
41435,train
41436,train
41437,train
41438,train
41439,train
41440,train
41441,train
41442,train
41443,validation
41444,train
41445,train
41446,validation
41447,train
41448,train
41449,validation
41450,validation
41451,train
41452,train
41453,train
41454,train
41455,validation
41456,train
41457,train
41458,train
41459,train
41460,train
41461,validation
41462,train
41463,validation
41464,train
41465,train
41466,train
41467,train
41468,train
41469,train
41470,train
41471,validation
41472,train
41473,train
41474,train
41475,train
41476,train
41477,train
41478,train
41479,train
41480,train
41481,validation
41482,validation
41483,train
41484,train
41485,train
41486,train
41487,validation
41488,train
41489,train
41490,train
41491,train
41492,train
41493,train
41494,train
41495,train
41496,validation
41497,train
41498,train
41499,validation
41500,train
41501,train
41502,train
41503,train
41504,train
41505,train
41506,validation
41507,validation
41508,validation
41509,train
41510,train
41511,train
41512,train
41513,train
41514,train
41515,train
41516,validation
41517,train
41518,train
41519,train
41520,train
41521,train
41522,train
41523,train
41524,train
41525,validation
41526,train
41527,train
41528,train
41529,train
41530,train
41531,train
41532,train
41533,validation
41534,train
41535,train
41536,train
41537,train
41538,train
41539,validation
41540,train
41541,train
41542,train
41543,train
41544,train
41545,train
41546,train
41547,validation
41548,validation
41549,train
41550,train
41551,train
41552,validation
41553,train
41554,train
41555,train
41556,train
41557,train
41558,train
41559,train
41560,train
41561,train
41562,train
41563,train
41564,validation
41565,train
41566,train
41567,validation
41568,validation
41569,train
41570,train
41571,validation
41572,train
41573,train
41574,train
41575,train
41576,validation
41577,validation
41578,train
41579,train
41580,train
41581,train
41582,train
41583,train
41584,train
41585,train
41586,train
41587,train
41588,train
41589,validation
41590,train
41591,train
41592,train
41593,train
41594,train
41595,train
41596,train
41597,train
41598,train
41599,train
41600,train
41601,validation
41602,validation
41603,train
41604,train
41605,train
41606,train
41607,validation
41608,train
41609,train
41610,train
41611,train
41612,train
41613,train
41614,train
41615,validation
41616,train
41617,train
41618,train
41619,train
41620,train
41621,train
41622,train
41623,train
41624,train
41625,train
41626,train
41627,train
41628,train
41629,validation
41630,validation
41631,train
41632,train
41633,train
41634,validation
41635,train
41636,train
41637,train
41638,train
41639,train
41640,train
41641,train
41642,train
41643,train
41644,train
41645,train
41646,train
41647,train
41648,train
41649,validation
41650,train
41651,validation
41652,train
41653,train
41654,train
41655,train
41656,train
41657,train
41658,train
41659,train
41660,train
41661,validation
41662,train
41663,train
41664,train
41665,train
41666,train
41667,train
41668,train
41669,validation
41670,train
41671,train
41672,validation
41673,train
41674,train
41675,validation
41676,train
41677,train
41678,train
41679,validation
41680,train
41681,train
41682,validation
41683,train
41684,validation
41685,train
41686,train
41687,train
41688,train
41689,train
41690,validation
41691,train
41692,train
41693,validation
41694,train
41695,validation
41696,validation
41697,train
41698,validation
41699,train
41700,train
41701,train
41702,train
41703,train
41704,train
41705,train
41706,train
41707,train
41708,train
41709,train
41710,train
41711,train
41712,train
41713,validation
41714,validation
41715,train
41716,train
41717,train
41718,train
41719,train
41720,train
41721,validation
41722,train
41723,train
41724,validation
41725,train
41726,train
41727,validation
41728,validation
41729,train
41730,train
41731,train
41732,train
41733,train
41734,train
41735,train
41736,validation
41737,train
41738,validation
41739,validation
41740,train
41741,train
41742,train
41743,train
41744,train
41745,validation
41746,train
41747,train
41748,train
41749,train
41750,train
41751,validation
41752,train
41753,train
41754,train
41755,train
41756,train
41757,train
41758,validation
41759,train
41760,train
41761,train
41762,train
41763,train
41764,train
41765,train
41766,train
41767,train
41768,validation
41769,validation
41770,validation
41771,train
41772,train
41773,validation
41774,train
41775,train
41776,train
41777,train
41778,train
41779,train
41780,validation
41781,train
41782,train
41783,train
41784,train
41785,train
41786,train
41787,train
41788,validation
41789,validation
41790,train
41791,validation
41792,train
41793,train
41794,validation
41795,train
41796,train
41797,train
41798,train
41799,train
41800,train
41801,train
41802,train
41803,train
41804,train
41805,train
41806,train
41807,validation
41808,train
41809,validation
41810,validation
41811,train
41812,train
41813,train
41814,train
41815,validation
41816,train
41817,train
41818,train
41819,train
41820,train
41821,train
41822,train
41823,validation
41824,train
41825,train
41826,train
41827,train
41828,train
41829,train
41830,validation
41831,train
41832,validation
41833,train
41834,train
41835,train
41836,train
41837,train
41838,train
41839,train
41840,train
41841,train
41842,train
41843,validation
41844,train
41845,train
41846,train
41847,train
41848,validation
41849,train
41850,train
41851,validation
41852,train
41853,validation
41854,train
41855,train
41856,train
41857,train
41858,train
41859,train
41860,train
41861,train
41862,train
41863,train
41864,train
41865,train
41866,validation
41867,train
41868,train
41869,validation
41870,train
41871,train
41872,train
41873,train
41874,train
41875,train
41876,validation
41877,train
41878,validation
41879,train
41880,train
41881,validation
41882,train
41883,validation
41884,train
41885,train
41886,train
41887,train
41888,train
41889,validation
41890,train
41891,train
41892,train
41893,train
41894,validation
41895,train
41896,train
41897,validation
41898,train
41899,train
41900,train
41901,validation
41902,validation
41903,train
41904,train
41905,train
41906,train
41907,train
41908,train
41909,validation
41910,train
41911,train
41912,train
41913,train
41914,train
41915,train
41916,train
41917,train
41918,train
41919,train
41920,validation
41921,train
41922,train
41923,train
41924,train
41925,train
41926,train
41927,train
41928,train
41929,train
41930,validation
41931,validation
41932,train
41933,train
41934,train
41935,train
41936,train
41937,train
41938,train
41939,train
41940,train
41941,train
41942,train
41943,train
41944,train
41945,train
41946,train
41947,validation
41948,validation
41949,train
41950,train
41951,train
41952,train
41953,validation
41954,train
41955,validation
41956,train
41957,validation
41958,train
41959,train
41960,train
41961,train
41962,train
41963,validation
41964,train
41965,train
41966,train
41967,train
41968,train
41969,train
41970,train
41971,validation
41972,train
41973,train
41974,train
41975,validation
41976,train
41977,validation
41978,train
41979,validation
41980,train
41981,train
41982,train
41983,train
41984,train
41985,train
41986,train
41987,validation
41988,validation
41989,train
41990,train
41991,train
41992,train
41993,train
41994,train
41995,train
41996,train
41997,train
41998,validation
41999,validation
42000,train
42001,train
42002,validation
42003,train
42004,validation
42005,train
42006,train
42007,train
42008,train
42009,validation
42010,train
42011,train
42012,validation
42013,train
42014,train
42015,train
42016,train
42017,validation
42018,train
42019,train
42020,train
42021,train
42022,train
42023,validation
42024,train
42025,train
42026,validation
42027,train
42028,validation
42029,train
42030,validation
42031,train
42032,train
42033,train
42034,train
42035,train
42036,train
42037,train
42038,train
42039,train
42040,train
42041,train
42042,train
42043,train
42044,train
42045,validation
42046,train
42047,train
42048,train
42049,train
42050,validation
42051,validation
42052,train
42053,train
42054,validation
42055,train
42056,validation
42057,validation
42058,train
42059,train
42060,train
42061,validation
42062,validation
42063,train
42064,train
42065,train
42066,train
42067,validation
42068,validation
42069,train
42070,train
42071,train
42072,train
42073,validation
42074,train
42075,train
42076,train
42077,validation
42078,train
42079,train
42080,train
42081,train
42082,train
42083,train
42084,train
42085,train
42086,train
42087,train
42088,train
42089,train
42090,train
42091,train
42092,train
42093,train
42094,train
42095,train
42096,train
42097,train
42098,train
42099,validation
42100,train
42101,validation
42102,train
42103,train
42104,validation
42105,train
42106,train
42107,train
42108,train
42109,train
42110,train
42111,train
42112,train
42113,validation
42114,train
42115,train
42116,train
42117,train
42118,train
42119,train
42120,train
42121,train
42122,train
42123,train
42124,validation
42125,train
42126,train
42127,train
42128,train
42129,train
42130,train
42131,train
42132,validation
42133,validation
42134,train
42135,train
42136,train
42137,validation
42138,train
42139,train
42140,validation
42141,train
42142,train
42143,train
42144,validation
42145,validation
42146,train
42147,train
42148,train
42149,validation
42150,train
42151,train
42152,train
42153,validation
42154,train
42155,train
42156,train
42157,train
42158,validation
42159,train
42160,train
42161,train
42162,train
42163,train
42164,train
42165,train
42166,train
42167,train
42168,validation
42169,train
42170,validation
42171,train
42172,train
42173,validation
42174,train
42175,train
42176,train
42177,validation
42178,validation
42179,train
42180,validation
42181,validation
42182,train
42183,train
42184,validation
42185,train
42186,train
42187,train
42188,validation
42189,train
42190,train
42191,train
42192,validation
42193,validation
42194,train
42195,train
42196,train
42197,validation
42198,train
42199,train
42200,train
42201,validation
42202,train
42203,validation
42204,train
42205,validation
42206,train
42207,train
42208,train
42209,train
42210,train
42211,train
42212,validation
42213,validation
42214,train
42215,validation
42216,validation
42217,validation
42218,train
42219,validation
42220,train
42221,train
42222,train
42223,train
42224,validation
42225,train
42226,train
42227,validation
42228,train
42229,validation
42230,train
42231,train
42232,train
42233,train
42234,train
42235,validation
42236,validation
42237,train
42238,train
42239,train
42240,train
42241,train
42242,validation
42243,train
42244,train
42245,train
42246,train
42247,validation
42248,train
42249,train
42250,train
42251,train
42252,train
42253,train
42254,train
42255,train
42256,train
42257,train
42258,train
42259,train
42260,train
42261,train
42262,train
42263,train
42264,validation
42265,validation
42266,train
42267,validation
42268,validation
42269,train
42270,train
42271,train
42272,train
42273,train
42274,train
42275,train
42276,train
42277,train
42278,validation
42279,train
42280,train
42281,train
42282,train
42283,train
42284,validation
42285,validation
42286,validation
42287,train
42288,train
42289,train
42290,validation
42291,train
42292,validation
42293,train
42294,validation
42295,validation
42296,train
42297,train
42298,train
42299,validation
42300,validation
42301,train
42302,train
42303,validation
42304,train
42305,train
42306,train
42307,train
42308,train
42309,train
42310,train
42311,train
42312,train
42313,train
42314,train
42315,train
42316,train
42317,train
42318,train
42319,train
42320,train
42321,train
42322,validation
42323,train
42324,train
42325,train
42326,train
42327,validation
42328,train
42329,train
42330,validation
42331,train
42332,train
42333,validation
42334,train
42335,validation
42336,train
42337,train
42338,train
42339,train
42340,train
42341,train
42342,train
42343,train
42344,train
42345,train
42346,train
42347,train
42348,train
42349,train
42350,validation
42351,train
42352,train
42353,train
42354,train
42355,train
42356,train
42357,train
42358,train
42359,train
42360,train
42361,train
42362,train
42363,train
42364,train
42365,validation
42366,train
42367,train
42368,validation
42369,train
42370,validation
42371,train
42372,train
42373,validation
42374,train
42375,train
42376,train
42377,train
42378,train
42379,train
42380,train
42381,train
42382,train
42383,train
42384,train
42385,train
42386,train
42387,train
42388,train
42389,train
42390,train
42391,train
42392,train
42393,validation
42394,validation
42395,train
42396,train
42397,train
42398,validation
42399,train
42400,train
42401,validation
42402,train
42403,train
42404,validation
42405,validation
42406,train
42407,validation
42408,train
42409,train
42410,train
42411,train
42412,train
42413,train
42414,train
42415,validation
42416,train
42417,train
42418,validation
42419,train
42420,train
42421,validation
42422,train
42423,train
42424,train
42425,train
42426,train
42427,train
42428,train
42429,validation
42430,train
42431,train
42432,validation
42433,train
42434,train
42435,train
42436,validation
42437,train
42438,validation
42439,train
42440,train
42441,train
42442,train
42443,validation
42444,train
42445,train
42446,train
42447,validation
42448,train
42449,train
42450,train
42451,train
42452,train
42453,train
42454,train
42455,train
42456,train
42457,train
42458,train
42459,train
42460,train
42461,train
42462,train
42463,train
42464,train
42465,train
42466,train
42467,train
42468,train
42469,validation
42470,train
42471,train
42472,train
42473,train
42474,train
42475,train
42476,train
42477,train
42478,train
42479,train
42480,train
42481,train
42482,train
42483,train
42484,train
42485,train
42486,train
42487,train
42488,train
42489,train
42490,train
42491,train
42492,train
42493,train
42494,validation
42495,train
42496,train
42497,validation
42498,validation
42499,train
42500,train
42501,train
42502,train
42503,train
42504,train
42505,train
42506,train
42507,train
42508,train
42509,validation
42510,train
42511,train
42512,train
42513,train
42514,train
42515,train
42516,train
42517,train
42518,train
42519,train
42520,train
42521,train
42522,train
42523,train
42524,train
42525,validation
42526,train
42527,train
42528,train
42529,validation
42530,train
42531,train
42532,train
42533,train
42534,train
42535,train
42536,train
42537,train
42538,validation
42539,train
42540,validation
42541,train
42542,train
42543,train
42544,train
42545,validation
42546,train
42547,train
42548,validation
42549,train
42550,train
42551,train
42552,train
42553,validation
42554,train
42555,train
42556,train
42557,train
42558,train
42559,train
42560,train
42561,train
42562,train
42563,train
42564,train
42565,validation
42566,validation
42567,train
42568,train
42569,train
42570,train
42571,validation
42572,validation
42573,train
42574,train
42575,train
42576,train
42577,validation
42578,train
42579,train
42580,validation
42581,train
42582,train
42583,train
42584,train
42585,train
42586,train
42587,train
42588,train
42589,train
42590,validation
42591,train
42592,validation
42593,train
42594,train
42595,train
42596,train
42597,validation
42598,train
42599,train
42600,train
42601,train
42602,train
42603,train
42604,train
42605,validation
42606,validation
42607,train
42608,train
42609,train
42610,train
42611,train
42612,train
42613,train
42614,train
42615,train
42616,validation
42617,train
42618,train
42619,train
42620,train
42621,validation
42622,train
42623,train
42624,train
42625,train
42626,train
42627,train
42628,validation
42629,train
42630,validation
42631,train
42632,train
42633,validation
42634,train
42635,train
42636,train
42637,train
42638,train
42639,train
42640,train
42641,train
42642,train
42643,train
42644,validation
42645,train
42646,train
42647,train
42648,validation
42649,train
42650,validation
42651,train
42652,train
42653,train
42654,train
42655,train
42656,train
42657,train
42658,train
42659,train
42660,train
42661,train
42662,train
42663,validation
42664,train
42665,train
42666,train
42667,train
42668,train
42669,train
42670,validation
42671,train
42672,train
42673,train
42674,train
42675,train
42676,train
42677,validation
42678,train
42679,train
42680,train
42681,train
42682,train
42683,train
42684,train
42685,validation
42686,validation
42687,validation
42688,train
42689,train
42690,train
42691,train
42692,train
42693,train
42694,train
42695,train
42696,train
42697,train
42698,train
42699,validation
42700,train
42701,train
42702,train
42703,validation
42704,train
42705,train
42706,train
42707,train
42708,train
42709,train
42710,train
42711,train
42712,train
42713,train
42714,train
42715,train
42716,train
42717,train
42718,train
42719,train
42720,validation
42721,train
42722,validation
42723,train
42724,train
42725,train
42726,train
42727,train
42728,train
42729,train
42730,train
42731,validation
42732,validation
42733,train
42734,train
42735,train
42736,train
42737,train
42738,train
42739,train
42740,validation
42741,train
42742,train
42743,train
42744,train
42745,train
42746,validation
42747,train
42748,train
42749,train
42750,train
42751,validation
42752,train
42753,validation
42754,train
42755,validation
42756,train
42757,train
42758,train
42759,train
42760,train
42761,train
42762,validation
42763,train
42764,validation
42765,train
42766,train
42767,validation
42768,train
42769,train
42770,train
42771,train
42772,train
42773,train
42774,train
42775,validation
42776,train
42777,validation
42778,train
42779,train
42780,validation
42781,train
42782,train
42783,train
42784,validation
42785,train
42786,train
42787,train
42788,train
42789,validation
42790,train
42791,train
42792,train
42793,train
42794,validation
42795,train
42796,train
42797,validation
42798,train
42799,train
42800,train
42801,validation
42802,train
42803,train
42804,train
42805,train
42806,validation
42807,train
42808,train
42809,train
42810,train
42811,train
42812,validation
42813,train
42814,validation
42815,train
42816,train
42817,train
42818,train
42819,train
42820,train
42821,train
42822,train
42823,validation
42824,train
42825,train
42826,train
42827,validation
42828,train
42829,train
42830,train
42831,train
42832,train
42833,train
42834,train
42835,validation
42836,validation
42837,train
42838,train
42839,train
42840,train
42841,train
42842,train
42843,train
42844,train
42845,validation
42846,train
42847,train
42848,train
42849,train
42850,validation
42851,train
42852,validation
42853,train
42854,train
42855,validation
42856,train
42857,validation
42858,validation
42859,train
42860,train
42861,train
42862,validation
42863,train
42864,train
42865,train
42866,train
42867,validation
42868,train
42869,train
42870,train
42871,train
42872,train
42873,train
42874,validation
42875,train
42876,train
42877,train
42878,train
42879,train
42880,train
42881,train
42882,train
42883,train
42884,train
42885,train
42886,train
42887,train
42888,train
42889,validation
42890,train
42891,train
42892,train
42893,train
42894,validation
42895,train
42896,train
42897,validation
42898,train
42899,train
42900,train
42901,train
42902,train
42903,train
42904,train
42905,train
42906,train
42907,validation
42908,train
42909,train
42910,train
42911,train
42912,validation
42913,validation
42914,train
42915,train
42916,train
42917,train
42918,train
42919,train
42920,validation
42921,train
42922,train
42923,train
42924,validation
42925,validation
42926,validation
42927,train
42928,train
42929,train
42930,train
42931,train
42932,train
42933,train
42934,train
42935,train
42936,train
42937,train
42938,train
42939,train
42940,train
42941,train
42942,train
42943,train
42944,train
42945,train
42946,train
42947,train
42948,train
42949,train
42950,train
42951,train
42952,train
42953,validation
42954,train
42955,train
42956,train
42957,train
42958,train
42959,train
42960,train
42961,validation
42962,train
42963,validation
42964,train
42965,train
42966,train
42967,train
42968,train
42969,validation
42970,validation
42971,train
42972,train
42973,validation
42974,train
42975,train
42976,train
42977,train
42978,train
42979,train
42980,train
42981,train
42982,train
42983,train
42984,validation
42985,train
42986,train
42987,validation
42988,train
42989,validation
42990,train
42991,validation
42992,validation
42993,train
42994,train
42995,train
42996,train
42997,train
42998,train
42999,train
43000,train
43001,train
43002,train
43003,train
43004,train
43005,train
43006,train
43007,train
43008,train
43009,train
43010,train
43011,train
43012,train
43013,validation
43014,train
43015,train
43016,train
43017,train
43018,validation
43019,validation
43020,validation
43021,train
43022,train
43023,validation
43024,train
43025,train
43026,validation
43027,train
43028,train
43029,train
43030,train
43031,train
43032,train
43033,train
43034,train
43035,validation
43036,train
43037,train
43038,train
43039,validation
43040,train
43041,train
43042,train
43043,train
43044,train
43045,train
43046,validation
43047,train
43048,train
43049,train
43050,validation
43051,train
43052,train
43053,train
43054,train
43055,validation
43056,train
43057,validation
43058,train
43059,train
43060,train
43061,train
43062,train
43063,train
43064,train
43065,train
43066,train
43067,train
43068,train
43069,train
43070,train
43071,validation
43072,train
43073,validation
43074,validation
43075,train
43076,train
43077,train
43078,validation
43079,train
43080,train
43081,train
43082,train
43083,train
43084,train
43085,train
43086,train
43087,train
43088,validation
43089,validation
43090,validation
43091,train
43092,train
43093,validation
43094,train
43095,train
43096,validation
43097,train
43098,validation
43099,train
43100,train
43101,train
43102,train
43103,train
43104,train
43105,train
43106,train
43107,train
43108,validation
43109,train
43110,train
43111,train
43112,train
43113,train
43114,validation
43115,train
43116,train
43117,train
43118,validation
43119,train
43120,validation
43121,train
43122,train
43123,train
43124,train
43125,validation
43126,train
43127,validation
43128,train
43129,train
43130,train
43131,train
43132,train
43133,validation
43134,train
43135,train
43136,train
43137,train
43138,train
43139,validation
43140,train
43141,train
43142,train
43143,train
43144,validation
43145,train
43146,train
43147,train
43148,validation
43149,train
43150,train
43151,train
43152,train
43153,train
43154,train
43155,train
43156,train
43157,train
43158,train
43159,train
43160,validation
43161,train
43162,train
43163,train
43164,validation
43165,validation
43166,train
43167,train
43168,train
43169,validation
43170,validation
43171,train
43172,train
43173,validation
43174,train
43175,validation
43176,validation
43177,train
43178,train
43179,validation
43180,train
43181,train
43182,train
43183,train
43184,validation
43185,train
43186,validation
43187,validation
43188,train
43189,train
43190,train
43191,train
43192,train
43193,train
43194,train
43195,train
43196,train
43197,train
43198,validation
43199,train
43200,train
43201,train
43202,train
43203,train
43204,validation
43205,train
43206,validation
43207,train
43208,train
43209,train
43210,train
43211,train
43212,train
43213,train
43214,train
43215,train
43216,validation
43217,train
43218,train
43219,train
43220,train
43221,train
43222,train
43223,train
43224,train
43225,train
43226,train
43227,validation
43228,train
43229,validation
43230,train
43231,train
43232,train
43233,train
43234,train
43235,validation
43236,train
43237,train
43238,validation
43239,train
43240,validation
43241,validation
43242,validation
43243,train
43244,train
43245,train
43246,train
43247,train
43248,train
43249,validation
43250,train
43251,train
43252,train
43253,train
43254,train
43255,train
43256,validation
43257,train
43258,train
43259,train
43260,train
43261,train
43262,train
43263,validation
43264,train
43265,train
43266,train
43267,validation
43268,train
43269,train
43270,validation
43271,train
43272,train
43273,train
43274,train
43275,train
43276,train
43277,train
43278,train
43279,train
43280,train
43281,train
43282,train
43283,train
43284,train
43285,train
43286,train
43287,validation
43288,train
43289,train
43290,train
43291,train
43292,train
43293,train
43294,train
43295,train
43296,train
43297,train
43298,train
43299,train
43300,train
43301,train
43302,train
43303,train
43304,train
43305,train
43306,train
43307,train
43308,train
43309,train
43310,train
43311,train
43312,train
43313,train
43314,train
43315,train
43316,train
43317,train
43318,train
43319,train
43320,train
43321,train
43322,train
43323,train
43324,train
43325,train
43326,train
43327,validation
43328,validation
43329,train
43330,validation
43331,train
43332,train
43333,train
43334,train
43335,validation
43336,train
43337,train
43338,train
43339,train
43340,validation
43341,train
43342,train
43343,train
43344,train
43345,train
43346,validation
43347,train
43348,validation
43349,train
43350,train
43351,train
43352,validation
43353,train
43354,train
43355,train
43356,validation
43357,train
43358,train
43359,validation
43360,validation
43361,train
43362,train
43363,validation
43364,validation
43365,train
43366,train
43367,validation
43368,train
43369,validation
43370,train
43371,train
43372,validation
43373,train
43374,train
43375,train
43376,validation
43377,train
43378,train
43379,train
43380,train
43381,train
43382,train
43383,train
43384,train
43385,train
43386,train
43387,train
43388,train
43389,train
43390,train
43391,train
43392,train
43393,train
43394,train
43395,train
43396,train
43397,train
43398,train
43399,train
43400,train
43401,train
43402,train
43403,train
43404,train
43405,train
43406,train
43407,validation
43408,train
43409,train
43410,train
43411,train
43412,train
43413,train
43414,train
43415,train
43416,train
43417,train
43418,validation
43419,train
43420,train
43421,train
43422,validation
43423,train
43424,train
43425,train
43426,train
43427,train
43428,validation
43429,train
43430,train
43431,train
43432,train
43433,train
43434,train
43435,validation
43436,train
43437,train
43438,train
43439,train
43440,train
43441,validation
43442,train
43443,validation
43444,train
43445,train
43446,train
43447,train
43448,validation
43449,train
43450,train
43451,validation
43452,train
43453,train
43454,validation
43455,train
43456,train
43457,train
43458,train
43459,train
43460,train
43461,train
43462,validation
43463,train
43464,train
43465,train
43466,train
43467,train
43468,train
43469,train
43470,train
43471,train
43472,train
43473,validation
43474,train
43475,train
43476,train
43477,validation
43478,train
43479,train
43480,train
43481,train
43482,validation
43483,train
43484,train
43485,train
43486,train
43487,train
43488,train
43489,train
43490,validation
43491,train
43492,train
43493,train
43494,train
43495,train
43496,train
43497,train
43498,train
43499,train
43500,train
43501,train
43502,train
43503,validation
43504,train
43505,train
43506,validation
43507,train
43508,train
43509,train
43510,train
43511,train
43512,train
43513,train
43514,validation
43515,train
43516,train
43517,train
43518,train
43519,train
43520,train
43521,train
43522,train
43523,validation
43524,train
43525,train
43526,train
43527,train
43528,train
43529,train
43530,train
43531,validation
43532,train
43533,train
43534,train
43535,train
43536,train
43537,train
43538,train
43539,train
43540,train
43541,train
43542,train
43543,train
43544,validation
43545,train
43546,validation
43547,train
43548,train
43549,train
43550,train
43551,train
43552,train
43553,train
43554,train
43555,train
43556,validation
43557,train
43558,train
43559,validation
43560,train
43561,train
43562,validation
43563,train
43564,train
43565,validation
43566,train
43567,train
43568,train
43569,train
43570,train
43571,validation
43572,validation
43573,train
43574,train
43575,train
43576,train
43577,train
43578,validation
43579,train
43580,train
43581,train
43582,validation
43583,train
43584,validation
43585,train
43586,validation
43587,validation
43588,train
43589,train
43590,train
43591,train
43592,train
43593,validation
43594,train
43595,train
43596,train
43597,train
43598,train
43599,train
43600,validation
43601,validation
43602,train
43603,validation
43604,train
43605,validation
43606,train
43607,validation
43608,train
43609,train
43610,train
43611,train
43612,validation
43613,train
43614,validation
43615,train
43616,train
43617,train
43618,train
43619,train
43620,train
43621,train
43622,train
43623,train
43624,train
43625,train
43626,train
43627,train
43628,train
43629,train
43630,train
43631,validation
43632,validation
43633,validation
43634,validation
43635,train
43636,train
43637,train
43638,train
43639,validation
43640,train
43641,train
43642,train
43643,train
43644,train
43645,train
43646,train
43647,validation
43648,train
43649,train
43650,train
43651,train
43652,train
43653,train
43654,validation
43655,train
43656,validation
43657,train
43658,validation
43659,train
43660,validation
43661,train
43662,train
43663,train
43664,train
43665,train
43666,train
43667,train
43668,validation
43669,train
43670,train
43671,train
43672,train
43673,train
43674,validation
43675,validation
43676,train
43677,validation
43678,train
43679,train
43680,train
43681,train
43682,validation
43683,train
43684,train
43685,validation
43686,validation
43687,train
43688,train
43689,validation
43690,validation
43691,validation
43692,train
43693,validation
43694,train
43695,train
43696,train
43697,train
43698,train
43699,train
43700,train
43701,train
43702,train
43703,train
43704,train
43705,train
43706,train
43707,train
43708,train
43709,train
43710,train
43711,train
43712,train
43713,train
43714,train
43715,train
43716,train
43717,validation
43718,validation
43719,train
43720,train
43721,train
43722,train
43723,train
43724,validation
43725,train
43726,train
43727,validation
43728,train
43729,train
43730,train
43731,train
43732,train
43733,train
43734,validation
43735,train
43736,train
43737,train
43738,train
43739,train
43740,train
43741,validation
43742,train
43743,validation
43744,train
43745,train
43746,train
43747,train
43748,validation
43749,train
43750,train
43751,train
43752,train
43753,train
43754,train
43755,train
43756,train
43757,train
43758,validation
43759,train
43760,validation
43761,validation
43762,train
43763,train
43764,train
43765,train
43766,train
43767,train
43768,train
43769,train
43770,validation
43771,train
43772,train
43773,train
43774,validation
43775,train
43776,validation
43777,train
43778,validation
43779,train
43780,train
43781,validation
43782,train
43783,train
43784,validation
43785,train
43786,train
43787,train
43788,train
43789,validation
43790,train
43791,train
43792,train
43793,validation
43794,train
43795,train
43796,train
43797,train
43798,train
43799,train
43800,train
43801,train
43802,train
43803,train
43804,train
43805,train
43806,train
43807,train
43808,train
43809,train
43810,train
43811,train
43812,validation
43813,train
43814,train
43815,train
43816,train
43817,train
43818,train
43819,train
43820,train
43821,validation
43822,train
43823,train
43824,train
43825,train
43826,train
43827,validation
43828,train
43829,train
43830,train
43831,validation
43832,train
43833,train
43834,train
43835,train
43836,train
43837,train
43838,validation
43839,validation
43840,train
43841,train
43842,train
43843,validation
43844,train
43845,train
43846,validation
43847,train
43848,train
43849,train
43850,train
43851,train
43852,train
43853,validation
43854,validation
43855,train
43856,train
43857,train
43858,train
43859,train
43860,train
43861,train
43862,train
43863,train
43864,train
43865,train
43866,train
43867,train
43868,train
43869,train
43870,train
43871,train
43872,train
43873,train
43874,train
43875,validation
43876,train
43877,validation
43878,train
43879,train
43880,train
43881,train
43882,train
43883,train
43884,train
43885,train
43886,train
43887,train
43888,train
43889,validation
43890,train
43891,train
43892,train
43893,train
43894,train
43895,validation
43896,train
43897,train
43898,train
43899,train
43900,validation
43901,validation
43902,validation
43903,validation
43904,train
43905,train
43906,train
43907,train
43908,train
43909,validation
43910,validation
43911,train
43912,validation
43913,train
43914,validation
43915,validation
43916,validation
43917,train
43918,train
43919,train
43920,train
43921,train
43922,train
43923,train
43924,train
43925,train
43926,train
43927,train
43928,train
43929,train
43930,train
43931,train
43932,train
43933,train
43934,train
43935,train
43936,train
43937,validation
43938,train
43939,train
43940,train
43941,train
43942,validation
43943,train
43944,validation
43945,train
43946,train
43947,train
43948,train
43949,train
43950,train
43951,train
43952,train
43953,train
43954,validation
43955,train
43956,train
43957,validation
43958,train
43959,train
43960,train
43961,validation
43962,train
43963,validation
43964,train
43965,train
43966,validation
43967,validation
43968,train
43969,train
43970,validation
43971,validation
43972,train
43973,train
43974,validation
43975,train
43976,train
43977,train
43978,train
43979,validation
43980,train
43981,train
43982,train
43983,train
43984,validation
43985,train
43986,train
43987,train
43988,train
43989,train
43990,validation
43991,train
43992,train
43993,train
43994,train
43995,train
43996,train
43997,train
43998,train
43999,train
44000,train
44001,train
44002,validation
44003,train
44004,train
44005,train
44006,validation
44007,train
44008,train
44009,train
44010,train
44011,validation
44012,train
44013,train
44014,validation
44015,train
44016,train
44017,train
44018,train
44019,train
44020,train
44021,train
44022,train
44023,train
44024,train
44025,train
44026,train
44027,train
44028,train
44029,validation
44030,train
44031,train
44032,train
44033,train
44034,train
44035,validation
44036,train
44037,validation
44038,train
44039,train
44040,train
44041,train
44042,train
44043,train
44044,validation
44045,train
44046,train
44047,train
44048,train
44049,train
44050,validation
44051,train
44052,train
44053,train
44054,train
44055,validation
44056,train
44057,train
44058,train
44059,validation
44060,train
44061,train
44062,validation
44063,train
44064,validation
44065,train
44066,train
44067,validation
44068,train
44069,validation
44070,train
44071,validation
44072,train
44073,train
44074,train
44075,train
44076,train
44077,validation
44078,train
44079,train
44080,validation
44081,train
44082,validation
44083,validation
44084,train
44085,train
44086,train
44087,train
44088,validation
44089,train
44090,validation
44091,train
44092,train
44093,train
44094,train
44095,train
44096,train
44097,train
44098,train
44099,train
44100,validation
44101,train
44102,train
44103,validation
44104,validation
44105,train
44106,train
44107,train
44108,train
44109,train
44110,train
44111,validation
44112,train
44113,train
44114,train
44115,train
44116,validation
44117,train
44118,train
44119,validation
44120,train
44121,train
44122,train
44123,train
44124,train
44125,train
44126,validation
44127,validation
44128,train
44129,train
44130,validation
44131,train
44132,train
44133,train
44134,train
44135,validation
44136,train
44137,train
44138,validation
44139,train
44140,train
44141,train
44142,train
44143,train
44144,train
44145,train
44146,train
44147,train
44148,train
44149,validation
44150,validation
44151,validation
44152,validation
44153,train
44154,train
44155,train
44156,train
44157,validation
44158,train
44159,train
44160,train
44161,train
44162,train
44163,train
44164,train
44165,train
44166,train
44167,train
44168,validation
44169,train
44170,validation
44171,validation
44172,train
44173,train
44174,train
44175,train
44176,train
44177,train
44178,train
44179,train
44180,train
44181,train
44182,validation
44183,train
44184,train
44185,train
44186,train
44187,train
44188,train
44189,train
44190,train
44191,train
44192,train
44193,train
44194,train
44195,train
44196,train
44197,train
44198,train
44199,train
44200,train
44201,train
44202,train
44203,train
44204,train
44205,train
44206,train
44207,validation
44208,train
44209,train
44210,train
44211,train
44212,train
44213,train
44214,train
44215,train
44216,train
44217,train
44218,train
44219,train
44220,validation
44221,train
44222,train
44223,train
44224,train
44225,train
44226,train
44227,train
44228,validation
44229,train
44230,train
44231,train
44232,train
44233,train
44234,train
44235,train
44236,train
44237,train
44238,validation
44239,train
44240,train
44241,train
44242,train
44243,validation
44244,train
44245,train
44246,train
44247,train
44248,train
44249,validation
44250,validation
44251,train
44252,train
44253,train
44254,validation
44255,train
44256,train
44257,train
44258,train
44259,train
44260,train
44261,train
44262,train
44263,train
44264,train
44265,train
44266,validation
44267,train
44268,train
44269,validation
44270,validation
44271,train
44272,train
44273,train
44274,train
44275,train
44276,train
44277,validation
44278,train
44279,train
44280,train
44281,train
44282,train
44283,train
44284,train
44285,train
44286,train
44287,validation
44288,train
44289,train
44290,train
44291,train
44292,train
44293,validation
44294,train
44295,train
44296,train
44297,train
44298,train
44299,train
44300,train
44301,train
44302,train
44303,train
44304,train
44305,train
44306,train
44307,train
44308,train
44309,validation
44310,train
44311,train
44312,train
44313,train
44314,train
44315,train
44316,train
44317,validation
44318,validation
44319,train
44320,train
44321,validation
44322,train
44323,validation
44324,train
44325,train
44326,train
44327,train
44328,train
44329,train
44330,train
44331,validation
44332,train
44333,train
44334,train
44335,validation
44336,validation
44337,train
44338,train
44339,train
44340,validation
44341,train
44342,train
44343,train
44344,validation
44345,train
44346,train
44347,train
44348,train
44349,train
44350,validation
44351,train
44352,train
44353,train
44354,train
44355,train
44356,validation
44357,validation
44358,train
44359,train
44360,train
44361,validation
44362,train
44363,train
44364,train
44365,train
44366,train
44367,train
44368,train
44369,train
44370,train
44371,train
44372,train
44373,validation
44374,train
44375,validation
44376,validation
44377,validation
44378,train
44379,train
44380,validation
44381,train
44382,train
44383,train
44384,train
44385,train
44386,train
44387,train
44388,validation
44389,train
44390,validation
44391,validation
44392,validation
44393,train
44394,train
44395,validation
44396,validation
44397,train
44398,train
44399,train
44400,train
44401,validation
44402,train
44403,train
44404,validation
44405,validation
44406,train
44407,train
44408,train
44409,train
44410,train
44411,validation
44412,train
44413,validation
44414,train
44415,train
44416,train
44417,train
44418,train
44419,train
44420,validation
44421,train
44422,validation
44423,train
44424,train
44425,train
44426,train
44427,train
44428,train
44429,train
44430,train
44431,train
44432,train
44433,train
44434,train
44435,train
44436,train
44437,train
44438,validation
44439,train
44440,validation
44441,train
44442,train
44443,validation
44444,train
44445,train
44446,validation
44447,train
44448,train
44449,train
44450,train
44451,train
44452,train
44453,train
44454,validation
44455,train
44456,train
44457,validation
44458,train
44459,train
44460,train
44461,validation
44462,train
44463,train
44464,train
44465,train
44466,train
44467,train
44468,train
44469,train
44470,train
44471,validation
44472,train
44473,train
44474,train
44475,train
44476,train
44477,train
44478,train
44479,validation
44480,train
44481,train
44482,train
44483,train
44484,train
44485,train
44486,train
44487,train
44488,train
44489,train
44490,train
44491,train
44492,validation
44493,train
44494,train
44495,train
44496,train
44497,train
44498,train
44499,train
44500,train
44501,train
44502,validation
44503,train
44504,train
44505,train
44506,validation
44507,train
44508,train
44509,train
44510,validation
44511,train
44512,train
44513,train
44514,train
44515,train
44516,train
44517,train
44518,validation
44519,train
44520,train
44521,train
44522,train
44523,validation
44524,train
44525,train
44526,train
44527,train
44528,train
44529,train
44530,validation
44531,validation
44532,train
44533,train
44534,train
44535,train
44536,train
44537,validation
44538,train
44539,train
44540,validation
44541,train
44542,train
44543,train
44544,validation
44545,train
44546,train
44547,validation
44548,validation
44549,train
44550,train
44551,train
44552,train
44553,train
44554,train
44555,train
44556,train
44557,train
44558,train
44559,train
44560,train
44561,validation
44562,validation
44563,train
44564,validation
44565,train
44566,train
44567,train
44568,train
44569,train
44570,train
44571,train
44572,train
44573,train
44574,validation
44575,validation
44576,train
44577,train
44578,train
44579,train
44580,train
44581,validation
44582,train
44583,validation
44584,train
44585,validation
44586,train
44587,train
44588,validation
44589,train
44590,train
44591,train
44592,train
44593,train
44594,train
44595,train
44596,train
44597,train
44598,train
44599,train
44600,train
44601,train
44602,train
44603,train
44604,validation
44605,train
44606,train
44607,train
44608,train
44609,train
44610,train
44611,train
44612,train
44613,train
44614,train
44615,train
44616,validation
44617,train
44618,train
44619,train
44620,train
44621,train
44622,train
44623,train
44624,train
44625,train
44626,train
44627,train
44628,train
44629,train
44630,train
44631,train
44632,train
44633,train
44634,train
44635,validation
44636,train
44637,train
44638,train
44639,train
44640,validation
44641,train
44642,train
44643,train
44644,train
44645,validation
44646,train
44647,train
44648,train
44649,validation
44650,train
44651,train
44652,train
44653,train
44654,train
44655,train
44656,train
44657,train
44658,train
44659,validation
44660,train
44661,train
44662,train
44663,train
44664,train
44665,validation
44666,train
44667,train
44668,validation
44669,train
44670,train
44671,train
44672,train
44673,train
44674,train
44675,validation
44676,train
44677,train
44678,train
44679,validation
44680,train
44681,train
44682,train
44683,validation
44684,train
44685,train
44686,validation
44687,train
44688,train
44689,train
44690,train
44691,train
44692,train
44693,train
44694,train
44695,validation
44696,train
44697,train
44698,train
44699,train
44700,validation
44701,validation
44702,train
44703,validation
44704,train
44705,validation
44706,train
44707,train
44708,train
44709,train
44710,validation
44711,train
44712,validation
44713,train
44714,train
44715,train
44716,validation
44717,validation
44718,train
44719,train
44720,validation
44721,train
44722,train
44723,train
44724,train
44725,train
44726,train
44727,validation
44728,train
44729,train
44730,train
44731,train
44732,train
44733,train
44734,train
44735,train
44736,train
44737,validation
44738,validation
44739,train
44740,train
44741,train
44742,train
44743,train
44744,validation
44745,train
44746,train
44747,validation
44748,train
44749,validation
44750,train
44751,train
44752,train
44753,train
44754,train
44755,train
44756,train
44757,validation
44758,train
44759,train
44760,train
44761,train
44762,train
44763,train
44764,validation
44765,train
44766,train
44767,validation
44768,train
44769,train
44770,train
44771,validation
44772,train
44773,train
44774,train
44775,train
44776,train
44777,validation
44778,train
44779,train
44780,train
44781,validation
44782,validation
44783,train
44784,train
44785,train
44786,validation
44787,train
44788,validation
44789,train
44790,train
44791,validation
44792,train
44793,train
44794,validation
44795,train
44796,validation
44797,train
44798,train
44799,train
44800,train
44801,train
44802,validation
44803,validation
44804,train
44805,train
44806,train
44807,validation
44808,train
44809,train
44810,train
44811,train
44812,validation
44813,validation
44814,validation
44815,train
44816,validation
44817,validation
44818,train
44819,train
44820,train
44821,validation
44822,train
44823,validation
44824,train
44825,validation
44826,train
44827,train
44828,train
44829,validation
44830,train
44831,train
44832,validation
44833,train
44834,train
44835,train
44836,train
44837,train
44838,validation
44839,train
44840,train
44841,validation
44842,train
44843,train
44844,train
44845,validation
44846,validation
44847,train
44848,train
44849,validation
44850,train
44851,validation
44852,validation
44853,train
44854,train
44855,validation
44856,train
44857,train
44858,train
44859,train
44860,train
44861,train
44862,train
44863,train
44864,train
44865,validation
44866,train
44867,train
44868,train
44869,train
44870,train
44871,train
44872,train
44873,train
44874,train
44875,train
44876,train
44877,train
44878,train
44879,validation
44880,validation
44881,train
44882,validation
44883,train
44884,train
44885,train
44886,train
44887,train
44888,train
44889,train
44890,train
44891,train
44892,train
44893,train
44894,train
44895,validation
44896,validation
44897,train
44898,train
44899,train
44900,train
44901,train
44902,validation
44903,train
44904,validation
44905,train
44906,train
44907,train
44908,train
44909,train
44910,validation
44911,validation
44912,train
44913,train
44914,train
44915,train
44916,validation
44917,train
44918,train
44919,train
44920,train
44921,train
44922,validation
44923,validation
44924,train
44925,train
44926,train
44927,train
44928,train
44929,validation
44930,train
44931,train
44932,validation
44933,validation
44934,train
44935,validation
44936,train
44937,train
44938,validation
44939,train
44940,train
44941,train
44942,train
44943,train
44944,train
44945,validation
44946,train
44947,train
44948,train
44949,validation
44950,train
44951,train
44952,train
44953,train
44954,validation
44955,train
44956,train
44957,train
44958,train
44959,train
44960,train
44961,train
44962,train
44963,validation
44964,validation
44965,train
44966,train
44967,validation
44968,validation
44969,train
44970,train
44971,train
44972,train
44973,train
44974,train
44975,train
44976,train
44977,train
44978,train
44979,train
44980,train
44981,train
44982,train
44983,train
44984,train
44985,validation
44986,train
44987,train
44988,train
44989,train
44990,train
44991,train
44992,train
44993,validation
44994,train
44995,train
44996,validation
44997,train
44998,train
44999,validation
45000,train
45001,train
45002,validation
45003,train
45004,train
45005,train
45006,train
45007,train
45008,validation
45009,validation
45010,train
45011,train
45012,train
45013,train
45014,train
45015,train
45016,train
45017,train
45018,train
45019,train
45020,train
45021,train
45022,validation
45023,train
45024,train
45025,train
45026,train
45027,train
45028,train
45029,train
45030,train
45031,train
45032,train
45033,train
45034,train
45035,train
45036,train
45037,train
45038,train
45039,train
45040,train
45041,train
45042,train
45043,train
45044,train
45045,train
45046,train
45047,validation
45048,train
45049,train
45050,train
45051,train
45052,train
45053,validation
45054,validation
45055,train
45056,validation
45057,validation
45058,validation
45059,train
45060,train
45061,train
45062,train
45063,train
45064,train
45065,validation
45066,validation
45067,train
45068,train
45069,train
45070,train
45071,train
45072,train
45073,validation
45074,train
45075,train
45076,train
45077,validation
45078,train
45079,train
45080,validation
45081,train
45082,train
45083,train
45084,train
45085,train
45086,train
45087,train
45088,train
45089,train
45090,train
45091,train
45092,validation
45093,train
45094,train
45095,validation
45096,validation
45097,train
45098,validation
45099,train
45100,train
45101,train
45102,validation
45103,train
45104,train
45105,train
45106,train
45107,train
45108,train
45109,validation
45110,train
45111,train
45112,train
45113,train
45114,train
45115,train
45116,train
45117,train
45118,train
45119,train
45120,train
45121,validation
45122,validation
45123,train
45124,train
45125,train
45126,train
45127,train
45128,train
45129,train
45130,train
45131,train
45132,train
45133,train
45134,train
45135,train
45136,validation
45137,train
45138,validation
45139,validation
45140,train
45141,train
45142,train
45143,train
45144,train
45145,train
45146,train
45147,train
45148,train
45149,train
45150,train
45151,train
45152,validation
45153,train
45154,train
45155,train
45156,train
45157,validation
45158,train
45159,train
45160,train
45161,validation
45162,train
45163,train
45164,train
45165,train
45166,train
45167,train
45168,train
45169,train
45170,train
45171,train
45172,validation
45173,train
45174,train
45175,train
45176,train
45177,train
45178,train
45179,validation
45180,train
45181,train
45182,train
45183,validation
45184,train
45185,train
45186,validation
45187,validation
45188,train
45189,train
45190,train
45191,train
45192,train
45193,validation
45194,train
45195,train
45196,validation
45197,train
45198,train
45199,validation
45200,validation
45201,train
45202,train
45203,train
45204,train
45205,train
45206,train
45207,validation
45208,validation
45209,train
45210,train
45211,train
45212,train
45213,train
45214,train
45215,train
45216,train
45217,train
45218,train
45219,train
45220,validation
45221,validation
45222,train
45223,train
45224,train
45225,validation
45226,train
45227,validation
45228,train
45229,train
45230,train
45231,train
45232,validation
45233,validation
45234,train
45235,train
45236,train
45237,train
45238,train
45239,train
45240,train
45241,validation
45242,validation
45243,train
45244,train
45245,train
45246,train
45247,train
45248,train
45249,validation
45250,train
45251,validation
45252,train
45253,train
45254,train
45255,train
45256,train
45257,train
45258,train
45259,train
45260,train
45261,train
45262,train
45263,validation
45264,validation
45265,validation
45266,train
45267,train
45268,train
45269,validation
45270,train
45271,train
45272,train
45273,train
45274,train
45275,train
45276,train
45277,validation
45278,train
45279,validation
45280,validation
45281,train
45282,train
45283,train
45284,validation
45285,validation
45286,train
45287,train
45288,train
45289,train
45290,train
45291,train
45292,train
45293,train
45294,train
45295,train
45296,validation
45297,validation
45298,train
45299,train
45300,train
45301,train
45302,train
45303,validation
45304,validation
45305,validation
45306,validation
45307,validation
45308,train
45309,train
45310,train
45311,train
45312,train
45313,train
45314,train
45315,train
45316,train
45317,train
45318,validation
45319,train
45320,train
45321,validation
45322,train
45323,train
45324,train
45325,train
45326,validation
45327,train
45328,train
45329,train
45330,train
45331,train
45332,train
45333,train
45334,train
45335,train
45336,train
45337,train
45338,validation
45339,validation
45340,train
45341,train
45342,train
45343,train
45344,train
45345,train
45346,train
45347,validation
45348,train
45349,train
45350,train
45351,train
45352,train
45353,validation
45354,train
45355,train
45356,train
45357,train
45358,train
45359,train
45360,train
45361,train
45362,train
45363,train
45364,train
45365,train
45366,train
45367,train
45368,train
45369,train
45370,train
45371,validation
45372,validation
45373,validation
45374,train
45375,validation
45376,validation
45377,train
45378,train
45379,train
45380,train
45381,train
45382,validation
45383,train
45384,validation
45385,validation
45386,train
45387,train
45388,train
45389,train
45390,train
45391,train
45392,validation
45393,train
45394,train
45395,train
45396,train
45397,train
45398,train
45399,train
45400,train
45401,train
45402,train
45403,validation
45404,train
45405,validation
45406,train
45407,train
45408,train
45409,train
45410,validation
45411,train
45412,train
45413,train
45414,train
45415,train
45416,train
45417,train
45418,train
45419,train
45420,train
45421,train
45422,train
45423,train
45424,train
45425,train
45426,train
45427,train
45428,train
45429,train
45430,train
45431,train
45432,train
45433,train
45434,train
45435,train
45436,train
45437,train
45438,train
45439,validation
45440,train
45441,train
45442,train
45443,train
45444,train
45445,train
45446,train
45447,train
45448,train
45449,validation
45450,train
45451,train
45452,train
45453,train
45454,train
45455,train
45456,train
45457,train
45458,train
45459,train
45460,train
45461,train
45462,train
45463,validation
45464,train
45465,validation
45466,train
45467,train
45468,validation
45469,train
45470,train
45471,train
45472,train
45473,train
45474,validation
45475,train
45476,train
45477,train
45478,validation
45479,train
45480,validation
45481,train
45482,train
45483,train
45484,validation
45485,validation
45486,train
45487,train
45488,train
45489,validation
45490,train
45491,validation
45492,train
45493,train
45494,train
45495,train
45496,train
45497,train
45498,train
45499,validation
45500,validation
45501,train
45502,train
45503,validation
45504,train
45505,train
45506,train
45507,train
45508,train
45509,validation
45510,train
45511,validation
45512,train
45513,validation
45514,train
45515,train
45516,train
45517,train
45518,train
45519,train
45520,train
45521,train
45522,train
45523,train
45524,train
45525,train
45526,validation
45527,train
45528,train
45529,validation
45530,train
45531,validation
45532,train
45533,validation
45534,validation
45535,validation
45536,train
45537,train
45538,train
45539,train
45540,train
45541,train
45542,validation
45543,train
45544,validation
45545,train
45546,train
45547,validation
45548,train
45549,train
45550,train
45551,validation
45552,validation
45553,train
45554,train
45555,train
45556,train
45557,train
45558,train
45559,train
45560,train
45561,train
45562,train
45563,train
45564,validation
45565,train
45566,train
45567,train
45568,train
45569,train
45570,train
45571,train
45572,validation
45573,train
45574,train
45575,train
45576,train
45577,train
45578,train
45579,train
45580,train
45581,train
45582,train
45583,train
45584,train
45585,validation
45586,train
45587,train
45588,train
45589,validation
45590,train
45591,train
45592,train
45593,validation
45594,train
45595,validation
45596,train
45597,train
45598,train
45599,train
45600,train
45601,train
45602,train
45603,train
45604,validation
45605,train
45606,validation
45607,train
45608,train
45609,train
45610,validation
45611,validation
45612,train
45613,train
45614,train
45615,train
45616,train
45617,train
45618,validation
45619,train
45620,validation
45621,train
45622,validation
45623,train
45624,train
45625,train
45626,train
45627,validation
45628,train
45629,train
45630,train
45631,train
45632,train
45633,train
45634,train
45635,train
45636,train
45637,train
45638,train
45639,train
45640,validation
45641,train
45642,train
45643,train
45644,validation
45645,train
45646,train
45647,train
45648,train
45649,train
45650,train
45651,train
45652,train
45653,train
45654,train
45655,train
45656,train
45657,train
45658,train
45659,validation
45660,train
45661,train
45662,validation
45663,train
45664,validation
45665,train
45666,train
45667,train
45668,train
45669,train
45670,train
45671,validation
45672,train
45673,validation
45674,validation
45675,train
45676,train
45677,train
45678,train
45679,train
45680,train
45681,train
45682,train
45683,train
45684,train
45685,train
45686,train
45687,train
45688,train
45689,train
45690,train
45691,train
45692,train
45693,train
45694,train
45695,validation
45696,train
45697,train
45698,validation
45699,validation
45700,train
45701,validation
45702,train
45703,validation
45704,validation
45705,train
45706,train
45707,validation
45708,train
45709,validation
45710,validation
45711,validation
45712,validation
45713,train
45714,train
45715,train
45716,train
45717,train
45718,validation
45719,train
45720,train
45721,train
45722,train
45723,train
45724,train
45725,train
45726,train
45727,validation
45728,train
45729,train
45730,validation
45731,validation
45732,train
45733,train
45734,train
45735,train
45736,train
45737,train
45738,train
45739,validation
45740,train
45741,train
45742,train
45743,train
45744,validation
45745,train
45746,train
45747,train
45748,train
45749,train
45750,train
45751,validation
45752,train
45753,train
45754,train
45755,train
45756,train
45757,train
45758,validation
45759,train
45760,train
45761,train
45762,validation
45763,train
45764,train
45765,train
45766,validation
45767,train
45768,train
45769,train
45770,train
45771,train
45772,train
45773,train
45774,train
45775,validation
45776,validation
45777,train
45778,train
45779,train
45780,train
45781,train
45782,validation
45783,train
45784,train
45785,train
45786,train
45787,train
45788,train
45789,train
45790,validation
45791,train
45792,train
45793,train
45794,train
45795,validation
45796,train
45797,train
45798,train
45799,train
45800,train
45801,train
45802,train
45803,train
45804,validation
45805,train
45806,train
45807,train
45808,validation
45809,train
45810,train
45811,train
45812,validation
45813,validation
45814,train
45815,validation
45816,train
45817,train
45818,train
45819,train
45820,validation
45821,train
45822,train
45823,train
45824,train
45825,train
45826,train
45827,train
45828,train
45829,train
45830,train
45831,train
45832,train
45833,validation
45834,train
45835,train
45836,train
45837,train
45838,validation
45839,train
45840,train
45841,validation
45842,train
45843,validation
45844,validation
45845,validation
45846,train
45847,train
45848,train
45849,train
45850,train
45851,validation
45852,train
45853,train
45854,validation
45855,validation
45856,train
45857,train
45858,validation
45859,train
45860,train
45861,train
45862,train
45863,train
45864,train
45865,train
45866,train
45867,train
45868,validation
45869,validation
45870,train
45871,train
45872,train
45873,train
45874,validation
45875,train
45876,train
45877,train
45878,validation
45879,train
45880,validation
45881,train
45882,validation
45883,validation
45884,train
45885,validation
45886,train
45887,train
45888,train
45889,validation
45890,train
45891,train
45892,train
45893,train
45894,train
45895,train
45896,validation
45897,train
45898,validation
45899,train
45900,train
45901,train
45902,train
45903,train
45904,train
45905,train
45906,train
45907,train
45908,train
45909,train
45910,train
45911,train
45912,validation
45913,train
45914,train
45915,train
45916,validation
45917,train
45918,train
45919,train
45920,train
45921,train
45922,train
45923,train
45924,train
45925,train
45926,validation
45927,train
45928,train
45929,validation
45930,train
45931,validation
45932,train
45933,train
45934,validation
45935,train
45936,train
45937,train
45938,train
45939,train
45940,train
45941,train
45942,train
45943,train
45944,train
45945,train
45946,train
45947,train
45948,train
45949,train
45950,train
45951,train
45952,train
45953,validation
45954,train
45955,validation
45956,train
45957,train
45958,train
45959,train
45960,train
45961,train
45962,train
45963,train
45964,train
45965,validation
45966,train
45967,train
45968,train
45969,train
45970,validation
45971,train
45972,validation
45973,train
45974,train
45975,train
45976,train
45977,train
45978,validation
45979,train
45980,train
45981,train
45982,train
45983,validation
45984,train
45985,train
45986,train
45987,train
45988,train
45989,train
45990,train
45991,train
45992,train
45993,validation
45994,train
45995,train
45996,train
45997,train
45998,train
45999,train
46000,train
46001,train
46002,train
46003,train
46004,train
46005,validation
46006,train
46007,train
46008,train
46009,train
46010,train
46011,train
46012,validation
46013,train
46014,train
46015,train
46016,train
46017,train
46018,train
46019,validation
46020,train
46021,train
46022,train
46023,train
46024,train
46025,train
46026,train
46027,train
46028,train
46029,train
46030,train
46031,train
46032,train
46033,train
46034,validation
46035,train
46036,train
46037,validation
46038,train
46039,train
46040,train
46041,train
46042,train
46043,train
46044,train
46045,train
46046,train
46047,train
46048,train
46049,train
46050,train
46051,validation
46052,train
46053,validation
46054,train
46055,train
46056,validation
46057,train
46058,train
46059,train
46060,train
46061,train
46062,train
46063,validation
46064,train
46065,train
46066,train
46067,validation
46068,validation
46069,train
46070,train
46071,train
46072,validation
46073,train
46074,train
46075,train
46076,train
46077,train
46078,train
46079,train
46080,train
46081,train
46082,train
46083,train
46084,train
46085,train
46086,train
46087,train
46088,train
46089,validation
46090,train
46091,train
46092,validation
46093,validation
46094,train
46095,validation
46096,train
46097,train
46098,train
46099,train
46100,train
46101,validation
46102,train
46103,train
46104,train
46105,train
46106,validation
46107,train
46108,train
46109,train
46110,train
46111,train
46112,validation
46113,validation
46114,validation
46115,validation
46116,train
46117,validation
46118,validation
46119,train
46120,validation
46121,train
46122,train
46123,train
46124,train
46125,train
46126,validation
46127,train
46128,validation
46129,train
46130,validation
46131,validation
46132,validation
46133,train
46134,train
46135,train
46136,train
46137,train
46138,train
46139,train
46140,train
46141,train
46142,validation
46143,train
46144,train
46145,train
46146,train
46147,train
46148,validation
46149,train
46150,train
46151,train
46152,train
46153,validation
46154,train
46155,train
46156,train
46157,train
46158,train
46159,train
46160,train
46161,validation
46162,train
46163,train
46164,train
46165,train
46166,train
46167,train
46168,train
46169,train
46170,validation
46171,train
46172,validation
46173,train
46174,train
46175,train
46176,validation
46177,train
46178,train
46179,train
46180,train
46181,train
46182,train
46183,train
46184,validation
46185,train
46186,train
46187,validation
46188,train
46189,validation
46190,train
46191,train
46192,train
46193,train
46194,validation
46195,train
46196,validation
46197,train
46198,train
46199,train
46200,validation
46201,train
46202,train
46203,train
46204,validation
46205,train
46206,validation
46207,train
46208,train
46209,train
46210,train
46211,train
46212,train
46213,train
46214,train
46215,train
46216,train
46217,train
46218,train
46219,train
46220,train
46221,validation
46222,validation
46223,train
46224,train
46225,train
46226,train
46227,train
46228,train
46229,validation
46230,train
46231,validation
46232,train
46233,validation
46234,train
46235,train
46236,train
46237,train
46238,train
46239,train
46240,train
46241,validation
46242,train
46243,train
46244,train
46245,validation
46246,train
46247,validation
46248,train
46249,validation
46250,train
46251,train
46252,train
46253,train
46254,train
46255,validation
46256,train
46257,validation
46258,validation
46259,train
46260,validation
46261,train
46262,train
46263,train
46264,train
46265,train
46266,train
46267,train
46268,validation
46269,train
46270,validation
46271,train
46272,train
46273,train
46274,train
46275,train
46276,train
46277,validation
46278,train
46279,validation
46280,train
46281,train
46282,train
46283,train
46284,train
46285,train
46286,train
46287,validation
46288,train
46289,train
46290,train
46291,train
46292,train
46293,train
46294,train
46295,train
46296,train
46297,validation
46298,train
46299,train
46300,train
46301,train
46302,train
46303,train
46304,train
46305,validation
46306,train
46307,train
46308,train
46309,train
46310,train
46311,train
46312,train
46313,validation
46314,train
46315,train
46316,validation
46317,train
46318,train
46319,train
46320,train
46321,train
46322,train
46323,train
46324,validation
46325,train
46326,train
46327,validation
46328,train
46329,validation
46330,train
46331,validation
46332,train
46333,train
46334,train
46335,train
46336,train
46337,train
46338,train
46339,train
46340,train
46341,train
46342,train
46343,train
46344,train
46345,train
46346,train
46347,validation
46348,validation
46349,validation
46350,train
46351,train
46352,train
46353,train
46354,train
46355,train
46356,train
46357,train
46358,train
46359,train
46360,train
46361,train
46362,validation
46363,train
46364,train
46365,validation
46366,train
46367,train
46368,train
46369,validation
46370,train
46371,validation
46372,train
46373,train
46374,train
46375,validation
46376,train
46377,train
46378,train
46379,train
46380,validation
46381,train
46382,train
46383,validation
46384,train
46385,train
46386,train
46387,validation
46388,validation
46389,train
46390,train
46391,train
46392,train
46393,train
46394,train
46395,train
46396,train
46397,train
46398,train
46399,train
46400,train
46401,train
46402,validation
46403,train
46404,train
46405,train
46406,train
46407,validation
46408,train
46409,train
46410,train
46411,train
46412,train
46413,train
46414,train
46415,train
46416,validation
46417,train
46418,train
46419,validation
46420,validation
46421,validation
46422,train
46423,train
46424,train
46425,validation
46426,train
46427,train
46428,train
46429,train
46430,train
46431,validation
46432,train
46433,validation
46434,validation
46435,train
46436,train
46437,train
46438,train
46439,train
46440,train
46441,train
46442,train
46443,validation
46444,train
46445,train
46446,validation
46447,train
46448,validation
46449,train
46450,train
46451,train
46452,train
46453,train
46454,validation
46455,train
46456,train
46457,train
46458,train
46459,train
46460,validation
46461,train
46462,train
46463,train
46464,train
46465,train
46466,validation
46467,train
46468,train
46469,validation
46470,train
46471,train
46472,train
46473,train
46474,validation
46475,train
46476,train
46477,train
46478,train
46479,train
46480,train
46481,validation
46482,train
46483,validation
46484,train
46485,validation
46486,train
46487,train
46488,train
46489,train
46490,train
46491,train
46492,validation
46493,train
46494,train
46495,train
46496,train
46497,train
46498,train
46499,train
46500,train
46501,train
46502,train
46503,train
46504,validation
46505,validation
46506,train
46507,train
46508,train
46509,validation
46510,validation
46511,train
46512,train
46513,train
46514,train
46515,train
46516,train
46517,train
46518,validation
46519,train
46520,train
46521,train
46522,train
46523,validation
46524,validation
46525,validation
46526,train
46527,validation
46528,train
46529,train
46530,train
46531,train
46532,train
46533,train
46534,train
46535,train
46536,train
46537,train
46538,train
46539,validation
46540,train
46541,train
46542,train
46543,validation
46544,train
46545,train
46546,validation
46547,train
46548,validation
46549,train
46550,validation
46551,train
46552,train
46553,train
46554,train
46555,train
46556,train
46557,train
46558,validation
46559,validation
46560,train
46561,validation
46562,train
46563,train
46564,validation
46565,train
46566,train
46567,train
46568,train
46569,train
46570,train
46571,validation
46572,train
46573,train
46574,train
46575,train
46576,train
46577,train
46578,train
46579,train
46580,train
46581,train
46582,train
46583,train
46584,train
46585,train
46586,validation
46587,train
46588,train
46589,train
46590,train
46591,train
46592,train
46593,train
46594,train
46595,train
46596,train
46597,train
46598,validation
46599,train
46600,train
46601,validation
46602,validation
46603,validation
46604,train
46605,train
46606,validation
46607,train
46608,train
46609,train
46610,train
46611,train
46612,train
46613,validation
46614,validation
46615,train
46616,validation
46617,train
46618,train
46619,validation
46620,train
46621,train
46622,train
46623,train
46624,train
46625,validation
46626,validation
46627,train
46628,train
46629,train
46630,train
46631,validation
46632,train
46633,train
46634,train
46635,train
46636,train
46637,train
46638,train
46639,validation
46640,train
46641,train
46642,train
46643,train
46644,train
46645,validation
46646,validation
46647,train
46648,train
46649,train
46650,train
46651,train
46652,train
46653,validation
46654,train
46655,train
46656,train
46657,train
46658,train
46659,train
46660,train
46661,train
46662,train
46663,train
46664,train
46665,train
46666,train
46667,train
46668,validation
46669,validation
46670,train
46671,validation
46672,train
46673,train
46674,validation
46675,train
46676,train
46677,train
46678,train
46679,train
46680,train
46681,train
46682,train
46683,train
46684,validation
46685,train
46686,validation
46687,validation
46688,train
46689,validation
46690,train
46691,train
46692,train
46693,train
46694,train
46695,train
46696,train
46697,train
46698,train
46699,train
46700,train
46701,train
46702,train
46703,train
46704,validation
46705,train
46706,train
46707,train
46708,train
46709,train
46710,validation
46711,train
46712,train
46713,train
46714,validation
46715,train
46716,train
46717,train
46718,train
46719,train
46720,validation
46721,train
46722,train
46723,train
46724,train
46725,train
46726,validation
46727,validation
46728,validation
46729,train
46730,train
46731,train
46732,train
46733,validation
46734,train
46735,train
46736,train
46737,train
46738,validation
46739,train
46740,train
46741,validation
46742,train
46743,train
46744,train
46745,train
46746,train
46747,train
46748,train
46749,validation
46750,validation
46751,train
46752,train
46753,train
46754,validation
46755,train
46756,train
46757,validation
46758,validation
46759,train
46760,train
46761,train
46762,train
46763,train
46764,train
46765,train
46766,train
46767,train
46768,train
46769,train
46770,train
46771,train
46772,train
46773,train
46774,validation
46775,train
46776,train
46777,validation
46778,train
46779,train
46780,train
46781,train
46782,validation
46783,train
46784,train
46785,validation
46786,validation
46787,train
46788,train
46789,train
46790,train
46791,validation
46792,train
46793,train
46794,train
46795,train
46796,train
46797,train
46798,train
46799,train
46800,train
46801,train
46802,validation
46803,train
46804,validation
46805,validation
46806,train
46807,train
46808,train
46809,train
46810,train
46811,train
46812,validation
46813,train
46814,train
46815,train
46816,validation
46817,train
46818,validation
46819,train
46820,train
46821,validation
46822,train
46823,train
46824,train
46825,train
46826,train
46827,train
46828,train
46829,validation
46830,train
46831,validation
46832,train
46833,train
46834,train
46835,train
46836,train
46837,train
46838,train
46839,train
46840,train
46841,validation
46842,train
46843,train
46844,validation
46845,train
46846,train
46847,train
46848,train
46849,train
46850,train
46851,train
46852,train
46853,validation
46854,validation
46855,validation
46856,train
46857,train
46858,train
46859,train
46860,train
46861,train
46862,train
46863,train
46864,train
46865,train
46866,train
46867,train
46868,validation
46869,train
46870,validation
46871,train
46872,train
46873,train
46874,validation
46875,train
46876,train
46877,train
46878,train
46879,train
46880,validation
46881,train
46882,train
46883,train
46884,train
46885,train
46886,train
46887,train
46888,train
46889,train
46890,validation
46891,train
46892,validation
46893,train
46894,validation
46895,train
46896,train
46897,train
46898,train
46899,train
46900,train
46901,validation
46902,train
46903,train
46904,train
46905,train
46906,train
46907,validation
46908,validation
46909,validation
46910,train
46911,train
46912,validation
46913,train
46914,train
46915,train
46916,train
46917,validation
46918,train
46919,validation
46920,train
46921,validation
46922,validation
46923,train
46924,train
46925,train
46926,validation
46927,train
46928,train
46929,train
46930,train
46931,train
46932,train
46933,validation
46934,validation
46935,train
46936,train
46937,train
46938,train
46939,train
46940,train
46941,train
46942,train
46943,train
46944,train
46945,train
46946,train
46947,train
46948,train
46949,train
46950,validation
46951,train
46952,train
46953,validation
46954,validation
46955,train
46956,train
46957,train
46958,validation
46959,train
46960,train
46961,train
46962,validation
46963,train
46964,validation
46965,train
46966,train
46967,validation
46968,validation
46969,train
46970,validation
46971,train
46972,validation
46973,train
46974,train
46975,train
46976,train
46977,train
46978,train
46979,train
46980,train
46981,validation
46982,train
46983,train
46984,train
46985,train
46986,train
46987,validation
46988,validation
46989,train
46990,validation
46991,train
46992,train
46993,train
46994,validation
46995,train
46996,train
46997,train
46998,train
46999,train
47000,train
47001,validation
47002,train
47003,train
47004,train
47005,validation
47006,train
47007,train
47008,train
47009,train
47010,train
47011,train
47012,train
47013,train
47014,validation
47015,train
47016,train
47017,train
47018,train
47019,train
47020,train
47021,validation
47022,train
47023,train
47024,train
47025,train
47026,train
47027,validation
47028,train
47029,train
47030,train
47031,train
47032,train
47033,train
47034,train
47035,validation
47036,train
47037,train
47038,train
47039,train
47040,train
47041,train
47042,validation
47043,train
47044,train
47045,train
47046,train
47047,train
47048,train
47049,train
47050,train
47051,train
47052,validation
47053,train
47054,train
47055,train
47056,train
47057,train
47058,train
47059,train
47060,train
47061,train
47062,train
47063,train
47064,validation
47065,train
47066,train
47067,validation
47068,train
47069,train
47070,validation
47071,train
47072,train
47073,train
47074,train
47075,train
47076,train
47077,validation
47078,train
47079,validation
47080,train
47081,train
47082,validation
47083,train
47084,train
47085,train
47086,train
47087,validation
47088,train
47089,train
47090,train
47091,train
47092,train
47093,train
47094,train
47095,train
47096,train
47097,train
47098,validation
47099,train
47100,train
47101,train
47102,train
47103,train
47104,train
47105,train
47106,train
47107,validation
47108,train
47109,train
47110,train
47111,train
47112,validation
47113,train
47114,train
47115,train
47116,train
47117,train
47118,train
47119,train
47120,train
47121,train
47122,validation
47123,train
47124,train
47125,train
47126,validation
47127,train
47128,train
47129,train
47130,train
47131,validation
47132,train
47133,train
47134,train
47135,train
47136,train
47137,train
47138,train
47139,train
47140,train
47141,train
47142,train
47143,train
47144,validation
47145,train
47146,train
47147,train
47148,train
47149,train
47150,train
47151,train
47152,validation
47153,train
47154,train
47155,train
47156,train
47157,train
47158,validation
47159,train
47160,train
47161,validation
47162,validation
47163,train
47164,validation
47165,train
47166,train
47167,train
47168,validation
47169,validation
47170,train
47171,train
47172,validation
47173,validation
47174,train
47175,train
47176,train
47177,train
47178,train
47179,train
47180,validation
47181,train
47182,train
47183,train
47184,validation
47185,train
47186,train
47187,validation
47188,train
47189,train
47190,train
47191,train
47192,train
47193,train
47194,train
47195,train
47196,validation
47197,train
47198,validation
47199,train
47200,train
47201,train
47202,train
47203,train
47204,train
47205,validation
47206,train
47207,train
47208,train
47209,train
47210,train
47211,train
47212,train
47213,validation
47214,train
47215,train
47216,train
47217,validation
47218,train
47219,validation
47220,train
47221,validation
47222,train
47223,train
47224,validation
47225,train
47226,train
47227,validation
47228,validation
47229,train
47230,train
47231,train
47232,train
47233,train
47234,train
47235,train
47236,train
47237,train
47238,train
47239,train
47240,train
47241,train
47242,train
47243,validation
47244,train
47245,train
47246,train
47247,train
47248,train
47249,train
47250,train
47251,train
47252,train
47253,validation
47254,train
47255,train
47256,train
47257,train
47258,train
47259,validation
47260,train
47261,train
47262,train
47263,train
47264,validation
47265,validation
47266,train
47267,train
47268,train
47269,train
47270,train
47271,train
47272,validation
47273,validation
47274,validation
47275,train
47276,validation
47277,train
47278,train
47279,train
47280,train
47281,train
47282,train
47283,train
47284,train
47285,train
47286,validation
47287,train
47288,validation
47289,validation
47290,train
47291,train
47292,train
47293,train
47294,train
47295,train
47296,train
47297,train
47298,validation
47299,train
47300,train
47301,train
47302,train
47303,train
47304,validation
47305,train
47306,train
47307,train
47308,train
47309,train
47310,train
47311,train
47312,validation
47313,validation
47314,train
47315,train
47316,train
47317,train
47318,train
47319,validation
47320,train
47321,train
47322,train
47323,train
47324,train
47325,train
47326,train
47327,train
47328,train
47329,train
47330,train
47331,train
47332,validation
47333,train
47334,train
47335,train
47336,train
47337,train
47338,train
47339,train
47340,train
47341,train
47342,train
47343,train
47344,train
47345,train
47346,train
47347,train
47348,train
47349,train
47350,train
47351,train
47352,train
47353,train
47354,train
47355,train
47356,train
47357,validation
47358,train
47359,train
47360,train
47361,train
47362,train
47363,train
47364,train
47365,train
47366,train
47367,train
47368,train
47369,validation
47370,train
47371,validation
47372,train
47373,train
47374,validation
47375,train
47376,train
47377,train
47378,train
47379,train
47380,train
47381,train
47382,train
47383,train
47384,validation
47385,train
47386,validation
47387,train
47388,train
47389,train
47390,validation
47391,train
47392,train
47393,train
47394,validation
47395,train
47396,train
47397,train
47398,train
47399,validation
47400,validation
47401,train
47402,validation
47403,validation
47404,train
47405,train
47406,train
47407,train
47408,validation
47409,train
47410,validation
47411,validation
47412,train
47413,train
47414,train
47415,validation
47416,validation
47417,train
47418,train
47419,train
47420,train
47421,train
47422,validation
47423,train
47424,train
47425,validation
47426,train
47427,train
47428,train
47429,train
47430,train
47431,train
47432,train
47433,validation
47434,train
47435,train
47436,validation
47437,train
47438,train
47439,train
47440,train
47441,train
47442,train
47443,train
47444,train
47445,train
47446,train
47447,train
47448,train
47449,train
47450,validation
47451,validation
47452,train
47453,train
47454,train
47455,train
47456,validation
47457,validation
47458,train
47459,train
47460,validation
47461,validation
47462,train
47463,train
47464,train
47465,train
47466,validation
47467,train
47468,validation
47469,train
47470,validation
47471,train
47472,train
47473,validation
47474,validation
47475,train
47476,train
47477,train
47478,train
47479,train
47480,validation
47481,train
47482,train
47483,train
47484,train
47485,train
47486,train
47487,validation
47488,train
47489,validation
47490,train
47491,train
47492,train
47493,train
47494,train
47495,train
47496,train
47497,train
47498,train
47499,train
47500,validation
47501,train
47502,train
47503,train
47504,train
47505,validation
47506,train
47507,train
47508,train
47509,train
47510,validation
47511,train
47512,validation
47513,train
47514,train
47515,train
47516,train
47517,train
47518,train
47519,train
47520,train
47521,train
47522,train
47523,validation
47524,validation
47525,train
47526,train
47527,train
47528,validation
47529,train
47530,train
47531,validation
47532,validation
47533,validation
47534,train
47535,validation
47536,train
47537,train
47538,train
47539,train
47540,train
47541,train
47542,train
47543,train
47544,train
47545,train
47546,validation
47547,train
47548,train
47549,train
47550,train
47551,validation
47552,train
47553,train
47554,train
47555,validation
47556,validation
47557,train
47558,train
47559,train
47560,train
47561,train
47562,train
47563,train
47564,validation
47565,validation
47566,train
47567,train
47568,train
47569,train
47570,train
47571,validation
47572,train
47573,train
47574,train
47575,train
47576,train
47577,train
47578,train
47579,train
47580,validation
47581,train
47582,train
47583,train
47584,train
47585,train
47586,train
47587,train
47588,train
47589,train
47590,train
47591,train
47592,validation
47593,train
47594,train
47595,train
47596,validation
47597,validation
47598,train
47599,train
47600,validation
47601,train
47602,validation
47603,train
47604,train
47605,train
47606,train
47607,train
47608,validation
47609,validation
47610,train
47611,validation
47612,train
47613,train
47614,train
47615,train
47616,train
47617,train
47618,train
47619,train
47620,train
47621,train
47622,train
47623,train
47624,train
47625,train
47626,train
47627,train
47628,train
47629,train
47630,train
47631,train
47632,validation
47633,train
47634,train
47635,validation
47636,train
47637,train
47638,train
47639,validation
47640,validation
47641,train
47642,train
47643,train
47644,train
47645,train
47646,train
47647,train
47648,validation
47649,train
47650,validation
47651,validation
47652,train
47653,train
47654,validation
47655,train
47656,train
47657,train
47658,train
47659,train
47660,validation
47661,train
47662,train
47663,train
47664,train
47665,train
47666,train
47667,train
47668,validation
47669,train
47670,train
47671,train
47672,validation
47673,validation
47674,train
47675,validation
47676,train
47677,train
47678,train
47679,train
47680,train
47681,train
47682,train
47683,train
47684,train
47685,train
47686,validation
47687,train
47688,train
47689,validation
47690,train
47691,validation
47692,train
47693,validation
47694,train
47695,train
47696,train
47697,train
47698,train
47699,train
47700,train
47701,train
47702,train
47703,train
47704,train
47705,train
47706,train
47707,train
47708,train
47709,train
47710,train
47711,train
47712,train
47713,train
47714,train
47715,train
47716,train
47717,validation
47718,train
47719,train
47720,train
47721,validation
47722,train
47723,train
47724,validation
47725,train
47726,train
47727,train
47728,train
47729,train
47730,train
47731,train
47732,train
47733,train
47734,train
47735,train
47736,train
47737,train
47738,train
47739,train
47740,train
47741,train
47742,train
47743,train
47744,train
47745,train
47746,validation
47747,train
47748,train
47749,train
47750,train
47751,train
47752,train
47753,train
47754,train
47755,train
47756,train
47757,train
47758,validation
47759,train
47760,train
47761,train
47762,train
47763,train
47764,train
47765,train
47766,train
47767,train
47768,train
47769,validation
47770,train
47771,train
47772,train
47773,train
47774,train
47775,train
47776,train
47777,train
47778,validation
47779,validation
47780,validation
47781,train
47782,train
47783,train
47784,train
47785,train
47786,train
47787,train
47788,train
47789,train
47790,train
47791,train
47792,validation
47793,validation
47794,train
47795,train
47796,train
47797,train
47798,train
47799,validation
47800,train
47801,train
47802,train
47803,train
47804,train
47805,validation
47806,train
47807,train
47808,train
47809,train
47810,validation
47811,train
47812,train
47813,train
47814,validation
47815,train
47816,validation
47817,validation
47818,validation
47819,train
47820,train
47821,validation
47822,train
47823,validation
47824,train
47825,train
47826,train
47827,train
47828,train
47829,train
47830,train
47831,train
47832,train
47833,train
47834,validation
47835,train
47836,train
47837,train
47838,train
47839,train
47840,train
47841,validation
47842,train
47843,train
47844,validation
47845,validation
47846,train
47847,train
47848,train
47849,validation
47850,train
47851,train
47852,validation
47853,validation
47854,train
47855,train
47856,train
47857,train
47858,train
47859,train
47860,validation
47861,train
47862,train
47863,train
47864,train
47865,train
47866,train
47867,train
47868,train
47869,train
47870,train
47871,train
47872,train
47873,train
47874,validation
47875,train
47876,train
47877,train
47878,train
47879,validation
47880,train
47881,validation
47882,train
47883,train
47884,train
47885,train
47886,validation
47887,train
47888,train
47889,train
47890,train
47891,train
47892,validation
47893,train
47894,train
47895,train
47896,train
47897,train
47898,train
47899,train
47900,validation
47901,train
47902,validation
47903,train
47904,train
47905,train
47906,validation
47907,train
47908,train
47909,validation
47910,train
47911,train
47912,validation
47913,train
47914,train
47915,train
47916,validation
47917,train
47918,train
47919,train
47920,train
47921,train
47922,train
47923,validation
47924,train
47925,train
47926,validation
47927,train
47928,train
47929,train
47930,train
47931,train
47932,train
47933,train
47934,validation
47935,train
47936,train
47937,train
47938,validation
47939,validation
47940,train
47941,train
47942,train
47943,train
47944,train
47945,train
47946,train
47947,train
47948,train
47949,train
47950,train
47951,train
47952,train
47953,train
47954,train
47955,train
47956,train
47957,validation
47958,train
47959,train
47960,validation
47961,train
47962,validation
47963,train
47964,train
47965,train
47966,validation
47967,validation
47968,train
47969,train
47970,train
47971,train
47972,train
47973,train
47974,validation
47975,train
47976,train
47977,validation
47978,train
47979,train
47980,train
47981,train
47982,validation
47983,validation
47984,validation
47985,train
47986,train
47987,train
47988,train
47989,train
47990,validation
47991,train
47992,validation
47993,validation
47994,train
47995,train
47996,train
47997,validation
47998,train
47999,validation
48000,train
48001,train
48002,train
48003,validation
48004,train
48005,train
48006,train
48007,train
48008,train
48009,train
48010,train
48011,validation
48012,train
48013,train
48014,validation
48015,train
48016,train
48017,train
48018,train
48019,train
48020,validation
48021,train
48022,validation
48023,train
48024,train
48025,train
48026,train
48027,train
48028,train
48029,train
48030,train
48031,train
48032,validation
48033,validation
48034,train
48035,train
48036,train
48037,train
48038,train
48039,train
48040,train
48041,train
48042,validation
48043,train
48044,train
48045,train
48046,train
48047,train
48048,train
48049,validation
48050,train
48051,train
48052,train
48053,train
48054,train
48055,train
48056,train
48057,train
48058,validation
48059,train
48060,train
48061,validation
48062,train
48063,train
48064,validation
48065,train
48066,train
48067,train
48068,train
48069,train
48070,train
48071,train
48072,train
48073,train
48074,train
48075,train
48076,validation
48077,validation
48078,train
48079,train
48080,train
48081,train
48082,train
48083,validation
48084,train
48085,train
48086,validation
48087,train
48088,train
48089,train
48090,train
48091,train
48092,train
48093,train
48094,train
48095,train
48096,train
48097,train
48098,train
48099,train
48100,train
48101,train
48102,train
48103,validation
48104,train
48105,train
48106,train
48107,train
48108,train
48109,train
48110,train
48111,validation
48112,validation
48113,train
48114,train
48115,validation
48116,train
48117,train
48118,train
48119,train
48120,train
48121,train
48122,validation
48123,train
48124,validation
48125,validation
48126,train
48127,train
48128,validation
48129,validation
48130,train
48131,train
48132,train
48133,train
48134,train
48135,validation
48136,validation
48137,train
48138,train
48139,train
48140,train
48141,validation
48142,train
48143,train
48144,train
48145,train
48146,train
48147,train
48148,train
48149,train
48150,train
48151,train
48152,validation
48153,train
48154,validation
48155,train
48156,train
48157,train
48158,train
48159,validation
48160,train
48161,train
48162,validation
48163,train
48164,train
48165,validation
48166,train
48167,train
48168,validation
48169,train
48170,validation
48171,train
48172,train
48173,train
48174,train
48175,train
48176,train
48177,validation
48178,train
48179,validation
48180,train
48181,validation
48182,train
48183,validation
48184,train
48185,validation
48186,train
48187,validation
48188,train
48189,train
48190,validation
48191,validation
48192,validation
48193,train
48194,validation
48195,train
48196,train
48197,validation
48198,validation
48199,train
48200,train
48201,train
48202,train
48203,train
48204,train
48205,train
48206,train
48207,train
48208,validation
48209,train
48210,train
48211,train
48212,train
48213,validation
48214,validation
48215,train
48216,train
48217,train
48218,train
48219,train
48220,train
48221,train
48222,train
48223,train
48224,train
48225,train
48226,train
48227,train
48228,train
48229,train
48230,train
48231,train
48232,validation
48233,train
48234,train
48235,validation
48236,train
48237,train
48238,validation
48239,train
48240,train
48241,validation
48242,train
48243,train
48244,validation
48245,train
48246,train
48247,train
48248,train
48249,train
48250,train
48251,train
48252,train
48253,train
48254,train
48255,train
48256,train
48257,train
48258,train
48259,train
48260,train
48261,train
48262,train
48263,train
48264,train
48265,validation
48266,validation
48267,train
48268,train
48269,train
48270,train
48271,train
48272,train
48273,validation
48274,validation
48275,train
48276,train
48277,train
48278,train
48279,train
48280,train
48281,train
48282,validation
48283,train
48284,train
48285,train
48286,train
48287,train
48288,train
48289,train
48290,train
48291,train
48292,validation
48293,validation
48294,train
48295,train
48296,train
48297,train
48298,train
48299,train
48300,train
48301,train
48302,train
48303,train
48304,train
48305,validation
48306,validation
48307,train
48308,train
48309,validation
48310,train
48311,train
48312,train
48313,train
48314,train
48315,train
48316,train
48317,train
48318,train
48319,train
48320,train
48321,train
48322,train
48323,train
48324,train
48325,train
48326,train
48327,train
48328,train
48329,train
48330,train
48331,train
48332,train
48333,train
48334,train
48335,train
48336,train
48337,validation
48338,train
48339,train
48340,validation
48341,train
48342,train
48343,train
48344,validation
48345,train
48346,train
48347,train
48348,train
48349,train
48350,train
48351,train
48352,train
48353,train
48354,validation
48355,train
48356,train
48357,validation
48358,train
48359,train
48360,train
48361,validation
48362,train
48363,train
48364,train
48365,train
48366,train
48367,validation
48368,train
48369,train
48370,validation
48371,train
48372,train
48373,validation
48374,train
48375,train
48376,train
48377,train
48378,train
48379,validation
48380,train
48381,train
48382,validation
48383,train
48384,train
48385,validation
48386,train
48387,train
48388,train
48389,train
48390,validation
48391,validation
48392,train
48393,train
48394,train
48395,train
48396,train
48397,train
48398,train
48399,validation
48400,train
48401,train
48402,train
48403,validation
48404,validation
48405,train
48406,train
48407,train
48408,train
48409,train
48410,train
48411,train
48412,validation
48413,train
48414,train
48415,validation
48416,train
48417,train
48418,train
48419,validation
48420,validation
48421,train
48422,train
48423,train
48424,validation
48425,train
48426,train
48427,train
48428,train
48429,train
48430,train
48431,validation
48432,train
48433,validation
48434,train
48435,train
48436,train
48437,train
48438,train
48439,train
48440,train
48441,train
48442,validation
48443,train
48444,train
48445,validation
48446,validation
48447,validation
48448,train
48449,train
48450,train
48451,train
48452,validation
48453,train
48454,train
48455,train
48456,validation
48457,train
48458,train
48459,train
48460,train
48461,train
48462,train
48463,validation
48464,train
48465,train
48466,train
48467,train
48468,train
48469,train
48470,train
48471,train
48472,train
48473,train
48474,train
48475,train
48476,train
48477,train
48478,train
48479,train
48480,train
48481,train
48482,validation
48483,train
48484,train
48485,train
48486,train
48487,train
48488,train
48489,train
48490,validation
48491,validation
48492,validation
48493,train
48494,train
48495,validation
48496,validation
48497,train
48498,train
48499,train
48500,train
48501,validation
48502,train
48503,validation
48504,validation
48505,train
48506,train
48507,train
48508,train
48509,train
48510,validation
48511,train
48512,train
48513,train
48514,train
48515,validation
48516,train
48517,train
48518,train
48519,train
48520,validation
48521,train
48522,validation
48523,train
48524,train
48525,train
48526,train
48527,validation
48528,train
48529,train
48530,validation
48531,train
48532,train
48533,validation
48534,validation
48535,train
48536,train
48537,train
48538,train
48539,validation
48540,validation
48541,validation
48542,train
48543,validation
48544,validation
48545,train
48546,validation
48547,train
48548,train
48549,train
48550,validation
48551,train
48552,train
48553,train
48554,validation
48555,train
48556,train
48557,train
48558,validation
48559,train
48560,validation
48561,train
48562,train
48563,validation
48564,train
48565,train
48566,train
48567,train
48568,train
48569,train
48570,train
48571,train
48572,train
48573,train
48574,validation
48575,train
48576,train
48577,train
48578,train
48579,train
48580,train
48581,train
48582,train
48583,train
48584,train
48585,train
48586,train
48587,train
48588,train
48589,train
48590,train
48591,train
48592,train
48593,train
48594,train
48595,train
48596,validation
48597,validation
48598,train
48599,validation
48600,train
48601,train
48602,train
48603,validation
48604,train
48605,train
48606,train
48607,train
48608,train
48609,train
48610,train
48611,train
48612,train
48613,train
48614,validation
48615,validation
48616,train
48617,train
48618,validation
48619,validation
48620,train
48621,validation
48622,validation
48623,validation
48624,train
48625,train
48626,train
48627,train
48628,validation
48629,validation
48630,train
48631,train
48632,train
48633,train
48634,validation
48635,train
48636,train
48637,train
48638,train
48639,train
48640,validation
48641,train
48642,train
48643,train
48644,train
48645,train
48646,train
48647,train
48648,train
48649,validation
48650,train
48651,train
48652,train
48653,train
48654,train
48655,train
48656,train
48657,train
48658,validation
48659,train
48660,validation
48661,validation
48662,train
48663,train
48664,train
48665,train
48666,train
48667,validation
48668,train
48669,train
48670,validation
48671,train
48672,validation
48673,train
48674,train
48675,train
48676,train
48677,train
48678,train
48679,train
48680,train
48681,validation
48682,train
48683,train
48684,train
48685,train
48686,train
48687,train
48688,train
48689,train
48690,train
48691,train
48692,train
48693,train
48694,train
48695,validation
48696,train
48697,validation
48698,validation
48699,train
48700,train
48701,train
48702,validation
48703,train
48704,train
48705,train
48706,train
48707,train
48708,validation
48709,train
48710,validation
48711,train
48712,train
48713,train
48714,train
48715,validation
48716,train
48717,train
48718,train
48719,train
48720,train
48721,validation
48722,train
48723,train
48724,validation
48725,train
48726,train
48727,validation
48728,train
48729,train
48730,train
48731,train
48732,train
48733,validation
48734,validation
48735,train
48736,train
48737,train
48738,train
48739,validation
48740,train
48741,validation
48742,train
48743,train
48744,train
48745,train
48746,train
48747,train
48748,train
48749,train
48750,validation
48751,train
48752,train
48753,train
48754,train
48755,train
48756,train
48757,train
48758,train
48759,train
48760,train
48761,validation
48762,train
48763,train
48764,train
48765,train
48766,train
48767,validation
48768,train
48769,train
48770,train
48771,train
48772,validation
48773,train
48774,train
48775,train
48776,train
48777,train
48778,train
48779,train
48780,train
48781,train
48782,train
48783,train
48784,validation
48785,train
48786,train
48787,train
48788,validation
48789,validation
48790,train
48791,validation
48792,train
48793,train
48794,validation
48795,train
48796,validation
48797,validation
48798,train
48799,train
48800,train
48801,train
48802,train
48803,train
48804,train
48805,validation
48806,train
48807,train
48808,validation
48809,train
48810,validation
48811,train
48812,train
48813,train
48814,train
48815,train
48816,train
48817,validation
48818,train
48819,train
48820,train
48821,train
48822,train
48823,train
48824,train
48825,train
48826,train
48827,train
48828,train
48829,validation
48830,train
48831,train
48832,train
48833,train
48834,validation
48835,train
48836,train
48837,train
48838,train
48839,train
48840,train
48841,train
48842,train
48843,train
48844,train
48845,validation
48846,train
48847,train
48848,train
48849,train
48850,validation
48851,train
48852,train
48853,validation
48854,validation
48855,train
48856,train
48857,train
48858,train
48859,train
48860,train
48861,train
48862,train
48863,train
48864,train
48865,validation
48866,train
48867,train
48868,train
48869,train
48870,train
48871,train
48872,validation
48873,validation
48874,train
48875,train
48876,validation
48877,train
48878,train
48879,train
48880,train
48881,train
48882,validation
48883,train
48884,train
48885,train
48886,train
48887,validation
48888,train
48889,train
48890,train
48891,train
48892,validation
48893,validation
48894,train
48895,train
48896,train
48897,train
48898,validation
48899,train
48900,train
48901,train
48902,train
48903,train
48904,train
48905,train
48906,train
48907,train
48908,train
48909,train
48910,train
48911,train
48912,train
48913,validation
48914,train
48915,validation
48916,train
48917,train
48918,train
48919,train
48920,train
48921,train
48922,train
48923,train
48924,train
48925,validation
48926,validation
48927,train
48928,validation
48929,train
48930,train
48931,train
48932,train
48933,validation
48934,train
48935,train
48936,train
48937,validation
48938,validation
48939,train
48940,train
48941,validation
48942,train
48943,train
48944,validation
48945,train
48946,train
48947,train
48948,validation
48949,validation
48950,train
48951,train
48952,validation
48953,train
48954,train
48955,train
48956,validation
48957,train
48958,train
48959,train
48960,validation
48961,train
48962,train
48963,train
48964,validation
48965,train
48966,validation
48967,train
48968,train
48969,train
48970,train
48971,train
48972,train
48973,train
48974,validation
48975,validation
48976,validation
48977,train
48978,train
48979,train
48980,validation
48981,validation
48982,validation
48983,train
48984,train
48985,train
48986,train
48987,train
48988,train
48989,train
48990,validation
48991,train
48992,validation
48993,train
48994,train
48995,train
48996,validation
48997,train
48998,train
48999,train
49000,train
49001,validation
49002,train
49003,validation
49004,train
49005,train
49006,train
49007,validation
49008,train
49009,train
49010,validation
49011,train
49012,train
49013,train
49014,train
49015,train
49016,train
49017,train
49018,train
49019,validation
49020,train
49021,train
49022,train
49023,train
49024,train
49025,train
49026,train
49027,train
49028,train
49029,validation
49030,train
49031,train
49032,train
49033,train
49034,train
49035,train
49036,train
49037,train
49038,train
49039,train
49040,train
49041,train
49042,train
49043,train
49044,train
49045,train
49046,validation
49047,validation
49048,train
49049,train
49050,validation
49051,train
49052,validation
49053,train
49054,validation
49055,train
49056,train
49057,train
49058,train
49059,validation
49060,validation
49061,validation
49062,train
49063,train
49064,train
49065,train
49066,validation
49067,train
49068,train
49069,train
49070,validation
49071,train
49072,validation
49073,train
49074,train
49075,validation
49076,train
49077,train
49078,train
49079,train
49080,train
49081,train
49082,validation
49083,validation
49084,train
49085,train
49086,train
49087,train
49088,train
49089,train
49090,train
49091,train
49092,train
49093,train
49094,train
49095,train
49096,train
49097,validation
49098,train
49099,train
49100,train
49101,train
49102,train
49103,validation
49104,validation
49105,train
49106,train
49107,train
49108,train
49109,validation
49110,train
49111,train
49112,validation
49113,train
49114,train
49115,train
49116,train
49117,validation
49118,train
49119,train
49120,train
49121,train
49122,validation
49123,train
49124,train
49125,train
49126,train
49127,train
49128,train
49129,train
49130,train
49131,train
49132,train
49133,train
49134,validation
49135,train
49136,train
49137,train
49138,validation
49139,validation
49140,train
49141,train
49142,validation
49143,train
49144,train
49145,train
49146,train
49147,validation
49148,train
49149,validation
49150,train
49151,validation
49152,train
49153,validation
49154,validation
49155,train
49156,train
49157,train
49158,validation
49159,train
49160,train
49161,train
49162,train
49163,train
49164,train
49165,validation
49166,train
49167,validation
49168,validation
49169,train
49170,train
49171,train
49172,train
49173,train
49174,validation
49175,train
49176,validation
49177,train
49178,train
49179,train
49180,train
49181,train
49182,train
49183,train
49184,train
49185,train
49186,train
49187,train
49188,validation
49189,train
49190,train
49191,validation
49192,train
49193,train
49194,train
49195,train
49196,train
49197,train
49198,train
49199,train
49200,train
49201,train
49202,train
49203,train
49204,train
49205,train
49206,train
49207,train
49208,validation
49209,train
49210,train
49211,train
49212,train
49213,train
49214,train
49215,train
49216,train
49217,train
49218,validation
49219,validation
49220,validation
49221,validation
49222,validation
49223,train
49224,validation
49225,validation
49226,train
49227,train
49228,train
49229,train
49230,train
49231,train
49232,validation
49233,train
49234,validation
49235,train
49236,train
49237,train
49238,train
49239,train
49240,train
49241,train
49242,validation
49243,train
49244,train
49245,train
49246,train
49247,train
49248,validation
49249,train
49250,train
49251,validation
49252,train
49253,train
49254,train
49255,train
49256,train
49257,train
49258,train
49259,train
49260,train
49261,train
49262,train
49263,validation
49264,train
49265,train
49266,train
49267,train
49268,train
49269,train
49270,validation
49271,train
49272,train
49273,train
49274,train
49275,train
49276,validation
49277,train
49278,train
49279,train
49280,train
49281,train
49282,train
49283,train
49284,train
49285,train
49286,train
49287,train
49288,train
49289,train
49290,validation
49291,train
49292,validation
49293,validation
49294,train
49295,train
49296,train
49297,train
49298,train
49299,train
49300,train
49301,train
49302,validation
49303,train
49304,train
49305,validation
49306,train
49307,train
49308,train
49309,train
49310,train
49311,train
49312,validation
49313,validation
49314,validation
49315,train
49316,train
49317,train
49318,train
49319,train
49320,train
49321,train
49322,train
49323,train
49324,train
49325,train
49326,train
49327,train
49328,train
49329,train
49330,validation
49331,train
49332,train
49333,train
49334,train
49335,train
49336,train
49337,train
49338,train
49339,train
49340,train
49341,train
49342,validation
49343,train
49344,train
49345,train
49346,train
49347,train
49348,train
49349,train
49350,train
49351,validation
49352,train
49353,train
49354,train
49355,train
49356,train
49357,validation
49358,train
49359,validation
49360,train
49361,validation
49362,train
49363,train
49364,train
49365,train
49366,train
49367,train
49368,train
49369,train
49370,validation
49371,validation
49372,train
49373,train
49374,validation
49375,validation
49376,train
49377,validation
49378,train
49379,train
49380,train
49381,train
49382,train
49383,train
49384,train
49385,validation
49386,validation
49387,train
49388,train
49389,train
49390,train
49391,train
49392,train
49393,train
49394,train
49395,train
49396,train
49397,train
49398,train
49399,train
49400,train
49401,validation
49402,train
49403,train
49404,train
49405,train
49406,train
49407,train
49408,train
49409,train
49410,train
49411,train
49412,train
49413,train
49414,train
49415,train
49416,train
49417,train
49418,train
49419,train
49420,train
49421,validation
49422,validation
49423,train
49424,train
49425,train
49426,train
49427,validation
49428,train
49429,train
49430,validation
49431,train
49432,train
49433,train
49434,validation
49435,train
49436,train
49437,train
49438,train
49439,validation
49440,train
49441,train
49442,train
49443,train
49444,validation
49445,train
49446,train
49447,train
49448,validation
49449,train
49450,train
49451,train
49452,train
49453,train
49454,validation
49455,validation
49456,train
49457,validation
49458,train
49459,validation
49460,train
49461,train
49462,train
49463,train
49464,validation
49465,train
49466,train
49467,train
49468,train
49469,validation
49470,train
49471,validation
49472,train
49473,train
49474,train
49475,train
49476,validation
49477,validation
49478,validation
49479,train
49480,train
49481,train
49482,train
49483,train
49484,train
49485,validation
49486,validation
49487,train
49488,train
49489,train
49490,validation
49491,train
49492,train
49493,train
49494,validation
49495,train
49496,train
49497,validation
49498,train
49499,train
49500,train
49501,train
49502,train
49503,train
49504,train
49505,train
49506,validation
49507,train
49508,train
49509,train
49510,train
49511,validation
49512,train
49513,train
49514,train
49515,validation
49516,validation
49517,validation
49518,train
49519,train
49520,train
49521,validation
49522,train
49523,validation
49524,train
49525,validation
49526,validation
49527,validation
49528,train
49529,train
49530,train
49531,train
49532,train
49533,train
49534,train
49535,train
49536,train
49537,validation
49538,train
49539,train
49540,train
49541,train
49542,validation
49543,train
49544,train
49545,validation
49546,validation
49547,validation
49548,train
49549,train
49550,train
49551,train
49552,train
49553,train
49554,validation
49555,validation
49556,train
49557,train
49558,train
49559,train
49560,train
49561,train
49562,train
49563,validation
49564,train
49565,train
49566,train
49567,train
49568,validation
49569,train
49570,train
49571,train
49572,train
49573,train
49574,train
49575,train
49576,train
49577,train
49578,train
49579,train
49580,train
49581,train
49582,train
49583,validation
49584,train
49585,train
49586,train
49587,train
49588,train
49589,train
49590,train
49591,train
49592,train
49593,train
49594,train
49595,train
49596,train
49597,train
49598,train
49599,train
49600,train
49601,train
49602,train
49603,train
49604,train
49605,train
49606,train
49607,train
49608,train
49609,validation
49610,train
49611,train
49612,train
49613,train
49614,train
49615,train
49616,train
49617,train
49618,validation
49619,train
49620,train
49621,train
49622,train
49623,train
49624,train
49625,train
49626,train
49627,train
49628,validation
49629,train
49630,train
49631,train
49632,train
49633,train
49634,train
49635,train
49636,train
49637,train
49638,train
49639,validation
49640,train
49641,train
49642,validation
49643,train
49644,train
49645,train
49646,train
49647,train
49648,train
49649,train
49650,train
49651,train
49652,validation
49653,train
49654,validation
49655,validation
49656,train
49657,train
49658,train
49659,train
49660,train
49661,train
49662,train
49663,train
49664,validation
49665,train
49666,train
49667,train
49668,validation
49669,train
49670,train
49671,train
49672,train
49673,train
49674,train
49675,train
49676,train
49677,train
49678,validation
49679,train
49680,train
49681,validation
49682,train
49683,validation
49684,train
49685,train
49686,train
49687,train
49688,train
49689,train
49690,train
49691,train
49692,train
49693,train
49694,train
49695,validation
49696,train
49697,train
49698,train
49699,validation
49700,train
49701,train
49702,train
49703,train
49704,validation
49705,train
49706,validation
49707,train
49708,train
49709,train
49710,train
49711,validation
49712,train
49713,train
49714,validation
49715,train
49716,validation
49717,validation
49718,validation
49719,train
49720,validation
49721,train
49722,train
49723,train
49724,train
49725,train
49726,train
49727,train
49728,train
49729,validation
49730,train
49731,train
49732,train
49733,train
49734,validation
49735,train
49736,train
49737,train
49738,train
49739,validation
49740,train
49741,train
49742,train
49743,train
49744,train
49745,train
49746,validation
49747,train
49748,train
49749,train
49750,validation
49751,train
49752,train
49753,train
49754,train
49755,train
49756,train
49757,train
49758,train
49759,validation
49760,train
49761,train
49762,validation
49763,train
49764,train
49765,train
49766,train
49767,train
49768,train
49769,train
49770,train
49771,validation
49772,train
49773,train
49774,train
49775,train
49776,train
49777,train
49778,train
49779,train
49780,train
49781,train
49782,validation
49783,train
49784,train
49785,validation
49786,train
49787,train
49788,train
49789,validation
49790,train
49791,train
49792,validation
49793,train
49794,train
49795,train
49796,validation
49797,train
49798,validation
49799,train
49800,train
49801,train
49802,train
49803,train
49804,validation
49805,train
49806,train
49807,train
49808,train
49809,train
49810,train
49811,train
49812,train
49813,validation
49814,train
49815,train
49816,validation
49817,train
49818,train
49819,train
49820,train
49821,train
49822,train
49823,train
49824,train
49825,train
49826,validation
49827,train
49828,validation
49829,train
49830,validation
49831,train
49832,validation
49833,validation
49834,train
49835,train
49836,train
49837,validation
49838,train
49839,train
49840,train
49841,train
49842,train
49843,validation
49844,train
49845,train
49846,train
49847,train
49848,train
49849,validation
49850,train
49851,train
49852,train
49853,train
49854,train
49855,train
49856,train
49857,train
49858,train
49859,train
49860,train
49861,validation
49862,train
49863,train
49864,train
49865,train
49866,validation
49867,train
49868,train
49869,train
49870,train
49871,train
49872,train
49873,train
49874,train
49875,validation
49876,train
49877,train
49878,train
49879,train
49880,train
49881,train
49882,train
49883,train
49884,train
49885,train
49886,train
49887,train
49888,train
49889,train
49890,validation
49891,train
49892,train
49893,validation
49894,train
49895,train
49896,validation
49897,train
49898,train
49899,train
49900,validation
49901,train
49902,train
49903,train
49904,train
49905,train
49906,train
49907,train
49908,train
49909,train
49910,train
49911,train
49912,train
49913,train
49914,train
49915,train
49916,train
49917,train
49918,train
49919,validation
49920,validation
49921,train
49922,validation
49923,train
49924,train
49925,train
49926,train
49927,train
49928,train
49929,train
49930,train
49931,train
49932,train
49933,train
49934,train
49935,train
49936,train
49937,train
49938,train
49939,validation
49940,validation
49941,train
49942,validation
49943,validation
49944,train
49945,validation
49946,train
49947,train
49948,train
49949,train
49950,train
49951,train
49952,train
49953,train
49954,validation
49955,train
49956,train
49957,validation
49958,train
49959,train
49960,validation
49961,train
49962,train
49963,train
49964,train
49965,train
49966,train
49967,train
49968,train
49969,validation
49970,validation
49971,validation
49972,train
49973,train
49974,train
49975,validation
49976,train
49977,train
49978,validation
49979,train
49980,train
49981,train
49982,train
49983,train
49984,train
49985,train
49986,train
49987,validation
49988,validation
49989,train
49990,train
49991,validation
49992,validation
49993,train
49994,train
49995,train
49996,train
49997,train
49998,train
49999,train
50000,train
50001,train
50002,train
50003,validation
50004,train
50005,train
50006,train
50007,train
50008,train
50009,validation
50010,train
50011,train
50012,train
50013,train
50014,train
50015,validation
50016,validation
50017,train
50018,validation
50019,train
50020,train
50021,train
50022,train
50023,validation
50024,train
50025,train
50026,train
50027,validation
50028,validation
50029,train
50030,train
50031,train
50032,train
50033,train
50034,train
50035,train
50036,train
50037,train
50038,train
50039,train
50040,train
50041,train
50042,train
50043,train
50044,validation
50045,train
50046,validation
50047,validation
50048,train
50049,validation
50050,train
50051,train
50052,train
50053,train
50054,train
50055,train
50056,train
50057,validation
50058,train
50059,train
50060,train
50061,train
50062,train
50063,train
50064,train
50065,validation
50066,train
50067,train
50068,train
50069,train
50070,train
50071,train
50072,train
50073,train
50074,train
50075,train
50076,train
50077,train
50078,train
50079,train
50080,train
50081,train
50082,train
50083,train
50084,validation
50085,train
50086,train
50087,train
50088,train
50089,train
50090,train
50091,validation
50092,train
50093,train
50094,train
50095,train
50096,train
50097,train
50098,train
50099,train
50100,train
50101,train
50102,train
50103,train
50104,train
50105,validation
50106,train
50107,train
50108,train
50109,train
50110,train
50111,validation
50112,train
50113,train
50114,train
50115,train
50116,train
50117,validation
50118,train
50119,train
50120,train
50121,train
50122,train
50123,validation
50124,validation
50125,train
50126,train
50127,train
50128,train
50129,train
50130,train
50131,train
50132,train
50133,validation
50134,train
50135,train
50136,train
50137,train
50138,train
50139,train
50140,train
50141,train
50142,train
50143,train
50144,train
50145,validation
50146,validation
50147,train
50148,train
50149,train
50150,train
50151,train
50152,train
50153,train
50154,train
50155,train
50156,train
50157,train
50158,train
50159,train
50160,train
50161,validation
50162,train
50163,train
50164,train
50165,train
50166,validation
50167,train
50168,train
50169,train
50170,train
50171,train
50172,train
50173,validation
50174,train
50175,validation
50176,train
50177,train
50178,train
50179,validation
50180,train
50181,train
50182,train
50183,validation
50184,train
50185,train
50186,train
50187,train
50188,validation
50189,train
50190,train
50191,validation
50192,train
50193,train
50194,train
50195,train
50196,validation
50197,validation
50198,train
50199,train
50200,validation
50201,train
50202,train
50203,train
50204,train
50205,train
50206,train
50207,train
50208,train
50209,train
50210,train
50211,train
50212,train
50213,train
50214,train
50215,validation
50216,train
50217,train
50218,train
50219,validation
50220,validation
50221,train
50222,validation
50223,train
50224,validation
50225,train
50226,train
50227,train
50228,validation
50229,train
50230,train
50231,train
50232,train
50233,validation
50234,train
50235,validation
50236,train
50237,train
50238,train
50239,train
50240,train
50241,train
50242,train
50243,train
50244,train
50245,validation
50246,train
50247,train
50248,train
50249,train
50250,train
50251,train
50252,train
50253,train
50254,train
50255,train
50256,train
50257,train
50258,train
50259,train
50260,train
50261,validation
50262,validation
50263,train
50264,validation
50265,train
50266,train
50267,train
50268,validation
50269,validation
50270,train
50271,train
50272,train
50273,train
50274,train
50275,train
50276,train
50277,train
50278,train
50279,train
50280,train
50281,train
50282,train
50283,train
50284,train
50285,train
50286,train
50287,train
50288,train
50289,train
50290,train
50291,train
50292,train
50293,train
50294,train
50295,validation
50296,train
50297,validation
50298,train
50299,train
50300,train
50301,train
50302,train
50303,train
50304,train
50305,validation
50306,train
50307,validation
50308,train
50309,train
50310,train
50311,validation
50312,train
50313,train
50314,train
50315,train
50316,train
50317,train
50318,train
50319,train
50320,validation
50321,train
50322,train
50323,train
50324,train
50325,validation
50326,train
50327,train
50328,train
50329,train
50330,validation
50331,train
50332,train
50333,train
50334,train
50335,train
50336,train
50337,train
50338,train
50339,train
50340,validation
50341,train
50342,train
50343,validation
50344,train
50345,train
50346,validation
50347,train
50348,train
50349,train
50350,validation
50351,train
50352,train
50353,train
50354,validation
50355,validation
50356,train
50357,train
50358,train
50359,train
50360,train
50361,train
50362,validation
50363,train
50364,train
50365,train
50366,train
50367,train
50368,train
50369,train
50370,train
50371,train
50372,train
50373,train
50374,train
50375,train
50376,train
50377,train
50378,train
50379,train
50380,validation
50381,validation
50382,validation
50383,train
50384,validation
50385,train
50386,train
50387,train
50388,train
50389,train
50390,train
50391,train
50392,train
50393,train
50394,train
50395,train
50396,train
50397,train
50398,train
50399,train
50400,validation
50401,train
50402,validation
50403,train
50404,validation
50405,train
50406,validation
50407,validation
50408,train
50409,train
50410,train
50411,train
50412,validation
50413,train
50414,validation
50415,train
50416,validation
50417,train
50418,validation
50419,train
50420,validation
50421,train
50422,train
50423,train
50424,train
50425,validation
50426,train
50427,train
50428,validation
50429,train
50430,train
50431,train
50432,validation
50433,validation
50434,train
50435,train
50436,train
50437,train
50438,train
50439,train
50440,train
50441,train
50442,train
50443,train
50444,train
50445,train
50446,train
50447,train
50448,validation
50449,train
50450,train
50451,train
50452,train
50453,train
50454,train
50455,train
50456,validation
50457,train
50458,train
50459,validation
50460,validation
50461,train
50462,train
50463,validation
50464,train
50465,train
50466,train
50467,train
50468,validation
50469,train
50470,train
50471,train
50472,validation
50473,train
50474,train
50475,train
50476,validation
50477,train
50478,validation
50479,validation
50480,train
50481,train
50482,train
50483,train
50484,train
50485,train
50486,train
50487,train
50488,train
50489,train
50490,train
50491,train
50492,train
50493,train
50494,validation
50495,train
50496,train
50497,train
50498,train
50499,validation
50500,train
50501,train
50502,train
50503,train
50504,validation
50505,train
50506,train
50507,train
50508,validation
50509,train
50510,train
50511,train
50512,train
50513,validation
50514,train
50515,train
50516,validation
50517,validation
50518,train
50519,train
50520,train
50521,train
50522,validation
50523,validation
50524,train
50525,train
50526,train
50527,train
50528,train
50529,train
50530,validation
50531,train
50532,train
50533,train
50534,validation
50535,train
50536,train
50537,train
50538,validation
50539,train
50540,train
50541,train
50542,train
50543,train
50544,train
50545,validation
50546,train
50547,validation
50548,validation
50549,validation
50550,train
50551,train
50552,train
50553,train
50554,train
50555,validation
50556,train
50557,validation
50558,train
50559,train
50560,train
50561,validation
50562,train
50563,train
50564,train
50565,train
50566,validation
50567,train
50568,train
50569,validation
50570,train
50571,train
50572,train
50573,validation
50574,train
50575,train
50576,train
50577,train
50578,train
50579,train
50580,train
50581,train
50582,train
50583,train
50584,train
50585,train
50586,validation
50587,train
50588,train
50589,train
50590,train
50591,train
50592,train
50593,train
50594,train
50595,validation
50596,validation
50597,train
50598,train
50599,validation
50600,train
50601,train
50602,train
50603,train
50604,train
50605,train
50606,train
50607,train
50608,validation
50609,train
50610,train
50611,validation
50612,train
50613,train
50614,train
50615,validation
50616,validation
50617,train
50618,train
50619,train
50620,train
50621,train
50622,train
50623,validation
50624,train
50625,train
50626,train
50627,train
50628,train
50629,train
50630,train
50631,validation
50632,train
50633,validation
50634,train
50635,train
50636,train
50637,train
50638,train
50639,train
50640,train
50641,train
50642,train
50643,train
50644,train
50645,validation
50646,train
50647,train
50648,train
50649,validation
50650,train
50651,train
50652,train
50653,train
50654,train
50655,train
50656,validation
50657,train
50658,train
50659,train
50660,train
50661,train
50662,train
50663,train
50664,train
50665,train
50666,validation
50667,train
50668,train
50669,train
50670,train
50671,train
50672,train
50673,train
50674,train
50675,train
50676,train
50677,validation
50678,train
50679,train
50680,train
50681,validation
50682,train
50683,train
50684,train
50685,validation
50686,train
50687,validation
50688,train
50689,train
50690,train
50691,train
50692,train
50693,validation
50694,train
50695,train
50696,validation
50697,validation
50698,validation
50699,train
50700,validation
50701,train
50702,train
50703,train
50704,train
50705,train
50706,validation
50707,train
50708,validation
50709,train
50710,train
50711,train
50712,train
50713,train
50714,train
50715,train
50716,train
50717,train
50718,train
50719,train
50720,train
50721,train
50722,validation
50723,train
50724,train
50725,train
50726,train
50727,train
50728,train
50729,train
50730,train
50731,train
50732,train
50733,validation
50734,train
50735,train
50736,train
50737,train
50738,train
50739,train
50740,train
50741,train
50742,validation
50743,train
50744,train
50745,train
50746,validation
50747,validation
50748,train
50749,train
50750,train
50751,train
50752,train
50753,train
50754,train
50755,train
50756,train
50757,train
50758,train
50759,train
50760,train
50761,train
50762,train
50763,train
50764,train
50765,train
50766,train
50767,train
50768,train
50769,validation
50770,train
50771,train
50772,train
50773,train
50774,train
50775,validation
50776,validation
50777,train
50778,validation
50779,train
50780,train
50781,train
50782,train
50783,train
50784,validation
50785,train
50786,train
50787,train
50788,train
50789,train
50790,train
50791,train
50792,train
50793,train
50794,validation
50795,train
50796,train
50797,validation
50798,validation
50799,train
50800,train
50801,train
50802,train
50803,train
50804,train
50805,train
50806,validation
50807,train
50808,train
50809,train
50810,train
50811,train
50812,validation
50813,train
50814,train
50815,validation
50816,train
50817,validation
50818,validation
50819,train
50820,validation
50821,validation
50822,train
50823,train
50824,train
50825,train
50826,train
50827,train
50828,train
50829,train
50830,train
50831,train
50832,train
50833,train
50834,train
50835,train
50836,train
50837,train
50838,train
50839,validation
50840,train
50841,train
50842,validation
50843,train
50844,validation
50845,train
50846,train
50847,train
50848,validation
50849,train
50850,validation
50851,train
50852,train
50853,train
50854,train
50855,train
50856,train
50857,train
50858,train
50859,train
50860,validation
50861,validation
50862,train
50863,train
50864,train
50865,train
50866,train
50867,validation
50868,train
50869,train
50870,train
50871,train
50872,validation
50873,train
50874,train
50875,train
50876,train
50877,train
50878,validation
50879,train
50880,train
50881,train
50882,train
50883,train
50884,train
50885,train
50886,train
50887,train
50888,train
50889,train
50890,train
50891,train
50892,train
50893,validation
50894,validation
50895,train
50896,validation
50897,validation
50898,train
50899,train
50900,train
50901,train
50902,train
50903,train
50904,train
50905,train
50906,train
50907,train
50908,train
50909,validation
50910,train
50911,train
50912,train
50913,train
50914,train
50915,train
50916,train
50917,train
50918,validation
50919,train
50920,train
50921,train
50922,validation
50923,train
50924,validation
50925,train
50926,validation
50927,validation
50928,train
50929,train
50930,validation
50931,train
50932,train
50933,validation
50934,validation
50935,train
50936,train
50937,train
50938,validation
50939,train
50940,train
50941,train
50942,validation
50943,train
50944,train
50945,validation
50946,validation
50947,train
50948,train
50949,train
50950,train
50951,train
50952,train
50953,train
50954,validation
50955,validation
50956,train
50957,train
50958,validation
50959,train
50960,train
50961,train
50962,validation
50963,train
50964,validation
50965,train
50966,train
50967,train
50968,validation
50969,train
50970,train
50971,train
50972,train
50973,train
50974,validation
50975,validation
50976,train
50977,train
50978,validation
50979,train
50980,train
50981,train
50982,train
50983,validation
50984,train
50985,train
50986,train
50987,train
50988,train
50989,train
50990,train
50991,train
50992,train
50993,train
50994,train
50995,train
50996,train
50997,train
50998,train
50999,train
51000,train
51001,train
51002,train
51003,train
51004,train
51005,train
51006,validation
51007,train
51008,train
51009,train
51010,train
51011,validation
51012,validation
51013,train
51014,train
51015,train
51016,train
51017,train
51018,train
51019,train
51020,train
51021,train
51022,train
51023,train
51024,train
51025,train
51026,train
51027,train
51028,train
51029,train
51030,validation
51031,validation
51032,train
51033,validation
51034,validation
51035,train
51036,train
51037,validation
51038,validation
51039,train
51040,train
51041,train
51042,train
51043,train
51044,train
51045,validation
51046,train
51047,train
51048,train
51049,train
51050,train
51051,validation
51052,train
51053,validation
51054,train
51055,validation
51056,train
51057,train
51058,train
51059,train
51060,train
51061,validation
51062,train
51063,train
51064,train
51065,train
51066,train
51067,train
51068,train
51069,validation
51070,train
51071,train
51072,train
51073,train
51074,validation
51075,train
51076,train
51077,train
51078,train
51079,train
51080,train
51081,validation
51082,validation
51083,train
51084,train
51085,train
51086,train
51087,train
51088,train
51089,train
51090,train
51091,train
51092,validation
51093,train
51094,train
51095,train
51096,train
51097,train
51098,train
51099,train
51100,train
51101,train
51102,train
51103,train
51104,train
51105,train
51106,validation
51107,validation
51108,train
51109,validation
51110,train
51111,train
51112,train
51113,train
51114,train
51115,validation
51116,train
51117,train
51118,train
51119,train
51120,train
51121,train
51122,validation
51123,train
51124,train
51125,train
51126,train
51127,train
51128,train
51129,validation
51130,train
51131,train
51132,train
51133,train
51134,train
51135,validation
51136,validation
51137,train
51138,validation
51139,train
51140,train
51141,train
51142,train
51143,train
51144,train
51145,train
51146,train
51147,validation
51148,validation
51149,validation
51150,validation
51151,train
51152,train
51153,validation
51154,train
51155,train
51156,train
51157,train
51158,train
51159,validation
51160,train
51161,validation
51162,train
51163,train
51164,train
51165,train
51166,validation
51167,train
51168,train
51169,train
51170,train
51171,validation
51172,train
51173,train
51174,train
51175,train
51176,train
51177,train
51178,train
51179,train
51180,train
51181,validation
51182,validation
51183,train
51184,train
51185,train
51186,train
51187,validation
51188,train
51189,train
51190,validation
51191,validation
51192,train
51193,train
51194,train
51195,train
51196,train
51197,train
51198,train
51199,train
51200,train
51201,train
51202,validation
51203,train
51204,train
51205,train
51206,train
51207,train
51208,train
51209,train
51210,validation
51211,train
51212,train
51213,train
51214,train
51215,train
51216,validation
51217,train
51218,train
51219,train
51220,train
51221,train
51222,train
51223,train
51224,train
51225,train
51226,train
51227,train
51228,validation
51229,train
51230,train
51231,train
51232,train
51233,train
51234,train
51235,train
51236,train
51237,train
51238,train
51239,validation
51240,train
51241,train
51242,train
51243,validation
51244,train
51245,validation
51246,train
51247,train
51248,train
51249,train
51250,train
51251,validation
51252,train
51253,validation
51254,train
51255,train
51256,validation
51257,train
51258,train
51259,train
51260,train
51261,validation
51262,validation
51263,train
51264,train
51265,train
51266,train
51267,train
51268,train
51269,train
51270,validation
51271,train
51272,train
51273,train
51274,train
51275,train
51276,train
51277,validation
51278,train
51279,validation
51280,train
51281,train
51282,train
51283,train
51284,train
51285,train
51286,validation
51287,train
51288,validation
51289,validation
51290,train
51291,train
51292,validation
51293,validation
51294,train
51295,train
51296,train
51297,train
51298,train
51299,validation
51300,train
51301,train
51302,train
51303,validation
51304,train
51305,train
51306,validation
51307,train
51308,validation
51309,validation
51310,train
51311,train
51312,train
51313,validation
51314,train
51315,train
51316,train
51317,train
51318,train
51319,train
51320,train
51321,train
51322,train
51323,train
51324,train
51325,train
51326,validation
51327,train
51328,train
51329,train
51330,train
51331,train
51332,train
51333,validation
51334,train
51335,validation
51336,train
51337,train
51338,validation
51339,validation
51340,train
51341,validation
51342,validation
51343,train
51344,train
51345,train
51346,train
51347,validation
51348,train
51349,train
51350,validation
51351,train
51352,train
51353,train
51354,train
51355,train
51356,train
51357,train
51358,train
51359,train
51360,validation
51361,train
51362,train
51363,train
51364,train
51365,train
51366,train
51367,train
51368,train
51369,train
51370,train
51371,train
51372,train
51373,train
51374,train
51375,train
51376,train
51377,validation
51378,train
51379,train
51380,train
51381,validation
51382,train
51383,train
51384,train
51385,train
51386,train
51387,train
51388,train
51389,train
51390,train
51391,train
51392,train
51393,train
51394,train
51395,validation
51396,train
51397,train
51398,validation
51399,train
51400,train
51401,validation
51402,train
51403,train
51404,validation
51405,train
51406,train
51407,train
51408,train
51409,train
51410,train
51411,train
51412,train
51413,train
51414,train
51415,train
51416,train
51417,train
51418,train
51419,train
51420,train
51421,train
51422,train
51423,train
51424,validation
51425,train
51426,validation
51427,train
51428,validation
51429,train
51430,train
51431,train
51432,train
51433,train
51434,train
51435,validation
51436,train
51437,train
51438,train
51439,train
51440,validation
51441,validation
51442,train
51443,train
51444,train
51445,validation
51446,train
51447,train
51448,train
51449,train
51450,train
51451,train
51452,train
51453,train
51454,train
51455,train
51456,train
51457,train
51458,train
51459,train
51460,validation
51461,validation
51462,validation
51463,train
51464,train
51465,train
51466,train
51467,validation
51468,train
51469,train
51470,train
51471,train
51472,train
51473,train
51474,train
51475,train
51476,train
51477,train
51478,train
51479,train
51480,train
51481,train
51482,train
51483,train
51484,train
51485,validation
51486,train
51487,validation
51488,validation
51489,train
51490,train
51491,validation
51492,validation
51493,train
51494,validation
51495,train
51496,validation
51497,validation
51498,validation
51499,train
51500,train
51501,train
51502,train
51503,validation
51504,validation
51505,train
51506,train
51507,train
51508,train
51509,train
51510,train
51511,train
51512,validation
51513,train
51514,train
51515,train
51516,train
51517,validation
51518,validation
51519,train
51520,train
51521,train
51522,train
51523,train
51524,validation
51525,train
51526,train
51527,train
51528,validation
51529,train
51530,train
51531,train
51532,train
51533,train
51534,train
51535,train
51536,validation
51537,validation
51538,train
51539,validation
51540,train
51541,train
51542,train
51543,train
51544,validation
51545,train
51546,train
51547,train
51548,train
51549,train
51550,train
51551,train
51552,train
51553,train
51554,validation
51555,train
51556,train
51557,train
51558,train
51559,validation
51560,train
51561,train
51562,train
51563,validation
51564,train
51565,train
51566,train
51567,train
51568,validation
51569,validation
51570,train
51571,train
51572,train
51573,train
51574,validation
51575,train
51576,train
51577,train
51578,train
51579,train
51580,train
51581,validation
51582,train
51583,train
51584,train
51585,train
51586,validation
51587,validation
51588,train
51589,validation
51590,train
51591,train
51592,train
51593,train
51594,train
51595,validation
51596,train
51597,train
51598,train
51599,validation
51600,validation
51601,train
51602,train
51603,train
51604,train
51605,train
51606,validation
51607,train
51608,train
51609,validation
51610,validation
51611,train
51612,train
51613,validation
51614,train
51615,train
51616,validation
51617,train
51618,train
51619,train
51620,train
51621,train
51622,validation
51623,train
51624,train
51625,train
51626,train
51627,train
51628,train
51629,train
51630,train
51631,train
51632,train
51633,train
51634,validation
51635,train
51636,train
51637,train
51638,train
51639,train
51640,train
51641,train
51642,train
51643,train
51644,train
51645,train
51646,train
51647,train
51648,validation
51649,train
51650,train
51651,train
51652,train
51653,validation
51654,train
51655,validation
51656,train
51657,train
51658,train
51659,train
51660,train
51661,train
51662,train
51663,train
51664,train
51665,train
51666,train
51667,train
51668,train
51669,train
51670,validation
51671,train
51672,train
51673,train
51674,validation
51675,train
51676,train
51677,validation
51678,train
51679,train
51680,train
51681,train
51682,train
51683,train
51684,train
51685,train
51686,train
51687,train
51688,train
51689,validation
51690,validation
51691,train
51692,train
51693,train
51694,train
51695,train
51696,train
51697,train
51698,train
51699,validation
51700,train
51701,validation
51702,validation
51703,train
51704,train
51705,validation
51706,train
51707,train
51708,train
51709,validation
51710,train
51711,train
51712,validation
51713,train
51714,train
51715,validation
51716,train
51717,validation
51718,train
51719,validation
51720,train
51721,train
51722,train
51723,train
51724,train
51725,validation
51726,train
51727,train
51728,train
51729,train
51730,train
51731,train
51732,train
51733,train
51734,train
51735,train
51736,validation
51737,validation
51738,train
51739,validation
51740,train
51741,train
51742,train
51743,validation
51744,train
51745,train
51746,train
51747,validation
51748,validation
51749,validation
51750,train
51751,train
51752,train
51753,train
51754,train
51755,train
51756,train
51757,train
51758,train
51759,train
51760,train
51761,validation
51762,validation
51763,train
51764,train
51765,train
51766,train
51767,train
51768,train
51769,train
51770,train
51771,train
51772,train
51773,train
51774,train
51775,train
51776,train
51777,train
51778,train
51779,validation
51780,train
51781,train
51782,validation
51783,train
51784,train
51785,train
51786,train
51787,validation
51788,validation
51789,train
51790,train
51791,train
51792,train
51793,train
51794,validation
51795,train
51796,train
51797,train
51798,train
51799,train
51800,train
51801,train
51802,train
51803,train
51804,train
51805,train
51806,train
51807,train
51808,train
51809,validation
51810,train
51811,validation
51812,validation
51813,train
51814,train
51815,train
51816,train
51817,train
51818,train
51819,train
51820,train
51821,train
51822,train
51823,validation
51824,validation
51825,train
51826,train
51827,train
51828,validation
51829,train
51830,train
51831,train
51832,validation
51833,train
51834,validation
51835,train
51836,validation
51837,train
51838,train
51839,train
51840,validation
51841,train
51842,train
51843,validation
51844,train
51845,validation
51846,train
51847,train
51848,train
51849,train
51850,train
51851,validation
51852,train
51853,train
51854,validation
51855,train
51856,train
51857,train
51858,train
51859,train
51860,train
51861,train
51862,train
51863,train
51864,train
51865,train
51866,validation
51867,train
51868,train
51869,train
51870,validation
51871,train
51872,validation
51873,train
51874,train
51875,train
51876,train
51877,train
51878,train
51879,train
51880,train
51881,train
51882,train
51883,train
51884,train
51885,train
51886,train
51887,train
51888,train
51889,train
51890,train
51891,train
51892,train
51893,train
51894,train
51895,train
51896,train
51897,validation
51898,train
51899,train
51900,train
51901,train
51902,train
51903,train
51904,train
51905,train
51906,train
51907,train
51908,train
51909,validation
51910,train
51911,train
51912,train
51913,train
51914,train
51915,train
51916,train
51917,train
51918,train
51919,validation
51920,train
51921,train
51922,train
51923,train
51924,train
51925,train
51926,validation
51927,train
51928,validation
51929,train
51930,train
51931,validation
51932,train
51933,train
51934,train
51935,train
51936,validation
51937,train
51938,train
51939,train
51940,train
51941,train
51942,validation
51943,train
51944,train
51945,train
51946,train
51947,train
51948,validation
51949,train
51950,validation
51951,validation
51952,train
51953,train
51954,train
51955,train
51956,train
51957,train
51958,train
51959,train
51960,train
51961,train
51962,validation
51963,train
51964,train
51965,train
51966,validation
51967,validation
51968,train
51969,validation
51970,train
51971,train
51972,train
51973,train
51974,train
51975,train
51976,train
51977,train
51978,train
51979,validation
51980,train
51981,train
51982,validation
51983,train
51984,train
51985,train
51986,train
51987,train
51988,train
51989,train
51990,train
51991,train
51992,train
51993,train
51994,train
51995,train
51996,train
51997,validation
51998,train
51999,train
52000,train
52001,train
52002,train
52003,validation
52004,validation
52005,train
52006,train
52007,train
52008,train
52009,train
52010,train
52011,train
52012,train
52013,train
52014,validation
52015,train
52016,validation
52017,train
52018,train
52019,train
52020,train
52021,train
52022,train
52023,train
52024,train
52025,train
52026,train
52027,train
52028,validation
52029,train
52030,train
52031,train
52032,validation
52033,validation
52034,train
52035,train
52036,train
52037,train
52038,train
52039,train
52040,train
52041,train
52042,train
52043,train
52044,validation
52045,train
52046,train
52047,train
52048,train
52049,train
52050,train
52051,train
52052,train
52053,train
52054,train
52055,train
52056,train
52057,train
52058,train
52059,train
52060,validation
52061,train
52062,validation
52063,train
52064,train
52065,train
52066,train
52067,validation
52068,train
52069,train
52070,validation
52071,validation
52072,train
52073,validation
52074,train
52075,train
52076,train
52077,train
52078,train
52079,validation
52080,train
52081,train
52082,validation
52083,train
52084,validation
52085,train
52086,validation
52087,train
52088,train
52089,train
52090,train
52091,validation
52092,train
52093,train
52094,train
52095,train
52096,train
52097,train
52098,train
52099,train
52100,train
52101,train
52102,train
52103,validation
52104,train
52105,train
52106,train
52107,train
52108,train
52109,validation
52110,validation
52111,validation
52112,validation
52113,train
52114,train
52115,train
52116,train
52117,train
52118,train
52119,train
52120,train
52121,train
52122,train
52123,train
52124,train
52125,train
52126,train
52127,validation
52128,train
52129,train
52130,train
52131,validation
52132,train
52133,train
52134,validation
52135,train
52136,train
52137,train
52138,train
52139,train
52140,train
52141,train
52142,train
52143,validation
52144,validation
52145,train
52146,train
52147,train
52148,train
52149,train
52150,train
52151,validation
52152,train
52153,train
52154,train
52155,train
52156,validation
52157,train
52158,validation
52159,train
52160,train
52161,train
52162,train
52163,train
52164,train
52165,train
52166,train
52167,train
52168,train
52169,train
52170,train
52171,train
52172,train
52173,validation
52174,train
52175,train
52176,train
52177,validation
52178,train
52179,train
52180,train
52181,train
52182,validation
52183,train
52184,validation
52185,validation
52186,train
52187,train
52188,train
52189,train
52190,train
52191,train
52192,train
52193,train
52194,train
52195,train
52196,train
52197,train
52198,train
52199,train
52200,train
52201,train
52202,train
52203,validation
52204,train
52205,train
52206,train
52207,train
52208,train
52209,validation
52210,train
52211,train
52212,train
52213,train
52214,validation
52215,validation
52216,train
52217,train
52218,train
52219,train
52220,train
52221,train
52222,train
52223,train
52224,train
52225,validation
52226,train
52227,train
52228,train
52229,train
52230,train
52231,train
52232,validation
52233,train
52234,train
52235,validation
52236,validation
52237,train
52238,validation
52239,validation
52240,validation
52241,validation
52242,train
52243,train
52244,train
52245,train
52246,train
52247,train
52248,train
52249,train
52250,train
52251,train
52252,train
52253,train
52254,train
52255,train
52256,validation
52257,train
52258,train
52259,validation
52260,train
52261,validation
52262,train
52263,train
52264,train
52265,validation
52266,train
52267,validation
52268,validation
52269,train
52270,train
52271,validation
52272,train
52273,validation
52274,train
52275,train
52276,train
52277,train
52278,train
52279,train
52280,train
52281,train
52282,train
52283,train
52284,train
52285,validation
52286,train
52287,train
52288,train
52289,train
52290,train
52291,validation
52292,train
52293,validation
52294,train
52295,train
52296,train
52297,train
52298,train
52299,train
52300,train
52301,train
52302,train
52303,train
52304,train
52305,train
52306,validation
52307,train
52308,train
52309,train
52310,train
52311,train
52312,validation
52313,train
52314,train
52315,train
52316,train
52317,train
52318,train
52319,train
52320,train
52321,train
52322,train
52323,train
52324,train
52325,train
52326,train
52327,train
52328,train
52329,train
52330,validation
52331,train
52332,train
52333,train
52334,train
52335,train
52336,train
52337,train
52338,train
52339,validation
52340,train
52341,train
52342,train
52343,train
52344,train
52345,validation
52346,train
52347,train
52348,train
52349,validation
52350,train
52351,train
52352,train
52353,train
52354,train
52355,train
52356,train
52357,train
52358,train
52359,train
52360,train
52361,train
52362,train
52363,train
52364,train
52365,train
52366,train
52367,train
52368,train
52369,validation
52370,train
52371,validation
52372,validation
52373,train
52374,validation
52375,train
52376,train
52377,validation
52378,validation
52379,train
52380,train
52381,train
52382,train
52383,train
52384,train
52385,train
52386,train
52387,validation
52388,train
52389,train
52390,validation
52391,train
52392,train
52393,train
52394,train
52395,train
52396,train
52397,train
52398,validation
52399,train
52400,train
52401,validation
52402,train
52403,validation
52404,train
52405,validation
52406,validation
52407,train
52408,train
52409,validation
52410,train
52411,train
52412,train
52413,train
52414,train
52415,train
52416,validation
52417,validation
52418,validation
52419,train
52420,validation
52421,train
52422,train
52423,train
52424,train
52425,train
52426,train
52427,validation
52428,validation
52429,train
52430,train
52431,validation
52432,train
52433,train
52434,validation
52435,train
52436,train
52437,train
52438,validation
52439,train
52440,train
52441,train
52442,train
52443,train
52444,train
52445,train
52446,train
52447,train
52448,validation
52449,train
52450,train
52451,train
52452,validation
52453,train
52454,train
52455,validation
52456,train
52457,validation
52458,train
52459,train
52460,train
52461,train
52462,train
52463,validation
52464,validation
52465,train
52466,train
52467,train
52468,train
52469,train
52470,train
52471,train
52472,validation
52473,train
52474,train
52475,validation
52476,train
52477,train
52478,validation
52479,validation
52480,validation
52481,train
52482,train
52483,validation
52484,train
52485,train
52486,train
52487,train
52488,train
52489,train
52490,train
52491,validation
52492,validation
52493,train
52494,train
52495,train
52496,train
52497,train
52498,train
52499,train
52500,validation
52501,train
52502,train
52503,validation
52504,train
52505,train
52506,validation
52507,validation
52508,validation
52509,validation
52510,train
52511,train
52512,validation
52513,validation
52514,train
52515,train
52516,train
52517,train
52518,train
52519,train
52520,train
52521,train
52522,train
52523,train
52524,train
52525,train
52526,train
52527,train
52528,train
52529,train
52530,validation
52531,train
52532,train
52533,train
52534,train
52535,train
52536,train
52537,train
52538,train
52539,train
52540,train
52541,train
52542,train
52543,train
52544,train
52545,train
52546,train
52547,train
52548,validation
52549,train
52550,train
52551,train
52552,train
52553,validation
52554,validation
52555,train
52556,train
52557,train
52558,train
52559,train
52560,train
52561,train
52562,train
52563,validation
52564,validation
52565,train
52566,train
52567,train
52568,train
52569,train
52570,train
52571,validation
52572,train
52573,train
52574,train
52575,train
52576,train
52577,train
52578,train
52579,train
52580,train
52581,train
52582,train
52583,train
52584,train
52585,validation
52586,train
52587,train
52588,train
52589,train
52590,train
52591,train
52592,validation
52593,train
52594,train
52595,train
52596,train
52597,train
52598,train
52599,train
52600,validation
52601,train
52602,train
52603,train
52604,train
52605,train
52606,train
52607,train
52608,train
52609,train
52610,train
52611,train
52612,train
52613,train
52614,train
52615,train
52616,train
52617,train
52618,validation
52619,validation
52620,train
52621,validation
52622,train
52623,train
52624,train
52625,train
52626,train
52627,train
52628,validation
52629,train
52630,validation
52631,train
52632,train
52633,train
52634,train
52635,train
52636,train
52637,train
52638,train
52639,train
52640,train
52641,train
52642,train
52643,validation
52644,train
52645,train
52646,train
52647,train
52648,train
52649,train
52650,validation
52651,train
52652,train
52653,validation
52654,train
52655,train
52656,train
52657,train
52658,train
52659,train
52660,train
52661,train
52662,validation
52663,train
52664,train
52665,train
52666,train
52667,train
52668,train
52669,validation
52670,train
52671,train
52672,train
52673,validation
52674,validation
52675,train
52676,validation
52677,train
52678,train
52679,train
52680,train
52681,train
52682,train
52683,train
52684,train
52685,train
52686,train
52687,train
52688,train
52689,validation
52690,train
52691,train
52692,train
52693,validation
52694,train
52695,train
52696,validation
52697,train
52698,train
52699,validation
52700,train
52701,train
52702,validation
52703,train
52704,train
52705,train
52706,train
52707,train
52708,train
52709,train
52710,validation
52711,train
52712,train
52713,train
52714,train
52715,train
52716,validation
52717,train
52718,train
52719,validation
52720,train
52721,validation
52722,train
52723,validation
52724,train
52725,train
52726,validation
52727,train
52728,train
52729,train
52730,train
52731,train
52732,train
52733,validation
52734,train
52735,train
52736,validation
52737,train
52738,train
52739,train
52740,train
52741,train
52742,train
52743,train
52744,train
52745,train
52746,train
52747,train
52748,train
52749,train
52750,train
52751,train
52752,train
52753,train
52754,validation
52755,train
52756,train
52757,validation
52758,train
52759,validation
52760,train
52761,train
52762,train
52763,validation
52764,train
52765,train
52766,train
52767,train
52768,train
52769,train
52770,train
52771,validation
52772,validation
52773,train
52774,train
52775,validation
52776,validation
52777,validation
52778,train
52779,train
52780,train
52781,train
52782,train
52783,train
52784,train
52785,train
52786,validation
52787,train
52788,train
52789,train
52790,validation
52791,train
52792,train
52793,train
52794,train
52795,train
52796,train
52797,train
52798,train
52799,train
52800,train
52801,train
52802,train
52803,train
52804,validation
52805,train
52806,train
52807,train
52808,train
52809,train
52810,train
52811,train
52812,train
52813,train
52814,train
52815,train
52816,train
52817,train
52818,validation
52819,train
52820,train
52821,train
52822,train
52823,validation
52824,train
52825,validation
52826,train
52827,train
52828,train
52829,validation
52830,train
52831,train
52832,train
52833,validation
52834,train
52835,train
52836,train
52837,train
52838,validation
52839,train
52840,train
52841,train
52842,train
52843,train
52844,validation
52845,train
52846,train
52847,validation
52848,train
52849,train
52850,train
52851,train
52852,validation
52853,train
52854,validation
52855,train
52856,train
52857,validation
52858,train
52859,train
52860,train
52861,validation
52862,train
52863,train
52864,validation
52865,train
52866,train
52867,train
52868,validation
52869,train
52870,validation
52871,train
52872,train
52873,train
52874,train
52875,train
52876,validation
52877,train
52878,train
52879,train
52880,train
52881,train
52882,train
52883,train
52884,train
52885,validation
52886,train
52887,train
52888,train
52889,train
52890,train
52891,train
52892,train
52893,train
52894,train
52895,validation
52896,train
52897,train
52898,train
52899,train
52900,validation
52901,validation
52902,train
52903,train
52904,train
52905,train
52906,validation
52907,validation
52908,validation
52909,validation
52910,train
52911,train
52912,train
52913,train
52914,train
52915,train
52916,train
52917,validation
52918,train
52919,validation
52920,train
52921,train
52922,train
52923,train
52924,train
52925,train
52926,train
52927,validation
52928,train
52929,train
52930,train
52931,train
52932,train
52933,validation
52934,train
52935,train
52936,validation
52937,validation
52938,train
52939,train
52940,validation
52941,train
52942,train
52943,validation
52944,train
52945,train
52946,train
52947,validation
52948,validation
52949,train
52950,train
52951,train
52952,train
52953,train
52954,train
52955,validation
52956,train
52957,train
52958,train
52959,train
52960,train
52961,train
52962,train
52963,train
52964,train
52965,validation
52966,train
52967,train
52968,train
52969,train
52970,train
52971,train
52972,train
52973,train
52974,train
52975,validation
52976,train
52977,validation
52978,train
52979,train
52980,validation
52981,train
52982,validation
52983,validation
52984,train
52985,train
52986,train
52987,train
52988,train
52989,train
52990,validation
52991,train
52992,train
52993,train
52994,train
52995,train
52996,train
52997,train
52998,train
52999,train
53000,train
53001,train
53002,train
53003,train
53004,validation
53005,train
53006,train
53007,validation
53008,train
53009,train
53010,validation
53011,train
53012,train
53013,train
53014,train
53015,train
53016,train
53017,train
53018,validation
53019,train
53020,train
53021,train
53022,train
53023,validation
53024,train
53025,train
53026,train
53027,train
53028,train
53029,train
53030,train
53031,validation
53032,train
53033,train
53034,train
53035,train
53036,train
53037,train
53038,train
53039,train
53040,train
53041,train
53042,train
53043,train
53044,train
53045,train
53046,train
53047,validation
53048,train
53049,train
53050,train
53051,train
53052,train
53053,validation
53054,train
53055,train
53056,train
53057,train
53058,train
53059,validation
53060,train
53061,validation
53062,train
53063,train
53064,validation
53065,train
53066,train
53067,train
53068,train
53069,train
53070,train
53071,validation
53072,train
53073,train
53074,train
53075,train
53076,train
53077,validation
53078,train
53079,train
53080,validation
53081,validation
53082,train
53083,train
53084,train
53085,train
53086,train
53087,train
53088,train
53089,validation
53090,train
53091,train
53092,validation
53093,train
53094,validation
53095,train
53096,train
53097,train
53098,train
53099,train
53100,train
53101,train
53102,train
53103,train
53104,train
53105,train
53106,validation
53107,validation
53108,validation
53109,validation
53110,train
53111,validation
53112,train
53113,validation
53114,train
53115,train
53116,train
53117,validation
53118,train
53119,validation
53120,validation
53121,train
53122,train
53123,validation
53124,validation
53125,validation
53126,train
53127,train
53128,validation
53129,validation
53130,train
53131,train
53132,train
53133,train
53134,validation
53135,train
53136,train
53137,train
53138,train
53139,validation
53140,validation
53141,validation
53142,train
53143,train
53144,train
53145,train
53146,train
53147,validation
53148,train
53149,validation
53150,train
53151,train
53152,train
53153,train
53154,train
53155,train
53156,train
53157,train
53158,train
53159,train
53160,validation
53161,validation
53162,train
53163,train
53164,train
53165,train
53166,train
53167,train
53168,train
53169,train
53170,train
53171,train
53172,train
53173,train
53174,train
53175,train
53176,train
53177,validation
53178,train
53179,validation
53180,validation
53181,validation
53182,train
53183,train
53184,train
53185,validation
53186,train
53187,train
53188,train
53189,train
53190,train
53191,validation
53192,train
53193,train
53194,train
53195,validation
53196,train
53197,train
53198,train
53199,train
53200,validation
53201,train
53202,train
53203,train
53204,validation
53205,train
53206,validation
53207,train
53208,train
53209,validation
53210,train
53211,train
53212,train
53213,train
53214,train
53215,train
53216,validation
53217,train
53218,train
53219,train
53220,train
53221,train
53222,train
53223,train
53224,train
53225,train
53226,validation
53227,train
53228,validation
53229,train
53230,train
53231,train
53232,validation
53233,train
53234,train
53235,train
53236,train
53237,validation
53238,train
53239,train
53240,train
53241,train
53242,train
53243,train
53244,train
53245,train
53246,train
53247,train
53248,train
53249,train
53250,train
53251,train
53252,train
53253,train
53254,train
53255,train
53256,validation
53257,train
53258,train
53259,train
53260,train
53261,train
53262,train
53263,train
53264,train
53265,train
53266,train
53267,train
53268,train
53269,validation
53270,validation
53271,train
53272,train
53273,validation
53274,train
53275,validation
53276,train
53277,train
53278,train
53279,train
53280,train
53281,train
53282,validation
53283,train
53284,validation
53285,train
53286,validation
53287,train
53288,train
53289,train
53290,train
53291,validation
53292,train
53293,train
53294,train
53295,train
53296,train
53297,train
53298,train
53299,train
53300,train
53301,train
53302,train
53303,train
53304,train
53305,train
53306,train
53307,validation
53308,train
53309,train
53310,train
53311,train
53312,validation
53313,train
53314,train
53315,train
53316,validation
53317,train
53318,train
53319,validation
53320,validation
53321,train
53322,train
53323,train
53324,validation
53325,train
53326,train
53327,train
53328,train
53329,train
53330,train
53331,validation
53332,train
53333,train
53334,validation
53335,train
53336,train
53337,train
53338,train
53339,train
53340,train
53341,train
53342,train
53343,train
53344,train
53345,train
53346,train
53347,train
53348,train
53349,train
53350,train
53351,train
53352,train
53353,validation
53354,train
53355,train
53356,train
53357,train
53358,train
53359,train
53360,validation
53361,train
53362,train
53363,train
53364,train
53365,validation
53366,validation
53367,validation
53368,train
53369,train
53370,train
53371,train
53372,validation
53373,train
53374,train
53375,train
53376,train
53377,validation
53378,validation
53379,train
53380,train
53381,train
53382,train
53383,train
53384,train
53385,validation
53386,train
53387,train
53388,train
53389,validation
53390,train
53391,train
53392,train
53393,train
53394,train
53395,train
53396,train
53397,validation
53398,train
53399,train
53400,train
53401,train
53402,train
53403,train
53404,validation
53405,train
53406,train
53407,train
53408,train
53409,train
53410,validation
53411,train
53412,train
53413,validation
53414,train
53415,train
53416,train
53417,train
53418,train
53419,validation
53420,train
53421,train
53422,train
53423,train
53424,validation
53425,validation
53426,train
53427,train
53428,train
53429,train
53430,train
53431,train
53432,train
53433,train
53434,train
53435,validation
53436,train
53437,train
53438,train
53439,validation
53440,train
53441,train
53442,validation
53443,validation
53444,train
53445,train
53446,train
53447,train
53448,train
53449,train
53450,train
53451,train
53452,train
53453,train
53454,train
53455,train
53456,train
53457,train
53458,train
53459,train
53460,train
53461,train
53462,validation
53463,train
53464,train
53465,train
53466,train
53467,train
53468,train
53469,validation
53470,train
53471,validation
53472,train
53473,train
53474,train
53475,train
53476,train
53477,train
53478,validation
53479,train
53480,train
53481,validation
53482,train
53483,train
53484,train
53485,validation
53486,train
53487,train
53488,train
53489,train
53490,train
53491,train
53492,train
53493,train
53494,validation
53495,train
53496,validation
53497,validation
53498,train
53499,train
53500,validation
53501,validation
53502,validation
53503,validation
53504,validation
53505,train
53506,train
53507,train
53508,train
53509,train
53510,train
53511,train
53512,train
53513,validation
53514,validation
53515,train
53516,train
53517,train
53518,train
53519,train
53520,train
53521,validation
53522,validation
53523,train
53524,train
53525,train
53526,train
53527,train
53528,train
53529,train
53530,train
53531,train
53532,train
53533,validation
53534,train
53535,train
53536,train
53537,validation
53538,train
53539,train
53540,train
53541,train
53542,train
53543,train
53544,train
53545,train
53546,train
53547,train
53548,train
53549,train
53550,train
53551,train
53552,train
53553,train
53554,train
53555,train
53556,validation
53557,train
53558,train
53559,train
53560,train
53561,train
53562,train
53563,validation
53564,train
53565,train
53566,train
53567,train
53568,train
53569,validation
53570,train
53571,train
53572,train
53573,train
53574,validation
53575,train
53576,validation
53577,train
53578,train
53579,validation
53580,validation
53581,train
53582,validation
53583,train
53584,train
53585,train
53586,train
53587,train
53588,train
53589,validation
53590,train
53591,train
53592,train
53593,train
53594,train
53595,train
53596,train
53597,train
53598,train
53599,train
53600,validation
53601,train
53602,validation
53603,train
53604,train
53605,train
53606,train
53607,validation
53608,train
53609,validation
53610,train
53611,validation
53612,train
53613,validation
53614,train
53615,train
53616,train
53617,validation
53618,validation
53619,validation
53620,train
53621,train
53622,validation
53623,train
53624,train
53625,train
53626,train
53627,validation
53628,train
53629,train
53630,train
53631,train
53632,train
53633,train
53634,train
53635,validation
53636,train
53637,train
53638,train
53639,train
53640,train
53641,train
53642,train
53643,train
53644,train
53645,train
53646,train
53647,train
53648,train
53649,train
53650,train
53651,validation
53652,train
53653,train
53654,train
53655,train
53656,train
53657,train
53658,train
53659,train
53660,train
53661,train
53662,train
53663,train
53664,train
53665,validation
53666,train
53667,train
53668,train
53669,train
53670,train
53671,validation
53672,validation
53673,train
53674,train
53675,validation
53676,train
53677,train
53678,train
53679,train
53680,train
53681,train
53682,train
53683,train
53684,train
53685,validation
53686,train
53687,train
53688,train
53689,train
53690,train
53691,validation
53692,train
53693,train
53694,train
53695,train
53696,train
53697,validation
53698,validation
53699,validation
53700,validation
53701,validation
53702,train
53703,train
53704,train
53705,validation
53706,train
53707,validation
53708,validation
53709,train
53710,train
53711,train
53712,train
53713,train
53714,train
53715,train
53716,train
53717,train
53718,train
53719,validation
53720,train
53721,train
53722,train
53723,validation
53724,train
53725,train
53726,train
53727,validation
53728,validation
53729,train
53730,train
53731,train
53732,train
53733,train
53734,validation
53735,train
53736,train
53737,validation
53738,validation
53739,train
53740,train
53741,validation
53742,train
53743,train
53744,train
53745,train
53746,train
53747,train
53748,train
53749,train
53750,train
53751,train
53752,train
53753,train
53754,validation
53755,train
53756,train
53757,train
53758,train
53759,validation
53760,train
53761,train
53762,validation
53763,train
53764,train
53765,train
53766,train
53767,validation
53768,train
53769,train
53770,train
53771,train
53772,train
53773,train
53774,train
53775,train
53776,train
53777,validation
53778,train
53779,train
53780,train
53781,train
53782,train
53783,train
53784,train
53785,train
53786,validation
53787,train
53788,train
53789,train
53790,train
53791,train
53792,train
53793,validation
53794,validation
53795,train
53796,train
53797,train
53798,validation
53799,train
53800,validation
53801,train
53802,train
53803,train
53804,train
53805,validation
53806,validation
53807,train
53808,train
53809,validation
53810,train
53811,train
53812,train
53813,validation
53814,train
53815,train
53816,validation
53817,train
53818,validation
53819,validation
53820,validation
53821,train
53822,train
53823,validation
53824,train
53825,train
53826,train
53827,train
53828,train
53829,train
53830,train
53831,train
53832,train
53833,train
53834,train
53835,train
53836,train
53837,validation
53838,train
53839,train
53840,train
53841,validation
53842,validation
53843,train
53844,validation
53845,train
53846,train
53847,train
53848,validation
53849,train
53850,train
53851,train
53852,train
53853,validation
53854,train
53855,train
53856,train
53857,train
53858,validation
53859,validation
53860,train
53861,validation
53862,train
53863,validation
53864,train
53865,train
53866,train
53867,train
53868,train
53869,validation
53870,train
53871,train
53872,train
53873,train
53874,train
53875,train
53876,validation
53877,train
53878,train
53879,train
53880,train
53881,train
53882,train
53883,validation
53884,train
53885,train
53886,train
53887,train
53888,train
53889,train
53890,train
53891,train
53892,train
53893,train
53894,train
53895,train
53896,train
53897,validation
53898,train
53899,train
53900,train
53901,train
53902,train
53903,train
53904,train
53905,train
53906,train
53907,train
53908,train
53909,train
53910,train
53911,validation
53912,validation
53913,train
53914,train
53915,train
53916,train
53917,train
53918,train
53919,validation
53920,train
53921,train
53922,train
53923,validation
53924,validation
53925,train
53926,validation
53927,train
53928,validation
53929,train
53930,validation
53931,train
53932,train
53933,train
53934,validation
53935,train
53936,train
53937,train
53938,train
53939,train
53940,train
53941,validation
53942,train
53943,train
53944,train
53945,train
53946,train
53947,validation
53948,validation
53949,train
53950,train
53951,train
53952,train
53953,train
53954,validation
53955,train
53956,validation
53957,validation
53958,train
53959,train
53960,train
53961,train
53962,train
53963,train
53964,validation
53965,train
53966,train
53967,train
53968,train
53969,train
53970,train
53971,validation
53972,train
53973,validation
53974,train
53975,train
53976,train
53977,train
53978,train
53979,train
53980,train
53981,train
53982,train
53983,train
53984,train
53985,train
53986,train
53987,validation
53988,train
53989,validation
53990,train
53991,train
53992,train
53993,train
53994,train
53995,train
53996,train
53997,validation
53998,train
53999,train
54000,validation
54001,train
54002,train
54003,train
54004,train
54005,validation
54006,train
54007,validation
54008,train
54009,train
54010,train
54011,train
54012,validation
54013,train
54014,train
54015,train
54016,train
54017,train
54018,train
54019,train
54020,train
54021,train
54022,train
54023,validation
54024,train
54025,train
54026,validation
54027,validation
54028,train
54029,train
54030,train
54031,train
54032,train
54033,validation
54034,train
54035,validation
54036,validation
54037,train
54038,train
54039,train
54040,train
54041,validation
54042,validation
54043,train
54044,validation
54045,validation
54046,train
54047,train
54048,validation
54049,validation
54050,train
54051,train
54052,train
54053,train
54054,train
54055,train
54056,train
54057,train
54058,train
54059,train
54060,train
54061,train
54062,train
54063,train
54064,train
54065,train
54066,train
54067,train
54068,train
54069,train
54070,validation
54071,train
54072,train
54073,validation
54074,train
54075,train
54076,train
54077,train
54078,validation
54079,train
54080,train
54081,train
54082,train
54083,validation
54084,train
54085,train
54086,train
54087,train
54088,train
54089,train
54090,train
54091,train
54092,train
54093,train
54094,train
54095,train
54096,train
54097,train
54098,train
54099,validation
54100,validation
54101,train
54102,train
54103,train
54104,train
54105,train
54106,train
54107,validation
54108,validation
54109,train
54110,train
54111,validation
54112,train
54113,validation
54114,train
54115,train
54116,train
54117,train
54118,train
54119,train
54120,validation
54121,train
54122,train
54123,train
54124,train
54125,train
54126,train
54127,train
54128,validation
54129,train
54130,train
54131,train
54132,validation
54133,train
54134,train
54135,train
54136,train
54137,train
54138,train
54139,train
54140,validation
54141,train
54142,validation
54143,validation
54144,validation
54145,train
54146,train
54147,train
54148,train
54149,train
54150,train
54151,train
54152,train
54153,train
54154,train
54155,validation
54156,train
54157,train
54158,validation
54159,train
54160,train
54161,validation
54162,validation
54163,train
54164,train
54165,train
54166,train
54167,train
54168,train
54169,train
54170,train
54171,train
54172,validation
54173,train
54174,train
54175,train
54176,train
54177,train
54178,train
54179,train
54180,train
54181,train
54182,train
54183,train
54184,train
54185,validation
54186,validation
54187,train
54188,train
54189,train
54190,train
54191,train
54192,validation
54193,train
54194,train
54195,validation
54196,train
54197,train
54198,train
54199,validation
54200,train
54201,train
54202,train
54203,validation
54204,train
54205,train
54206,train
54207,train
54208,train
54209,train
54210,validation
54211,validation
54212,train
54213,train
54214,validation
54215,train
54216,validation
54217,train
54218,train
54219,train
54220,validation
54221,train
54222,train
54223,train
54224,train
54225,train
54226,train
54227,train
54228,train
54229,train
54230,validation
54231,validation
54232,train
54233,train
54234,train
54235,train
54236,train
54237,train
54238,train
54239,train
54240,train
54241,train
54242,train
54243,train
54244,train
54245,train
54246,train
54247,validation
54248,train
54249,train
54250,train
54251,train
54252,train
54253,train
54254,train
54255,train
54256,train
54257,train
54258,train
54259,train
54260,validation
54261,train
54262,train
54263,validation
54264,train
54265,train
54266,validation
54267,train
54268,train
54269,train
54270,validation
54271,train
54272,train
54273,train
54274,train
54275,train
54276,train
54277,train
54278,validation
54279,train
54280,train
54281,train
54282,train
54283,train
54284,train
54285,validation
54286,validation
54287,train
54288,train
54289,train
54290,train
54291,validation
54292,train
54293,train
54294,train
54295,train
54296,train
54297,train
54298,train
54299,train
54300,train
54301,train
54302,train
54303,train
54304,train
54305,train
54306,train
54307,validation
54308,train
54309,train
54310,train
54311,train
54312,train
54313,train
54314,validation
54315,validation
54316,train
54317,validation
54318,train
54319,train
54320,train
54321,train
54322,validation
54323,train
54324,train
54325,train
54326,train
54327,train
54328,train
54329,train
54330,validation
54331,train
54332,train
54333,validation
54334,validation
54335,train
54336,train
54337,train
54338,train
54339,validation
54340,validation
54341,train
54342,validation
54343,train
54344,train
54345,train
54346,train
54347,train
54348,train
54349,train
54350,train
54351,validation
54352,validation
54353,train
54354,train
54355,validation
54356,validation
54357,validation
54358,train
54359,train
54360,train
54361,validation
54362,validation
54363,train
54364,train
54365,train
54366,train
54367,train
54368,train
54369,validation
54370,validation
54371,train
54372,validation
54373,train
54374,validation
54375,train
54376,validation
54377,train
54378,train
54379,train
54380,train
54381,train
54382,validation
54383,validation
54384,train
54385,train
54386,train
54387,train
54388,train
54389,train
54390,train
54391,train
54392,train
54393,train
54394,train
54395,train
54396,train
54397,train
54398,train
54399,train
54400,train
54401,train
54402,train
54403,train
54404,train
54405,train
54406,train
54407,train
54408,train
54409,validation
54410,train
54411,train
54412,train
54413,train
54414,train
54415,train
54416,train
54417,validation
54418,train
54419,train
54420,train
54421,train
54422,train
54423,train
54424,train
54425,train
54426,train
54427,train
54428,train
54429,train
54430,train
54431,train
54432,train
54433,validation
54434,validation
54435,train
54436,train
54437,train
54438,train
54439,validation
54440,train
54441,train
54442,train
54443,train
54444,train
54445,train
54446,train
54447,train
54448,train
54449,train
54450,train
54451,train
54452,train
54453,train
54454,validation
54455,train
54456,train
54457,validation
54458,train
54459,train
54460,train
54461,validation
54462,train
54463,train
54464,train
54465,train
54466,train
54467,train
54468,train
54469,train
54470,train
54471,train
54472,train
54473,train
54474,train
54475,train
54476,train
54477,train
54478,train
54479,train
54480,validation
54481,validation
54482,train
54483,train
54484,train
54485,train
54486,train
54487,validation
54488,validation
54489,train
54490,train
54491,train
54492,validation
54493,train
54494,train
54495,train
54496,train
54497,train
54498,train
54499,train
54500,validation
54501,train
54502,train
54503,train
54504,train
54505,train
54506,train
54507,train
54508,train
54509,train
54510,train
54511,train
54512,train
54513,train
54514,validation
54515,train
54516,train
54517,train
54518,train
54519,train
54520,train
54521,train
54522,train
54523,train
54524,train
54525,validation
54526,train
54527,train
54528,train
54529,train
54530,train
54531,train
54532,train
54533,train
54534,train
54535,train
54536,train
54537,train
54538,train
54539,train
54540,validation
54541,train
54542,train
54543,validation
54544,train
54545,train
54546,train
54547,validation
54548,train
54549,train
54550,train
54551,train
54552,train
54553,train
54554,train
54555,train
54556,validation
54557,train
54558,validation
54559,train
54560,train
54561,validation
54562,train
54563,train
54564,train
54565,train
54566,train
54567,train
54568,train
54569,train
54570,train
54571,train
54572,validation
54573,train
54574,train
54575,train
54576,train
54577,validation
54578,train
54579,train
54580,train
54581,validation
54582,train
54583,train
54584,train
54585,train
54586,train
54587,train
54588,train
54589,train
54590,train
54591,train
54592,train
54593,validation
54594,train
54595,train
54596,train
54597,train
54598,train
54599,train
54600,validation
54601,train
54602,train
54603,train
54604,validation
54605,validation
54606,validation
54607,validation
54608,validation
54609,train
54610,train
54611,validation
54612,train
54613,train
54614,validation
54615,train
54616,train
54617,train
54618,train
54619,train
54620,train
54621,train
54622,train
54623,validation
54624,train
54625,validation
54626,validation
54627,train
54628,train
54629,train
54630,train
54631,train
54632,train
54633,validation
54634,validation
54635,train
54636,train
54637,train
54638,train
54639,validation
54640,train
54641,train
54642,train
54643,train
54644,train
54645,train
54646,train
54647,train
54648,train
54649,train
54650,train
54651,train
54652,train
54653,train
54654,validation
54655,train
54656,train
54657,validation
54658,train
54659,train
54660,train
54661,train
54662,train
54663,validation
54664,validation
54665,train
54666,train
54667,train
54668,train
54669,validation
54670,train
54671,validation
54672,train
54673,train
54674,train
54675,train
54676,train
54677,train
54678,train
54679,validation
54680,train
54681,train
54682,train
54683,train
54684,train
54685,train
54686,validation
54687,train
54688,validation
54689,train
54690,train
54691,train
54692,train
54693,train
54694,train
54695,train
54696,train
54697,validation
54698,validation
54699,train
54700,train
54701,train
54702,train
54703,train
54704,train
54705,train
54706,train
54707,train
54708,train
54709,train
54710,validation
54711,train
54712,train
54713,train
54714,validation
54715,train
54716,train
54717,train
54718,train
54719,train
54720,train
54721,train
54722,validation
54723,validation
54724,train
54725,train
54726,train
54727,validation
54728,validation
54729,train
54730,train
54731,train
54732,validation
54733,train
54734,train
54735,train
54736,train
54737,train
54738,train
54739,train
54740,train
54741,train
54742,train
54743,train
54744,train
54745,train
54746,train
54747,validation
54748,train
54749,validation
54750,train
54751,train
54752,train
54753,train
54754,train
54755,train
54756,validation
54757,train
54758,train
54759,validation
54760,train
54761,train
54762,validation
54763,train
54764,train
54765,train
54766,validation
54767,train
54768,train
54769,train
54770,validation
54771,train
54772,train
54773,train
54774,validation
54775,train
54776,train
54777,train
54778,train
54779,train
54780,train
54781,train
54782,train
54783,validation
54784,train
54785,train
54786,train
54787,train
54788,train
54789,train
54790,validation
54791,validation
54792,train
54793,train
54794,train
54795,validation
54796,validation
54797,train
54798,train
54799,train
54800,train
54801,train
54802,train
54803,validation
54804,train
54805,train
54806,validation
54807,train
54808,train
54809,validation
54810,train
54811,train
54812,train
54813,validation
54814,validation
54815,train
54816,validation
54817,train
54818,validation
54819,train
54820,train
54821,train
54822,train
54823,validation
54824,train
54825,train
54826,train
54827,train
54828,train
54829,train
54830,train
54831,train
54832,train
54833,train
54834,train
54835,train
54836,train
54837,validation
54838,train
54839,train
54840,train
54841,train
54842,train
54843,train
54844,train
54845,train
54846,validation
54847,train
54848,train
54849,train
54850,train
54851,train
54852,validation
54853,train
54854,train
54855,train
54856,train
54857,train
54858,train
54859,train
54860,train
54861,train
54862,train
54863,train
54864,train
54865,validation
54866,train
54867,train
54868,train
54869,train
54870,validation
54871,train
54872,validation
54873,train
54874,train
54875,train
54876,train
54877,train
54878,train
54879,train
54880,train
54881,validation
54882,train
54883,train
54884,train
54885,train
54886,train
54887,train
54888,train
54889,validation
54890,train
54891,train
54892,train
54893,validation
54894,train
54895,train
54896,train
54897,validation
54898,train
54899,train
54900,train
54901,train
54902,train
54903,train
54904,validation
54905,train
54906,validation
54907,train
54908,train
54909,train
54910,train
54911,train
54912,train
54913,train
54914,train
54915,train
54916,train
54917,train
54918,train
54919,train
54920,validation
54921,train
54922,train
54923,train
54924,train
54925,train
54926,train
54927,validation
54928,train
54929,train
54930,validation
54931,train
54932,validation
54933,train
54934,train
54935,train
54936,train
54937,train
54938,validation
54939,train
54940,validation
54941,validation
54942,train
54943,train
54944,train
54945,train
54946,train
54947,train
54948,train
54949,validation
54950,validation
54951,validation
54952,train
54953,train
54954,train
54955,validation
54956,validation
54957,train
54958,validation
54959,validation
54960,train
54961,validation
54962,train
54963,train
54964,train
54965,train
54966,train
54967,validation
54968,train
54969,train
54970,train
54971,train
54972,train
54973,train
54974,train
54975,validation
54976,train
54977,train
54978,train
54979,validation
54980,train
54981,train
54982,train
54983,train
54984,train
54985,train
54986,validation
54987,validation
54988,train
54989,train
54990,train
54991,train
54992,train
54993,train
54994,validation
54995,train
54996,train
54997,train
54998,train
54999,train
55000,validation
55001,train
55002,train
55003,train
55004,train
55005,train
55006,train
55007,train
55008,train
55009,train
55010,train
55011,train
55012,train
55013,train
55014,validation
55015,train
55016,train
55017,train
55018,validation
55019,train
55020,train
55021,train
55022,train
55023,train
55024,train
55025,train
55026,validation
55027,train
55028,train
55029,validation
55030,train
55031,train
55032,train
55033,train
55034,train
55035,train
55036,train
55037,validation
55038,validation
55039,train
55040,train
55041,train
55042,train
55043,train
55044,validation
55045,validation
55046,train
55047,train
55048,train
55049,train
55050,train
55051,train
55052,train
55053,train
55054,validation
55055,train
55056,train
55057,validation
55058,train
55059,validation
55060,train
55061,train
55062,train
55063,train
55064,train
55065,train
55066,train
55067,train
55068,train
55069,train
55070,train
55071,validation
55072,validation
55073,train
55074,train
55075,train
55076,validation
55077,validation
55078,train
55079,train
55080,train
55081,train
55082,validation
55083,train
55084,train
55085,train
55086,train
55087,validation
55088,train
55089,validation
55090,validation
55091,train
55092,validation
55093,validation
55094,train
55095,train
55096,train
55097,train
55098,train
55099,train
55100,train
55101,train
55102,validation
55103,train
55104,train
55105,train
55106,validation
55107,train
55108,train
55109,train
55110,train
55111,validation
55112,train
55113,train
55114,train
55115,train
55116,train
55117,validation
55118,validation
55119,validation
55120,train
55121,train
55122,train
55123,train
55124,train
55125,train
55126,train
55127,train
55128,train
55129,train
55130,validation
55131,train
55132,train
55133,validation
55134,train
55135,train
55136,validation
55137,train
55138,train
55139,validation
55140,train
55141,validation
55142,train
55143,train
55144,train
55145,train
55146,train
55147,train
55148,train
55149,validation
55150,train
55151,train
55152,train
55153,validation
55154,train
55155,train
55156,validation
55157,train
55158,train
55159,train
55160,validation
55161,train
55162,train
55163,train
55164,train
55165,train
55166,train
55167,train
55168,train
55169,validation
55170,train
55171,train
55172,train
55173,train
55174,train
55175,train
55176,train
55177,train
55178,train
55179,train
55180,train
55181,train
55182,train
55183,train
55184,train
55185,train
55186,train
55187,train
55188,train
55189,train
55190,train
55191,train
55192,train
55193,train
55194,train
55195,train
55196,train
55197,train
55198,train
55199,train
55200,train
55201,train
55202,train
55203,train
55204,train
55205,validation
55206,train
55207,train
55208,validation
55209,train
55210,train
55211,train
55212,train
55213,validation
55214,train
55215,train
55216,train
55217,validation
55218,train
55219,train
55220,validation
55221,train
55222,train
55223,train
55224,train
55225,train
55226,train
55227,train
55228,train
55229,train
55230,train
55231,validation
55232,train
55233,train
55234,train
55235,train
55236,train
55237,validation
55238,train
55239,validation
55240,train
55241,validation
55242,train
55243,train
55244,train
55245,validation
55246,train
55247,train
55248,train
55249,train
55250,train
55251,train
55252,train
55253,validation
55254,train
55255,train
55256,train
55257,train
55258,validation
55259,train
55260,train
55261,train
55262,train
55263,train
55264,train
55265,train
55266,train
55267,train
55268,train
55269,train
55270,train
55271,train
55272,train
55273,train
55274,train
55275,train
55276,train
55277,train
55278,train
55279,validation
55280,train
55281,train
55282,train
55283,train
55284,train
55285,train
55286,train
55287,train
55288,validation
55289,train
55290,validation
55291,train
55292,train
55293,train
55294,train
55295,train
55296,train
55297,validation
55298,train
55299,train
55300,train
55301,train
55302,validation
55303,train
55304,train
55305,train
55306,train
55307,train
55308,train
55309,train
55310,train
55311,train
55312,train
55313,train
55314,validation
55315,train
55316,train
55317,train
55318,train
55319,train
55320,train
55321,train
55322,validation
55323,train
55324,train
55325,train
55326,train
55327,train
55328,train
55329,train
55330,train
55331,train
55332,train
55333,train
55334,train
55335,validation
55336,train
55337,train
55338,train
55339,train
55340,train
55341,train
55342,train
55343,validation
55344,train
55345,train
55346,train
55347,train
55348,train
55349,train
55350,train
55351,train
55352,train
55353,train
55354,validation
55355,validation
55356,validation
55357,train
55358,train
55359,validation
55360,train
55361,train
55362,train
55363,train
55364,train
55365,train
55366,train
55367,train
55368,train
55369,train
55370,validation
55371,train
55372,train
55373,train
55374,train
55375,train
55376,validation
55377,train
55378,train
55379,train
55380,train
55381,train
55382,train
55383,validation
55384,validation
55385,validation
55386,train
55387,train
55388,train
55389,train
55390,train
55391,train
55392,validation
55393,train
55394,validation
55395,train
55396,train
55397,train
55398,validation
55399,train
55400,validation
55401,train
55402,train
55403,train
55404,train
55405,train
55406,train
55407,train
55408,validation
55409,train
55410,train
55411,validation
55412,train
55413,train
55414,train
55415,train
55416,train
55417,train
55418,validation
55419,train
55420,train
55421,train
55422,train
55423,train
55424,train
55425,train
55426,train
55427,train
55428,validation
55429,train
55430,train
55431,train
55432,train
55433,validation
55434,validation
55435,train
55436,train
55437,validation
55438,train
55439,validation
55440,validation
55441,train
55442,train
55443,validation
55444,train
55445,train
55446,train
55447,train
55448,train
55449,train
55450,validation
55451,train
55452,train
55453,train
55454,validation
55455,validation
55456,train
55457,train
55458,train
55459,train
55460,train
55461,validation
55462,train
55463,train
55464,train
55465,validation
55466,train
55467,train
55468,train
55469,validation
55470,train
55471,train
55472,validation
55473,validation
55474,train
55475,train
55476,train
55477,train
55478,train
55479,train
55480,train
55481,train
55482,train
55483,train
55484,train
55485,train
55486,validation
55487,train
55488,validation
55489,train
55490,validation
55491,train
55492,validation
55493,train
55494,train
55495,train
55496,train
55497,train
55498,validation
55499,train
55500,train
55501,train
55502,train
55503,train
55504,train
55505,train
55506,train
55507,train
55508,validation
55509,train
55510,train
55511,train
55512,train
55513,validation
55514,train
55515,train
55516,train
55517,validation
55518,train
55519,train
55520,train
55521,train
55522,train
55523,train
55524,train
55525,train
55526,validation
55527,train
55528,train
55529,train
55530,validation
55531,train
55532,validation
55533,train
55534,validation
55535,validation
55536,train
55537,train
55538,train
55539,train
55540,train
55541,validation
55542,train
55543,train
55544,train
55545,train
55546,train
55547,train
55548,train
55549,train
55550,train
55551,train
55552,validation
55553,train
55554,train
55555,train
55556,validation
55557,train
55558,train
55559,validation
55560,train
55561,train
55562,train
55563,train
55564,train
55565,validation
55566,train
55567,train
55568,train
55569,train
55570,train
55571,validation
55572,validation
55573,validation
55574,train
55575,validation
55576,validation
55577,train
55578,train
55579,train
55580,train
55581,train
55582,train
55583,validation
55584,train
55585,train
55586,train
55587,train
55588,validation
55589,train
55590,train
55591,validation
55592,train
55593,train
55594,train
55595,validation
55596,train
55597,train
55598,train
55599,train
55600,train
55601,train
55602,validation
55603,train
55604,train
55605,train
55606,validation
55607,train
55608,train
55609,train
55610,validation
55611,train
55612,validation
55613,train
55614,train
55615,train
55616,train
55617,train
55618,train
55619,train
55620,validation
55621,train
55622,train
55623,train
55624,validation
55625,validation
55626,train
55627,train
55628,train
55629,train
55630,train
55631,train
55632,train
55633,train
55634,validation
55635,train
55636,train
55637,train
55638,train
55639,train
55640,train
55641,train
55642,train
55643,train
55644,validation
55645,train
55646,train
55647,validation
55648,train
55649,train
55650,validation
55651,train
55652,validation
55653,train
55654,train
55655,train
55656,train
55657,train
55658,train
55659,train
55660,train
55661,validation
55662,train
55663,train
55664,validation
55665,train
55666,train
55667,train
55668,validation
55669,train
55670,train
55671,train
55672,train
55673,validation
55674,train
55675,train
55676,train
55677,train
55678,train
55679,validation
55680,train
55681,train
55682,validation
55683,train
55684,train
55685,train
55686,train
55687,train
55688,train
55689,train
55690,train
55691,train
55692,train
55693,train
55694,validation
55695,train
55696,validation
55697,train
55698,train
55699,train
55700,validation
55701,train
55702,train
55703,train
55704,train
55705,train
55706,train
55707,validation
55708,train
55709,validation
55710,train
55711,train
55712,train
55713,train
55714,train
55715,validation
55716,train
55717,validation
55718,train
55719,validation
55720,train
55721,train
55722,validation
55723,train
55724,train
55725,train
55726,validation
55727,validation
55728,validation
55729,train
55730,validation
55731,train
55732,validation
55733,train
55734,train
55735,train
55736,train
55737,train
55738,train
55739,train
55740,validation
55741,validation
55742,train
55743,validation
55744,train
55745,train
55746,train
55747,train
55748,train
55749,train
55750,train
55751,train
55752,train
55753,train
55754,train
55755,train
55756,train
55757,train
55758,train
55759,train
55760,train
55761,train
55762,train
55763,train
55764,train
55765,train
55766,train
55767,train
55768,validation
55769,train
55770,train
55771,train
55772,train
55773,train
55774,train
55775,validation
55776,train
55777,train
55778,validation
55779,train
55780,train
55781,train
55782,validation
55783,train
55784,train
55785,train
55786,train
55787,train
55788,train
55789,train
55790,train
55791,validation
55792,train
55793,train
55794,train
55795,train
55796,validation
55797,train
55798,train
55799,train
55800,train
55801,train
55802,validation
55803,validation
55804,train
55805,train
55806,train
55807,train
55808,train
55809,train
55810,train
55811,train
55812,validation
55813,train
55814,validation
55815,train
55816,train
55817,validation
55818,train
55819,train
55820,train
55821,train
55822,train
55823,validation
55824,train
55825,train
55826,train
55827,train
55828,train
55829,train
55830,train
55831,validation
55832,train
55833,train
55834,train
55835,train
55836,train
55837,train
55838,train
55839,train
55840,train
55841,train
55842,validation
55843,train
55844,validation
55845,validation
55846,train
55847,train
55848,train
55849,train
55850,validation
55851,train
55852,train
55853,validation
55854,validation
55855,train
55856,validation
55857,validation
55858,train
55859,validation
55860,train
55861,train
55862,train
55863,train
55864,validation
55865,train
55866,train
55867,train
55868,validation
55869,train
55870,train
55871,train
55872,train
55873,train
55874,train
55875,train
55876,train
55877,train
55878,validation
55879,validation
55880,train
55881,validation
55882,train
55883,train
55884,train
55885,train
55886,train
55887,train
55888,train
55889,train
55890,train
55891,validation
55892,train
55893,train
55894,validation
55895,train
55896,validation
55897,validation
55898,train
55899,train
55900,train
55901,train
55902,validation
55903,train
55904,train
55905,validation
55906,train
55907,train
55908,train
55909,train
55910,train
55911,train
55912,train
55913,validation
55914,train
55915,validation
55916,validation
55917,validation
55918,validation
55919,validation
55920,validation
55921,validation
55922,validation
55923,train
55924,train
55925,train
55926,train
55927,validation
55928,train
55929,validation
55930,train
55931,train
55932,train
55933,train
55934,validation
55935,train
55936,train
55937,train
55938,train
55939,train
55940,train
55941,train
55942,train
55943,validation
55944,train
55945,train
55946,train
55947,train
55948,validation
55949,train
55950,train
55951,train
55952,train
55953,validation
55954,train
55955,train
55956,train
55957,validation
55958,train
55959,validation
55960,train
55961,train
55962,validation
55963,train
55964,train
55965,train
55966,train
55967,train
55968,train
55969,train
55970,train
55971,train
55972,validation
55973,train
55974,train
55975,train
55976,validation
55977,train
55978,train
55979,validation
55980,train
55981,validation
55982,train
55983,train
55984,train
55985,train
55986,validation
55987,train
55988,validation
55989,train
55990,train
55991,train
55992,train
55993,train
55994,train
55995,train
55996,train
55997,train
55998,train
55999,train
56000,train
56001,train
56002,validation
56003,train
56004,train
56005,train
56006,train
56007,train
56008,validation
56009,train
56010,train
56011,train
56012,train
56013,train
56014,train
56015,train
56016,train
56017,train
56018,train
56019,train
56020,train
56021,validation
56022,train
56023,validation
56024,train
56025,train
56026,validation
56027,train
56028,train
56029,train
56030,train
56031,validation
56032,train
56033,validation
56034,train
56035,train
56036,train
56037,train
56038,train
56039,train
56040,train
56041,validation
56042,train
56043,train
56044,train
56045,train
56046,train
56047,train
56048,train
56049,train
56050,validation
56051,train
56052,validation
56053,train
56054,validation
56055,train
56056,train
56057,train
56058,train
56059,train
56060,train
56061,train
56062,train
56063,train
56064,train
56065,train
56066,train
56067,train
56068,train
56069,validation
56070,train
56071,train
56072,train
56073,validation
56074,validation
56075,train
56076,train
56077,train
56078,train
56079,train
56080,validation
56081,validation
56082,train
56083,train
56084,train
56085,train
56086,train
56087,train
56088,validation
56089,train
56090,validation
56091,train
56092,train
56093,validation
56094,train
56095,train
56096,validation
56097,train
56098,train
56099,validation
56100,train
56101,train
56102,train
56103,train
56104,train
56105,train
56106,train
56107,train
56108,train
56109,train
56110,train
56111,train
56112,train
56113,validation
56114,train
56115,train
56116,train
56117,train
56118,train
56119,validation
56120,train
56121,train
56122,train
56123,train
56124,train
56125,train
56126,train
56127,train
56128,train
56129,train
56130,train
56131,train
56132,validation
56133,validation
56134,validation
56135,train
56136,train
56137,validation
56138,train
56139,train
56140,train
56141,train
56142,train
56143,train
56144,train
56145,train
56146,validation
56147,train
56148,train
56149,train
56150,train
56151,train
56152,validation
56153,train
56154,train
56155,train
56156,train
56157,train
56158,train
56159,validation
56160,train
56161,validation
56162,train
56163,train
56164,train
56165,validation
56166,train
56167,validation
56168,validation
56169,train
56170,train
56171,train
56172,train
56173,train
56174,train
56175,validation
56176,validation
56177,train
56178,train
56179,train
56180,validation
56181,train
56182,train
56183,train
56184,train
56185,train
56186,train
56187,train
56188,train
56189,train
56190,train
56191,train
56192,train
56193,train
56194,validation
56195,train
56196,train
56197,validation
56198,validation
56199,train
56200,validation
56201,validation
56202,train
56203,train
56204,train
56205,validation
56206,train
56207,train
56208,train
56209,train
56210,train
56211,train
56212,validation
56213,train
56214,train
56215,train
56216,train
56217,train
56218,train
56219,train
56220,train
56221,train
56222,validation
56223,train
56224,train
56225,train
56226,train
56227,train
56228,train
56229,train
56230,train
56231,train
56232,train
56233,train
56234,train
56235,train
56236,validation
56237,train
56238,train
56239,train
56240,train
56241,train
56242,train
56243,train
56244,validation
56245,train
56246,validation
56247,train
56248,train
56249,train
56250,validation
56251,validation
56252,train
56253,train
56254,train
56255,train
56256,validation
56257,train
56258,train
56259,train
56260,train
56261,train
56262,train
56263,train
56264,train
56265,train
56266,train
56267,train
56268,train
56269,train
56270,train
56271,validation
56272,train
56273,validation
56274,validation
56275,train
56276,train
56277,train
56278,train
56279,train
56280,train
56281,train
56282,train
56283,train
56284,train
56285,train
56286,train
56287,train
56288,train
56289,validation
56290,train
56291,train
56292,train
56293,train
56294,train
56295,validation
56296,validation
56297,train
56298,train
56299,train
56300,train
56301,train
56302,train
56303,train
56304,train
56305,train
56306,train
56307,train
56308,train
56309,train
56310,train
56311,train
56312,validation
56313,train
56314,train
56315,train
56316,train
56317,train
56318,train
56319,train
56320,train
56321,train
56322,validation
56323,train
56324,train
56325,train
56326,validation
56327,train
56328,validation
56329,train
56330,train
56331,train
56332,train
56333,train
56334,train
56335,train
56336,train
56337,train
56338,train
56339,train
56340,train
56341,train
56342,train
56343,train
56344,validation
56345,train
56346,train
56347,train
56348,train
56349,train
56350,train
56351,train
56352,train
56353,train
56354,validation
56355,train
56356,train
56357,train
56358,train
56359,train
56360,validation
56361,train
56362,train
56363,validation
56364,train
56365,train
56366,validation
56367,train
56368,train
56369,train
56370,train
56371,train
56372,validation
56373,train
56374,validation
56375,validation
56376,train
56377,train
56378,validation
56379,train
56380,train
56381,train
56382,train
56383,validation
56384,train
56385,validation
56386,train
56387,validation
56388,train
56389,train
56390,train
56391,train
56392,train
56393,train
56394,train
56395,train
56396,train
56397,train
56398,train
56399,train
56400,train
56401,train
56402,train
56403,validation
56404,validation
56405,train
56406,validation
56407,train
56408,train
56409,validation
56410,validation
56411,validation
56412,train
56413,validation
56414,train
56415,train
56416,validation
56417,validation
56418,train
56419,train
56420,validation
56421,train
56422,train
56423,validation
56424,train
56425,train
56426,train
56427,train
56428,train
56429,validation
56430,train
56431,validation
56432,train
56433,train
56434,validation
56435,train
56436,validation
56437,train
56438,train
56439,train
56440,train
56441,train
56442,train
56443,train
56444,validation
56445,validation
56446,train
56447,train
56448,train
56449,train
56450,train
56451,train
56452,validation
56453,train
56454,validation
56455,train
56456,train
56457,validation
56458,train
56459,train
56460,train
56461,train
56462,train
56463,train
56464,validation
56465,train
56466,train
56467,train
56468,train
56469,validation
56470,train
56471,validation
56472,train
56473,validation
56474,train
56475,train
56476,train
56477,validation
56478,validation
56479,train
56480,train
56481,train
56482,train
56483,train
56484,train
56485,train
56486,train
56487,train
56488,validation
56489,train
56490,train
56491,train
56492,train
56493,train
56494,train
56495,train
56496,train
56497,train
56498,validation
56499,train
56500,train
56501,validation
56502,train
56503,train
56504,train
56505,train
56506,train
56507,train
56508,train
56509,train
56510,train
56511,train
56512,train
56513,train
56514,train
56515,validation
56516,train
56517,train
56518,train
56519,train
56520,train
56521,validation
56522,train
56523,train
56524,train
56525,validation
56526,train
56527,train
56528,train
56529,train
56530,validation
56531,train
56532,train
56533,train
56534,train
56535,validation
56536,train
56537,validation
56538,train
56539,train
56540,train
56541,train
56542,train
56543,train
56544,validation
56545,validation
56546,train
56547,train
56548,validation
56549,train
56550,train
56551,train
56552,validation
56553,train
56554,train
56555,train
56556,validation
56557,train
56558,train
56559,validation
56560,validation
56561,train
56562,train
56563,train
56564,train
56565,train
56566,train
56567,train
56568,train
56569,validation
56570,train
56571,train
56572,train
56573,train
56574,validation
56575,validation
56576,train
56577,train
56578,train
56579,train
56580,train
56581,train
56582,validation
56583,train
56584,train
56585,train
56586,validation
56587,train
56588,train
56589,train
56590,train
56591,train
56592,train
56593,validation
56594,train
56595,train
56596,train
56597,train
56598,train
56599,validation
56600,validation
56601,validation
56602,train
56603,train
56604,train
56605,train
56606,train
56607,train
56608,train
56609,train
56610,train
56611,validation
56612,validation
56613,train
56614,train
56615,train
56616,train
56617,train
56618,train
56619,validation
56620,validation
56621,train
56622,train
56623,train
56624,train
56625,validation
56626,train
56627,train
56628,validation
56629,train
56630,train
56631,train
56632,train
56633,validation
56634,train
56635,validation
56636,train
56637,train
56638,train
56639,train
56640,train
56641,train
56642,train
56643,validation
56644,train
56645,train
56646,train
56647,train
56648,train
56649,train
56650,validation
56651,train
56652,train
56653,train
56654,train
56655,train
56656,train
56657,train
56658,train
56659,train
56660,validation
56661,train
56662,train
56663,validation
56664,train
56665,train
56666,train
56667,train
56668,train
56669,train
56670,validation
56671,train
56672,train
56673,train
56674,validation
56675,train
56676,train
56677,train
56678,train
56679,train
56680,train
56681,train
56682,train
56683,train
56684,validation
56685,validation
56686,train
56687,train
56688,validation
56689,train
56690,train
56691,validation
56692,train
56693,validation
56694,train
56695,train
56696,validation
56697,train
56698,train
56699,train
56700,train
56701,validation
56702,train
56703,train
56704,train
56705,validation
56706,train
56707,train
56708,train
56709,train
56710,validation
56711,train
56712,validation
56713,train
56714,train
56715,train
56716,train
56717,train
56718,train
56719,train
56720,train
56721,train
56722,train
56723,train
56724,train
56725,train
56726,train
56727,train
56728,train
56729,validation
56730,train
56731,train
56732,train
56733,train
56734,validation
56735,train
56736,train
56737,train
56738,train
56739,train
56740,train
56741,train
56742,train
56743,validation
56744,train
56745,train
56746,train
56747,train
56748,train
56749,train
56750,validation
56751,train
56752,train
56753,validation
56754,train
56755,train
56756,validation
56757,train
56758,train
56759,train
56760,train
56761,validation
56762,train
56763,train
56764,train
56765,train
56766,train
56767,train
56768,train
56769,train
56770,validation
56771,train
56772,train
56773,train
56774,validation
56775,validation
56776,validation
56777,train
56778,train
56779,validation
56780,train
56781,train
56782,train
56783,train
56784,train
56785,train
56786,train
56787,validation
56788,train
56789,train
56790,train
56791,train
56792,validation
56793,train
56794,train
56795,train
56796,train
56797,validation
56798,train
56799,train
56800,train
56801,train
56802,train
56803,train
56804,train
56805,train
56806,train
56807,train
56808,train
56809,train
56810,train
56811,train
56812,train
56813,validation
56814,train
56815,train
56816,train
56817,train
56818,train
56819,train
56820,train
56821,validation
56822,train
56823,train
56824,validation
56825,train
56826,train
56827,train
56828,train
56829,validation
56830,train
56831,train
56832,train
56833,train
56834,train
56835,train
56836,validation
56837,train
56838,train
56839,validation
56840,train
56841,validation
56842,train
56843,train
56844,train
56845,validation
56846,train
56847,train
56848,validation
56849,train
56850,train
56851,train
56852,train
56853,train
56854,train
56855,train
56856,validation
56857,train
56858,train
56859,train
56860,train
56861,train
56862,train
56863,train
56864,train
56865,train
56866,validation
56867,train
56868,train
56869,train
56870,train
56871,validation
56872,train
56873,train
56874,train
56875,validation
56876,train
56877,train
56878,train
56879,train
56880,train
56881,train
56882,validation
56883,train
56884,train
56885,train
56886,train
56887,validation
56888,train
56889,train
56890,train
56891,train
56892,validation
56893,train
56894,train
56895,train
56896,train
56897,validation
56898,train
56899,validation
56900,validation
56901,train
56902,train
56903,validation
56904,train
56905,validation
56906,validation
56907,train
56908,validation
56909,train
56910,train
56911,train
56912,train
56913,train
56914,train
56915,train
56916,validation
56917,train
56918,train
56919,train
56920,train
56921,train
56922,train
56923,train
56924,train
56925,train
56926,train
56927,train
56928,train
56929,train
56930,train
56931,train
56932,train
56933,train
56934,train
56935,train
56936,validation
56937,train
56938,train
56939,train
56940,train
56941,train
56942,validation
56943,train
56944,train
56945,train
56946,train
56947,train
56948,train
56949,validation
56950,validation
56951,validation
56952,train
56953,train
56954,validation
56955,train
56956,train
56957,train
56958,train
56959,validation
56960,train
56961,train
56962,train
56963,train
56964,train
56965,train
56966,train
56967,train
56968,validation
56969,train
56970,train
56971,validation
56972,validation
56973,train
56974,validation
56975,train
56976,train
56977,train
56978,train
56979,train
56980,train
56981,train
56982,train
56983,train
56984,train
56985,train
56986,train
56987,train
56988,train
56989,train
56990,train
56991,validation
56992,train
56993,validation
56994,train
56995,validation
56996,train
56997,train
56998,validation
56999,train
57000,train
57001,validation
57002,train
57003,validation
57004,train
57005,train
57006,train
57007,validation
57008,train
57009,train
57010,train
57011,train
57012,validation
57013,train
57014,validation
57015,train
57016,validation
57017,train
57018,train
57019,train
57020,train
57021,validation
57022,train
57023,validation
57024,train
57025,train
57026,train
57027,validation
57028,train
57029,train
57030,train
57031,train
57032,train
57033,train
57034,train
57035,validation
57036,train
57037,train
57038,train
57039,validation
57040,train
57041,train
57042,train
57043,validation
57044,train
57045,train
57046,train
57047,validation
57048,train
57049,train
57050,train
57051,train
57052,train
57053,validation
57054,train
57055,train
57056,validation
57057,train
57058,train
57059,train
57060,validation
57061,validation
57062,validation
57063,train
57064,train
57065,validation
57066,train
57067,train
57068,validation
57069,train
57070,validation
57071,train
57072,train
57073,train
57074,validation
57075,validation
57076,train
57077,train
57078,train
57079,train
57080,train
57081,train
57082,validation
57083,train
57084,train
57085,train
57086,train
57087,train
57088,train
57089,train
57090,train
57091,train
57092,train
57093,validation
57094,train
57095,train
57096,validation
57097,train
57098,train
57099,train
57100,train
57101,train
57102,validation
57103,train
57104,train
57105,train
57106,train
57107,train
57108,train
57109,train
57110,train
57111,validation
57112,validation
57113,train
57114,validation
57115,train
57116,train
57117,train
57118,train
57119,train
57120,validation
57121,train
57122,train
57123,train
57124,train
57125,train
57126,train
57127,train
57128,validation
57129,train
57130,validation
57131,train
57132,train
57133,train
57134,train
57135,validation
57136,train
57137,train
57138,train
57139,train
57140,validation
57141,train
57142,train
57143,train
57144,train
57145,train
57146,train
57147,train
57148,train
57149,train
57150,train
57151,train
57152,train
57153,train
57154,train
57155,train
57156,train
57157,validation
57158,train
57159,train
57160,train
57161,train
57162,train
57163,train
57164,train
57165,train
57166,train
57167,train
57168,train
57169,train
57170,train
57171,train
57172,train
57173,train
57174,train
57175,train
57176,validation
57177,validation
57178,validation
57179,train
57180,train
57181,train
57182,train
57183,train
57184,validation
57185,validation
57186,validation
57187,train
57188,train
57189,train
57190,validation
57191,train
57192,train
57193,validation
57194,train
57195,train
57196,train
57197,train
57198,validation
57199,validation
57200,train
57201,train
57202,train
57203,train
57204,train
57205,validation
57206,train
57207,train
57208,train
57209,train
57210,validation
57211,train
57212,train
57213,train
57214,train
57215,train
57216,train
57217,train
57218,train
57219,train
57220,train
57221,validation
57222,train
57223,train
57224,validation
57225,validation
57226,train
57227,train
57228,train
57229,validation
57230,train
57231,train
57232,train
57233,train
57234,train
57235,train
57236,train
57237,train
57238,validation
57239,train
57240,train
57241,train
57242,train
57243,train
57244,train
57245,train
57246,train
57247,validation
57248,train
57249,train
57250,train
57251,train
57252,validation
57253,train
57254,train
57255,train
57256,train
57257,validation
57258,validation
57259,train
57260,train
57261,train
57262,validation
57263,train
57264,train
57265,validation
57266,train
57267,train
57268,train
57269,train
57270,validation
57271,train
57272,train
57273,train
57274,train
57275,train
57276,validation
57277,validation
57278,validation
57279,train
57280,train
57281,train
57282,train
57283,train
57284,train
57285,train
57286,train
57287,train
57288,train
57289,train
57290,train
57291,train
57292,train
57293,validation
57294,train
57295,train
57296,validation
57297,validation
57298,validation
57299,train
57300,train
57301,train
57302,train
57303,train
57304,train
57305,train
57306,train
57307,train
57308,validation
57309,train
57310,train
57311,train
57312,train
57313,train
57314,train
57315,train
57316,train
57317,validation
57318,validation
57319,train
57320,train
57321,train
57322,train
57323,train
57324,train
57325,train
57326,train
57327,train
57328,train
57329,validation
57330,validation
57331,train
57332,validation
57333,train
57334,train
57335,train
57336,validation
57337,train
57338,validation
57339,train
57340,train
57341,train
57342,train
57343,train
57344,train
57345,train
57346,validation
57347,train
57348,train
57349,validation
57350,train
57351,train
57352,validation
57353,train
57354,validation
57355,train
57356,train
57357,validation
57358,train
57359,train
57360,validation
57361,validation
57362,train
57363,train
57364,validation
57365,train
57366,train
57367,train
57368,train
57369,train
57370,train
57371,train
57372,train
57373,train
57374,train
57375,train
57376,train
57377,train
57378,train
57379,validation
57380,validation
57381,train
57382,validation
57383,train
57384,train
57385,train
57386,train
57387,train
57388,train
57389,validation
57390,validation
57391,train
57392,train
57393,train
57394,validation
57395,validation
57396,train
57397,train
57398,validation
57399,train
57400,train
57401,validation
57402,train
57403,train
57404,train
57405,train
57406,train
57407,train
57408,train
57409,train
57410,train
57411,validation
57412,train
57413,train
57414,train
57415,train
57416,train
57417,validation
57418,train
57419,train
57420,train
57421,train
57422,train
57423,train
57424,train
57425,validation
57426,train
57427,train
57428,train
57429,train
57430,train
57431,train
57432,train
57433,train
57434,train
57435,validation
57436,train
57437,train
57438,train
57439,validation
57440,train
57441,train
57442,validation
57443,validation
57444,train
57445,train
57446,train
57447,train
57448,train
57449,validation
57450,train
57451,train
57452,train
57453,train
57454,train
57455,train
57456,train
57457,train
57458,train
57459,train
57460,train
57461,validation
57462,train
57463,validation
57464,validation
57465,validation
57466,train
57467,validation
57468,train
57469,train
57470,validation
57471,train
57472,train
57473,validation
57474,validation
57475,validation
57476,train
57477,train
57478,validation
57479,train
57480,validation
57481,train
57482,validation
57483,train
57484,train
57485,validation
57486,train
57487,train
57488,train
57489,train
57490,train
57491,train
57492,validation
57493,train
57494,train
57495,train
57496,train
57497,train
57498,train
57499,train
57500,train
57501,train
57502,train
57503,train
57504,validation
57505,train
57506,train
57507,validation
57508,train
57509,train
57510,train
57511,train
57512,train
57513,train
57514,train
57515,train
57516,train
57517,train
57518,train
57519,train
57520,validation
57521,train
57522,validation
57523,train
57524,train
57525,train
57526,train
57527,train
57528,train
57529,train
57530,validation
57531,train
57532,train
57533,validation
57534,train
57535,train
57536,train
57537,train
57538,train
57539,train
57540,train
57541,validation
57542,validation
57543,train
57544,train
57545,train
57546,train
57547,train
57548,train
57549,train
57550,validation
57551,train
57552,train
57553,train
57554,train
57555,train
57556,train
57557,train
57558,train
57559,train
57560,train
57561,train
57562,train
57563,train
57564,train
57565,train
57566,validation
57567,train
57568,train
57569,train
57570,train
57571,train
57572,train
57573,train
57574,train
57575,train
57576,train
57577,train
57578,train
57579,train
57580,train
57581,train
57582,train
57583,train
57584,train
57585,validation
57586,train
57587,train
57588,validation
57589,train
57590,train
57591,train
57592,train
57593,train
57594,train
57595,validation
57596,train
57597,train
57598,train
57599,train
57600,train
57601,train
57602,train
57603,train
57604,train
57605,train
57606,validation
57607,train
57608,train
57609,validation
57610,train
57611,train
57612,train
57613,train
57614,train
57615,train
57616,train
57617,train
57618,train
57619,train
57620,train
57621,train
57622,train
57623,train
57624,train
57625,train
57626,train
57627,train
57628,train
57629,validation
57630,train
57631,validation
57632,train
57633,train
57634,train
57635,train
57636,train
57637,train
57638,train
57639,train
57640,train
57641,train
57642,validation
57643,train
57644,train
57645,train
57646,train
57647,validation
57648,train
57649,train
57650,train
57651,train
57652,train
57653,train
57654,train
57655,train
57656,train
57657,train
57658,train
57659,train
57660,train
57661,validation
57662,train
57663,train
57664,train
57665,validation
57666,train
57667,train
57668,train
57669,train
57670,train
57671,train
57672,train
57673,train
57674,validation
57675,validation
57676,train
57677,train
57678,validation
57679,train
57680,train
57681,train
57682,train
57683,validation
57684,train
57685,train
57686,train
57687,train
57688,train
57689,train
57690,train
57691,train
57692,train
57693,validation
57694,train
57695,train
57696,validation
57697,train
57698,train
57699,train
57700,train
57701,train
57702,train
57703,train
57704,train
57705,train
57706,train
57707,validation
57708,validation
57709,train
57710,validation
57711,train
57712,train
57713,train
57714,train
57715,train
57716,train
57717,validation
57718,train
57719,train
57720,train
57721,train
57722,train
57723,train
57724,train
57725,train
57726,train
57727,validation
57728,train
57729,train
57730,validation
57731,validation
57732,train
57733,train
57734,train
57735,train
57736,validation
57737,train
57738,train
57739,train
57740,train
57741,train
57742,validation
57743,train
57744,validation
57745,train
57746,train
57747,validation
57748,train
57749,train
57750,train
57751,train
57752,train
57753,train
57754,train
57755,validation
57756,train
57757,train
57758,validation
57759,train
57760,train
57761,train
57762,train
57763,validation
57764,train
57765,train
57766,train
57767,train
57768,train
57769,train
57770,train
57771,train
57772,validation
57773,train
57774,train
57775,train
57776,train
57777,train
57778,train
57779,validation
57780,validation
57781,validation
57782,validation
57783,train
57784,train
57785,train
57786,train
57787,train
57788,validation
57789,train
57790,validation
57791,train
57792,train
57793,train
57794,validation
57795,validation
57796,validation
57797,train
57798,train
57799,train
57800,train
57801,train
57802,train
57803,train
57804,train
57805,train
57806,train
57807,train
57808,train
57809,train
57810,train
57811,train
57812,train
57813,train
57814,validation
57815,validation
57816,validation
57817,train
57818,train
57819,train
57820,train
57821,train
57822,train
57823,validation
57824,train
57825,validation
57826,train
57827,train
57828,train
57829,train
57830,train
57831,train
57832,train
57833,train
57834,train
57835,validation
57836,train
57837,train
57838,train
57839,train
57840,train
57841,train
57842,train
57843,train
57844,train
57845,train
57846,train
57847,train
57848,train
57849,validation
57850,train
57851,validation
57852,train
57853,train
57854,train
57855,train
57856,train
57857,train
57858,train
57859,train
57860,train
57861,train
57862,train
57863,train
57864,train
57865,train
57866,train
57867,validation
57868,validation
57869,train
57870,train
57871,validation
57872,validation
57873,validation
57874,train
57875,train
57876,train
57877,validation
57878,train
57879,validation
57880,train
57881,train
57882,train
57883,train
57884,train
57885,validation
57886,validation
57887,train
57888,train
57889,train
57890,train
57891,train
57892,train
57893,train
57894,validation
57895,train
57896,validation
57897,train
57898,train
57899,train
57900,validation
57901,train
57902,train
57903,train
57904,train
57905,train
57906,train
57907,train
57908,train
57909,train
57910,train
57911,train
57912,train
57913,train
57914,train
57915,train
57916,train
57917,train
57918,train
57919,train
57920,train
57921,train
57922,validation
57923,train
57924,validation
57925,train
57926,train
57927,train
57928,validation
57929,train
57930,train
57931,train
57932,train
57933,train
57934,train
57935,train
57936,train
57937,train
57938,train
57939,train
57940,train
57941,train
57942,train
57943,validation
57944,validation
57945,train
57946,train
57947,train
57948,train
57949,train
57950,validation
57951,train
57952,train
57953,train
57954,train
57955,train
57956,validation
57957,train
57958,train
57959,train
57960,train
57961,train
57962,train
57963,train
57964,train
57965,train
57966,train
57967,train
57968,train
57969,validation
57970,train
57971,train
57972,validation
57973,train
57974,train
57975,train
57976,train
57977,train
57978,train
57979,train
57980,train
57981,train
57982,train
57983,train
57984,train
57985,train
57986,train
57987,validation
57988,validation
57989,train
57990,train
57991,validation
57992,train
57993,train
57994,train
57995,train
57996,train
57997,train
57998,train
57999,validation
58000,train
58001,train
58002,train
58003,train
58004,train
58005,train
58006,train
58007,train
58008,train
58009,train
58010,train
58011,train
58012,validation
58013,train
58014,train
58015,train
58016,train
58017,train
58018,train
58019,train
58020,train
58021,train
58022,validation
58023,validation
58024,train
58025,train
58026,train
58027,train
58028,validation
58029,train
58030,train
58031,train
58032,validation
58033,train
58034,train
58035,train
58036,validation
58037,train
58038,train
58039,validation
58040,train
58041,train
58042,train
58043,train
58044,train
58045,train
58046,train
58047,train
58048,validation
58049,train
58050,train
58051,train
58052,train
58053,train
58054,train
58055,train
58056,train
58057,train
58058,validation
58059,train
58060,validation
58061,validation
58062,validation
58063,train
58064,validation
58065,train
58066,train
58067,train
58068,train
58069,train
58070,train
58071,train
58072,train
58073,train
58074,validation
58075,validation
58076,validation
58077,train
58078,train
58079,train
58080,validation
58081,train
58082,train
58083,train
58084,train
58085,train
58086,train
58087,validation
58088,train
58089,train
58090,train
58091,train
58092,train
58093,train
58094,train
58095,train
58096,train
58097,train
58098,train
58099,validation
58100,train
58101,train
58102,validation
58103,validation
58104,train
58105,train
58106,validation
58107,train
58108,train
58109,train
58110,train
58111,train
58112,train
58113,train
58114,train
58115,train
58116,train
58117,train
58118,train
58119,validation
58120,train
58121,train
58122,train
58123,train
58124,train
58125,validation
58126,train
58127,validation
58128,train
58129,train
58130,train
58131,train
58132,train
58133,validation
58134,train
58135,train
58136,train
58137,train
58138,validation
58139,train
58140,train
58141,validation
58142,train
58143,train
58144,train
58145,train
58146,validation
58147,train
58148,train
58149,train
58150,train
58151,validation
58152,validation
58153,train
58154,train
58155,train
58156,train
58157,train
58158,train
58159,train
58160,train
58161,train
58162,validation
58163,validation
58164,validation
58165,train
58166,train
58167,train
58168,train
58169,train
58170,train
58171,train
58172,train
58173,train
58174,train
58175,train
58176,train
58177,train
58178,validation
58179,train
58180,train
58181,train
58182,train
58183,validation
58184,validation
58185,train
58186,train
58187,train
58188,train
58189,train
58190,train
58191,train
58192,validation
58193,train
58194,train
58195,train
58196,train
58197,train
58198,validation
58199,validation
58200,train
58201,validation
58202,train
58203,train
58204,train
58205,train
58206,validation
58207,validation
58208,train
58209,train
58210,train
58211,validation
58212,validation
58213,train
58214,validation
58215,train
58216,validation
58217,train
58218,train
58219,validation
58220,train
58221,train
58222,train
58223,validation
58224,train
58225,train
58226,train
58227,train
58228,train
58229,train
58230,train
58231,train
58232,train
58233,train
58234,train
58235,train
58236,train
58237,train
58238,train
58239,validation
58240,train
58241,train
58242,validation
58243,train
58244,train
58245,validation
58246,validation
58247,train
58248,train
58249,train
58250,train
58251,validation
58252,validation
58253,train
58254,train
58255,train
58256,train
58257,train
58258,train
58259,train
58260,validation
58261,train
58262,validation
58263,train
58264,train
58265,validation
58266,train
58267,train
58268,train
58269,train
58270,validation
58271,train
58272,train
58273,train
58274,train
58275,train
58276,validation
58277,train
58278,train
58279,train
58280,train
58281,train
58282,train
58283,train
58284,train
58285,train
58286,train
58287,train
58288,validation
58289,train
58290,train
58291,train
58292,validation
58293,train
58294,train
58295,validation
58296,train
58297,train
58298,train
58299,train
58300,train
58301,train
58302,train
58303,train
58304,train
58305,train
58306,train
58307,validation
58308,train
58309,train
58310,validation
58311,validation
58312,validation
58313,validation
58314,train
58315,train
58316,train
58317,validation
58318,train
58319,train
58320,train
58321,validation
58322,train
58323,train
58324,train
58325,train
58326,validation
58327,train
58328,validation
58329,train
58330,validation
58331,validation
58332,train
58333,train
58334,train
58335,train
58336,train
58337,train
58338,validation
58339,train
58340,train
58341,train
58342,train
58343,train
58344,train
58345,train
58346,train
58347,validation
58348,train
58349,train
58350,train
58351,train
58352,validation
58353,train
58354,validation
58355,train
58356,train
58357,validation
58358,train
58359,validation
58360,train
58361,validation
58362,train
58363,train
58364,train
58365,validation
58366,train
58367,train
58368,validation
58369,train
58370,train
58371,train
58372,validation
58373,train
58374,train
58375,train
58376,train
58377,train
58378,validation
58379,train
58380,train
58381,train
58382,train
58383,validation
58384,validation
58385,validation
58386,validation
58387,train
58388,train
58389,train
58390,train
58391,train
58392,train
58393,train
58394,train
58395,train
58396,train
58397,train
58398,validation
58399,train
58400,validation
58401,train
58402,train
58403,train
58404,validation
58405,train
58406,train
58407,train
58408,train
58409,validation
58410,train
58411,validation
58412,train
58413,train
58414,train
58415,train
58416,train
58417,train
58418,train
58419,train
58420,train
58421,train
58422,train
58423,validation
58424,validation
58425,train
58426,train
58427,train
58428,train
58429,validation
58430,train
58431,train
58432,train
58433,train
58434,train
58435,validation
58436,train
58437,train
58438,train
58439,train
58440,train
58441,validation
58442,validation
58443,train
58444,train
58445,validation
58446,train
58447,validation
58448,train
58449,train
58450,train
58451,train
58452,train
58453,train
58454,train
58455,train
58456,train
58457,train
58458,train
58459,train
58460,train
58461,train
58462,train
58463,train
58464,train
58465,train
58466,train
58467,train
58468,train
58469,train
58470,train
58471,validation
58472,train
58473,train
58474,train
58475,train
58476,train
58477,train
58478,train
58479,train
58480,train
58481,train
58482,train
58483,validation
58484,train
58485,train
58486,train
58487,train
58488,train
58489,validation
58490,validation
58491,train
58492,train
58493,train
58494,train
58495,train
58496,train
58497,train
58498,train
58499,train
58500,train
58501,train
58502,train
58503,train
58504,train
58505,train
58506,train
58507,train
58508,train
58509,train
58510,validation
58511,validation
58512,train
58513,train
58514,train
58515,train
58516,validation
58517,train
58518,train
58519,train
58520,train
58521,validation
58522,train
58523,train
58524,train
58525,train
58526,train
58527,train
58528,train
58529,train
58530,train
58531,train
58532,train
58533,validation
58534,train
58535,train
58536,train
58537,train
58538,validation
58539,train
58540,train
58541,validation
58542,train
58543,train
58544,train
58545,validation
58546,train
58547,train
58548,train
58549,train
58550,validation
58551,train
58552,train
58553,validation
58554,train
58555,train
58556,train
58557,train
58558,train
58559,train
58560,train
58561,train
58562,validation
58563,train
58564,train
58565,train
58566,train
58567,validation
58568,train
58569,train
58570,train
58571,train
58572,train
58573,train
58574,validation
58575,validation
58576,train
58577,train
58578,train
58579,train
58580,train
58581,train
58582,train
58583,validation
58584,train
58585,train
58586,train
58587,train
58588,train
58589,train
58590,validation
58591,train
58592,train
58593,train
58594,train
58595,train
58596,train
58597,train
58598,train
58599,train
58600,validation
58601,train
58602,train
58603,train
58604,train
58605,validation
58606,train
58607,train
58608,train
58609,train
58610,train
58611,train
58612,train
58613,train
58614,train
58615,validation
58616,train
58617,train
58618,train
58619,train
58620,train
58621,train
58622,train
58623,train
58624,train
58625,train
58626,train
58627,train
58628,train
58629,train
58630,train
58631,train
58632,validation
58633,train
58634,train
58635,train
58636,train
58637,train
58638,train
58639,train
58640,train
58641,train
58642,train
58643,validation
58644,train
58645,train
58646,train
58647,train
58648,train
58649,train
58650,train
58651,train
58652,validation
58653,train
58654,train
58655,train
58656,validation
58657,validation
58658,train
58659,train
58660,train
58661,train
58662,validation
58663,train
58664,train
58665,train
58666,train
58667,train
58668,train
58669,train
58670,train
58671,train
58672,train
58673,train
58674,train
58675,train
58676,train
58677,train
58678,train
58679,train
58680,train
58681,train
58682,train
58683,train
58684,train
58685,validation
58686,train
58687,train
58688,train
58689,train
58690,train
58691,train
58692,train
58693,train
58694,train
58695,train
58696,validation
58697,train
58698,train
58699,train
58700,train
58701,train
58702,train
58703,train
58704,train
58705,train
58706,train
58707,train
58708,train
58709,train
58710,train
58711,train
58712,train
58713,train
58714,train
58715,train
58716,train
58717,train
58718,train
58719,train
58720,train
58721,train
58722,validation
58723,train
58724,train
58725,validation
58726,train
58727,train
58728,train
58729,validation
58730,train
58731,train
58732,train
58733,train
58734,validation
58735,validation
58736,validation
58737,train
58738,train
58739,train
58740,train
58741,train
58742,train
58743,train
58744,train
58745,validation
58746,train
58747,train
58748,train
58749,train
58750,train
58751,validation
58752,train
58753,train
58754,train
58755,train
58756,validation
58757,train
58758,train
58759,validation
58760,train
58761,train
58762,validation
58763,train
58764,train
58765,train
58766,train
58767,train
58768,train
58769,train
58770,train
58771,train
58772,validation
58773,train
58774,train
58775,train
58776,train
58777,train
58778,train
58779,train
58780,train
58781,train
58782,train
58783,train
58784,train
58785,train
58786,train
58787,train
58788,train
58789,train
58790,validation
58791,validation
58792,train
58793,train
58794,validation
58795,train
58796,train
58797,train
58798,train
58799,train
58800,train
58801,train
58802,train
58803,train
58804,train
58805,train
58806,train
58807,train
58808,train
58809,validation
58810,train
58811,train
58812,train
58813,train
58814,train
58815,train
58816,validation
58817,train
58818,train
58819,train
58820,train
58821,train
58822,train
58823,validation
58824,train
58825,train
58826,train
58827,train
58828,validation
58829,train
58830,train
58831,train
58832,train
58833,train
58834,train
58835,train
58836,validation
58837,train
58838,train
58839,validation
58840,validation
58841,train
58842,train
58843,train
58844,train
58845,validation
58846,train
58847,train
58848,validation
58849,train
58850,train
58851,train
58852,train
58853,train
58854,train
58855,train
58856,train
58857,train
58858,train
58859,train
58860,train
58861,validation
58862,train
58863,train
58864,train
58865,train
58866,train
58867,train
58868,train
58869,train
58870,train
58871,validation
58872,validation
58873,train
58874,validation
58875,train
58876,train
58877,validation
58878,train
58879,train
58880,validation
58881,train
58882,train
58883,validation
58884,train
58885,validation
58886,train
58887,train
58888,train
58889,validation
58890,train
58891,train
58892,train
58893,train
58894,train
58895,train
58896,train
58897,train
58898,train
58899,train
58900,train
58901,train
58902,validation
58903,train
58904,train
58905,train
58906,train
58907,train
58908,train
58909,train
58910,validation
58911,train
58912,train
58913,train
58914,train
58915,train
58916,train
58917,validation
58918,validation
58919,train
58920,train
58921,validation
58922,validation
58923,train
58924,train
58925,train
58926,train
58927,train
58928,train
58929,validation
58930,train
58931,train
58932,train
58933,train
58934,validation
58935,train
58936,validation
58937,train
58938,train
58939,validation
58940,train
58941,validation
58942,train
58943,validation
58944,train
58945,train
58946,train
58947,train
58948,train
58949,train
58950,train
58951,train
58952,train
58953,train
58954,train
58955,train
58956,train
58957,train
58958,train
58959,train
58960,validation
58961,train
58962,train
58963,train
58964,validation
58965,train
58966,train
58967,train
58968,validation
58969,train
58970,train
58971,train
58972,train
58973,train
58974,train
58975,validation
58976,train
58977,train
58978,train
58979,validation
58980,train
58981,train
58982,train
58983,train
58984,train
58985,validation
58986,train
58987,train
58988,train
58989,train
58990,train
58991,train
58992,train
58993,train
58994,validation
58995,validation
58996,train
58997,train
58998,train
58999,train
59000,validation
59001,train
59002,train
59003,train
59004,train
59005,train
59006,validation
59007,train
59008,validation
59009,train
59010,train
59011,train
59012,train
59013,train
59014,validation
59015,train
59016,validation
59017,train
59018,train
59019,train
59020,train
59021,train
59022,train
59023,train
59024,validation
59025,train
59026,validation
59027,validation
59028,validation
59029,train
59030,train
59031,train
59032,validation
59033,validation
59034,validation
59035,train
59036,train
59037,train
59038,train
59039,train
59040,validation
59041,train
59042,train
59043,train
59044,train
59045,validation
59046,train
59047,train
59048,train
59049,train
59050,train
59051,train
59052,validation
59053,train
59054,train
59055,train
59056,train
59057,validation
59058,train
59059,train
59060,train
59061,train
59062,train
59063,train
59064,validation
59065,train
59066,train
59067,train
59068,train
59069,train
59070,train
59071,train
59072,validation
59073,train
59074,train
59075,train
59076,train
59077,train
59078,train
59079,train
59080,train
59081,train
59082,train
59083,train
59084,train
59085,train
59086,train
59087,train
59088,train
59089,train
59090,train
59091,train
59092,validation
59093,validation
59094,train
59095,validation
59096,train
59097,validation
59098,validation
59099,train
59100,train
59101,train
59102,train
59103,validation
59104,train
59105,train
59106,train
59107,train
59108,train
59109,validation
59110,train
59111,train
59112,train
59113,validation
59114,train
59115,train
59116,train
59117,train
59118,train
59119,train
59120,train
59121,train
59122,train
59123,train
59124,train
59125,train
59126,train
59127,validation
59128,train
59129,train
59130,train
59131,train
59132,train
59133,train
59134,validation
59135,train
59136,train
59137,validation
59138,validation
59139,train
59140,train
59141,train
59142,train
59143,train
59144,train
59145,validation
59146,train
59147,validation
59148,train
59149,train
59150,train
59151,train
59152,train
59153,validation
59154,train
59155,train
59156,validation
59157,validation
59158,validation
59159,train
59160,validation
59161,validation
59162,validation
59163,train
59164,train
59165,train
59166,train
59167,train
59168,train
59169,train
59170,train
59171,train
59172,validation
59173,validation
59174,train
59175,train
59176,validation
59177,train
59178,validation
59179,train
59180,train
59181,train
59182,validation
59183,train
59184,train
59185,train
59186,train
59187,train
59188,train
59189,train
59190,train
59191,train
59192,train
59193,train
59194,train
59195,train
59196,train
59197,train
59198,train
59199,train
59200,train
59201,validation
59202,train
59203,train
59204,train
59205,train
59206,train
59207,train
59208,validation
59209,train
59210,train
59211,train
59212,train
59213,validation
59214,train
59215,train
59216,train
59217,train
59218,train
59219,train
59220,validation
59221,train
59222,train
59223,train
59224,train
59225,validation
59226,train
59227,train
59228,validation
59229,train
59230,train
59231,train
59232,train
59233,validation
59234,train
59235,train
59236,train
59237,train
59238,validation
59239,validation
59240,validation
59241,train
59242,train
59243,train
59244,train
59245,validation
59246,train
59247,train
59248,validation
59249,train
59250,validation
59251,train
59252,train
59253,train
59254,validation
59255,validation
59256,train
59257,train
59258,train
59259,train
59260,train
59261,train
59262,train
59263,train
59264,train
59265,validation
59266,train
59267,train
59268,validation
59269,train
59270,train
59271,train
59272,train
59273,train
59274,train
59275,train
59276,train
59277,train
59278,train
59279,train
59280,train
59281,train
59282,train
59283,train
59284,validation
59285,train
59286,train
59287,validation
59288,train
59289,train
59290,train
59291,train
59292,train
59293,train
59294,train
59295,train
59296,train
59297,validation
59298,train
59299,train
59300,validation
59301,train
59302,train
59303,train
59304,train
59305,train
59306,validation
59307,train
59308,train
59309,train
59310,train
59311,train
59312,train
59313,train
59314,train
59315,train
59316,train
59317,train
59318,validation
59319,train
59320,train
59321,train
59322,train
59323,train
59324,train
59325,train
59326,validation
59327,train
59328,train
59329,train
59330,validation
59331,train
59332,train
59333,validation
59334,train
59335,train
59336,train
59337,train
59338,train
59339,train
59340,train
59341,train
59342,train
59343,train
59344,validation
59345,train
59346,train
59347,train
59348,validation
59349,train
59350,train
59351,validation
59352,train
59353,train
59354,train
59355,train
59356,train
59357,train
59358,train
59359,train
59360,train
59361,train
59362,train
59363,train
59364,train
59365,train
59366,train
59367,validation
59368,train
59369,train
59370,validation
59371,validation
59372,train
59373,validation
59374,train
59375,train
59376,train
59377,train
59378,train
59379,train
59380,validation
59381,validation
59382,train
59383,train
59384,train
59385,train
59386,train
59387,train
59388,train
59389,train
59390,train
59391,train
59392,train
59393,train
59394,train
59395,train
59396,train
59397,train
59398,train
59399,train
59400,train
59401,train
59402,train
59403,train
59404,train
59405,train
59406,train
59407,validation
59408,train
59409,train
59410,train
59411,train
59412,validation
59413,train
59414,train
59415,train
59416,train
59417,train
59418,train
59419,validation
59420,train
59421,train
59422,train
59423,train
59424,validation
59425,train
59426,train
59427,validation
59428,train
59429,train
59430,train
59431,validation
59432,train
59433,train
59434,train
59435,train
59436,train
59437,train
59438,validation
59439,train
59440,train
59441,train
59442,validation
59443,train
59444,train
59445,train
59446,validation
59447,train
59448,train
59449,validation
59450,train
59451,train
59452,train
59453,train
59454,train
59455,train
59456,train
59457,train
59458,train
59459,train
59460,train
59461,train
59462,validation
59463,train
59464,validation
59465,train
59466,train
59467,train
59468,train
59469,validation
59470,validation
59471,train
59472,train
59473,validation
59474,train
59475,train
59476,train
59477,validation
59478,train
59479,train
59480,train
59481,train
59482,train
59483,train
59484,train
59485,train
59486,train
59487,train
59488,validation
59489,train
59490,train
59491,train
59492,train
59493,train
59494,train
59495,train
59496,train
59497,train
59498,train
59499,train
59500,train
59501,train
59502,train
59503,train
59504,train
59505,train
59506,validation
59507,train
59508,train
59509,train
59510,train
59511,train
59512,train
59513,train
59514,train
59515,train
59516,train
59517,train
59518,train
59519,train
59520,train
59521,train
59522,validation
59523,train
59524,validation
59525,train
59526,train
59527,train
59528,train
59529,train
59530,validation
59531,train
59532,train
59533,train
59534,train
59535,train
59536,train
59537,validation
59538,train
59539,train
59540,validation
59541,train
59542,train
59543,train
59544,train
59545,train
59546,train
59547,train
59548,train
59549,train
59550,train
59551,train
59552,train
59553,train
59554,train
59555,train
59556,train
59557,validation
59558,train
59559,train
59560,train
59561,train
59562,train
59563,train
59564,validation
59565,train
59566,validation
59567,train
59568,train
59569,train
59570,train
59571,train
59572,train
59573,train
59574,train
59575,train
59576,train
59577,train
59578,train
59579,train
59580,train
59581,train
59582,train
59583,validation
59584,train
59585,train
59586,validation
59587,train
59588,train
59589,train
59590,train
59591,validation
59592,train
59593,train
59594,validation
59595,train
59596,train
59597,train
59598,validation
59599,train
59600,train
59601,train
59602,train
59603,train
59604,train
59605,train
59606,validation
59607,train
59608,train
59609,train
59610,train
59611,train
59612,train
59613,train
59614,train
59615,train
59616,train
59617,validation
59618,train
59619,validation
59620,train
59621,train
59622,train
59623,train
59624,validation
59625,train
59626,validation
59627,train
59628,train
59629,train
59630,train
59631,train
59632,validation
59633,train
59634,train
59635,train
59636,train
59637,train
59638,train
59639,train
59640,train
59641,train
59642,validation
59643,train
59644,train
59645,train
59646,train
59647,validation
59648,train
59649,train
59650,train
59651,train
59652,train
59653,train
59654,train
59655,train
59656,train
59657,train
59658,train
59659,train
59660,train
59661,train
59662,train
59663,train
59664,train
59665,train
59666,train
59667,validation
59668,validation
59669,train
59670,train
59671,train
59672,train
59673,train
59674,train
59675,train
59676,train
59677,train
59678,train
59679,train
59680,train
59681,train
59682,train
59683,train
59684,train
59685,train
59686,validation
59687,train
59688,train
59689,train
59690,train
59691,train
59692,validation
59693,train
59694,train
59695,train
59696,train
59697,validation
59698,train
59699,train
59700,train
59701,train
59702,train
59703,train
59704,train
59705,train
59706,validation
59707,train
59708,train
59709,train
59710,train
59711,validation
59712,validation
59713,train
59714,train
59715,validation
59716,train
59717,train
59718,train
59719,validation
59720,train
59721,train
59722,train
59723,validation
59724,train
59725,train
59726,train
59727,train
59728,train
59729,train
59730,train
59731,train
59732,validation
59733,train
59734,train
59735,validation
59736,train
59737,train
59738,train
59739,train
59740,validation
59741,train
59742,train
59743,validation
59744,train
59745,train
59746,train
59747,train
59748,train
59749,train
59750,train
59751,train
59752,train
59753,train
59754,train
59755,train
59756,train
59757,train
59758,train
59759,validation
59760,train
59761,train
59762,train
59763,train
59764,train
59765,train
59766,train
59767,train
59768,validation
59769,train
59770,train
59771,train
59772,train
59773,validation
59774,validation
59775,train
59776,train
59777,train
59778,train
59779,train
59780,train
59781,validation
59782,validation
59783,train
59784,train
59785,train
59786,validation
59787,train
59788,train
59789,validation
59790,validation
59791,train
59792,train
59793,train
59794,train
59795,train
59796,train
59797,train
59798,train
59799,train
59800,validation
59801,train
59802,train
59803,validation
59804,validation
59805,train
59806,validation
59807,train
59808,train
59809,train
59810,train
59811,train
59812,train
59813,validation
59814,validation
59815,train
59816,train
59817,train
59818,validation
59819,train
59820,train
59821,train
59822,validation
59823,validation
59824,validation
59825,train
59826,train
59827,train
59828,train
59829,train
59830,train
59831,train
59832,validation
59833,validation
59834,train
59835,train
59836,train
59837,train
59838,validation
59839,train
59840,train
59841,train
59842,train
59843,validation
59844,train
59845,train
59846,validation
59847,train
59848,validation
59849,train
59850,train
59851,validation
59852,train
59853,train
59854,train
59855,validation
59856,train
59857,train
59858,validation
59859,validation
59860,validation
59861,train
59862,validation
59863,train
59864,train
59865,train
59866,train
59867,train
59868,train
59869,train
59870,train
59871,train
59872,train
59873,train
59874,train
59875,train
59876,train
59877,train
59878,train
59879,train
59880,train
59881,train
59882,train
59883,train
59884,train
59885,validation
59886,train
59887,validation
59888,train
59889,train
59890,train
59891,validation
59892,train
59893,train
59894,train
59895,validation
59896,train
59897,train
59898,train
59899,train
59900,train
59901,train
59902,train
59903,train
59904,validation
59905,train
59906,validation
59907,train
59908,train
59909,train
59910,train
59911,train
59912,train
59913,train
59914,train
59915,validation
59916,train
59917,train
59918,train
59919,train
59920,train
59921,validation
59922,train
59923,validation
59924,validation
59925,train
59926,train
59927,train
59928,train
59929,train
59930,validation
59931,train
59932,train
59933,train
59934,train
59935,train
59936,train
59937,train
59938,validation
59939,train
59940,train
59941,train
59942,train
59943,train
59944,train
59945,validation
59946,train
59947,train
59948,train
59949,train
59950,train
59951,train
59952,train
59953,train
59954,validation
59955,train
59956,train
59957,train
59958,train
59959,train
59960,train
59961,train
59962,train
59963,train
59964,train
59965,train
59966,train
59967,validation
59968,train
59969,train
59970,train
59971,train
59972,train
59973,validation
59974,train
59975,train
59976,validation
59977,train
59978,validation
59979,validation
59980,train
59981,train
59982,train
59983,train
59984,validation
59985,train
59986,train
59987,train
59988,validation
59989,train
59990,train
59991,train
59992,train
59993,validation
59994,train
59995,validation
59996,train
59997,validation
59998,validation
59999,train
