time (ms.),fault_label,RPM [RPM],PEDAL INPUT [%],MAF [g/s],NOx [ppm]
0.0,airleak_nox,674.0032356524198,0.0,1.3437362814905605,176.25950019767018
500.0,airleak_nox,880.2090104469513,2.023329028172751,1.5685791829960958,219.54504493932535
1000.0,airleak_nox,988.5743951767205,2.7236438445989917,1.5811266832097959,206.76657275476512
1500.0,airleak_nox,1040.421933198651,3.93530229443444,0.7757127281239098,241.70700729037628
2000.0,airleak_nox,1088.3060897979572,3.79810701713719,0.7098483387028934,288.82896452140255
2500.0,airleak_nox,1119.2900550952806,4.991997535637505,1.0573734194626379,258.1141786810943
3000.0,airleak_nox,1196.0563567008107,5.919837458799707,1.0013527511690907,303.13338982684013
3500.0,airleak_nox,1145.9076354824585,4.752560778393893,0.06501165119955132,218.08748954934396
4000.0,airleak_nox,1027.7539997150566,3.407168078787972,1.4072801543040085,248.82842181528625
4500.0,airleak_nox,751.2245631539552,0.0,1.998042370903204,225.21648856115212
5000.0,airleak_nox,1154.484125458396,6.825488018614077,1.1899181422624794,205.83749393495088
5500.0,airleak_nox,961.7074435746273,5.919397247120221,1.914827581361849,222.87724520042534
6000.0,airleak_nox,1104.6342605497157,7.01004760824348,0.786491515499316,268.5952471784148
6500.0,airleak_nox,1138.00045727785,7.943169059169357,-0.16604428671834826,238.40578674608042
7000.0,airleak_nox,1088.4060964285563,7.968,2.2227561886809934,183.98164304276278
7500.0,airleak_nox,1164.395935317316,7.968,1.6804717924644927,243.02871609627692
8000.0,airleak_nox,1041.5552642799023,7.58131529538002,1.5139805170876561,234.39173987042827
8500.0,airleak_nox,1053.5784452896442,7.968,-0.34081634291121654,234.5633001940929
9000.0,airleak_nox,1181.4495388436821,7.968,1.5814459927638405,253.28936805256282
9500.0,airleak_nox,1117.2227218544824,7.968,1.6713669885394147,216.1688282805069
10000.0,airleak_nox,1199.8838606078916,7.968,1.2293985377675192,213.912256750192
10500.0,airleak_nox,733.1984311091791,0.0,0.8524608975515275,200.46829720063099
11000.0,airleak_nox,784.3163650571108,0.0,1.3438618987363762,159.52229199253384
11500.0,airleak_nox,832.2035263062041,0.0,3.182435737737908,208.5334713524212
12000.0,airleak_nox,823.1731863047654,0.0,0.36539702767147464,231.52184480519315
12500.0,airleak_nox,827.6488882093704,0.0,1.4796537149032463,204.81625106664706
13000.0,airleak_nox,786.1098437837237,0.0,1.9311130684603293,233.77180023618874
13500.0,airleak_nox,783.2193296602514,0.0,0.9007111717680074,222.440074107651
14000.0,airleak_nox,784.3718567280629,0.0,0.4746752300464956,202.38049249510755
14500.0,airleak_nox,755.9412396311038,0.0,0.07457477151501268,186.10804805224234
15000.0,airleak_nox,745.810209722539,0.0,2.4304701069797345,221.85906356476883
15500.0,airleak_nox,689.9890691396264,0.0,1.9455157605488906,203.14686162649986
16000.0,airleak_nox,651.8925475821305,0.0,1.1360110999541633,215.29735105954165
16500.0,airleak_nox,667.3514303900461,0.34407504728081073,1.5005361264823138,202.65525385756914
17000.0,airleak_nox,618.4009158965373,0.5166069302672343,1.713766111145072,182.45559139075172
17500.0,airleak_nox,601.1949362292698,0.024161637145451942,0.3169067997863806,210.16764183026623
18000.0,airleak_nox,652.7883348569891,0.0,0.5828545951690873,180.39359874879375
18500.0,airleak_nox,600.0,0.0,1.6036700158738628,130.1861676155413
19000.0,airleak_nox,611.5366008690588,0.0,1.4812164111308985,144.8754535474954
19500.0,airleak_nox,783.2461259722637,1.3980755463363574,-1.414885103601366,179.4040629391363
20000.0,airleak_nox,906.2608995150867,2.6399670902579877,0.8520046366247673,205.5886719369454
20500.0,airleak_nox,972.2835389723128,2.957781632565959,1.610612530451309,191.5322641202988
21000.0,airleak_nox,933.6852806889951,3.207343173796316,1.3721809698253193,213.3323916505526
21500.0,airleak_nox,925.0956368164533,2.113905146866636,0.3272067155963718,181.77015330123947
22000.0,airleak_nox,964.7294573298108,2.336555088898543,0.5703870805253116,211.99322651445232
22500.0,airleak_nox,1006.7799551801289,3.2480990510041683,2.0650411270877598,199.33764938748106
23000.0,airleak_nox,962.3060400809792,3.154697713286582,1.22002427095381,242.20597629711835
23500.0,airleak_nox,925.1809356927515,2.255507843280365,1.346522156969676,213.11794613133512
24000.0,airleak_nox,849.0494808119544,0.598375887197854,-0.2629146529209505,219.95397236685147
24500.0,airleak_nox,736.7027531714338,0.0,0.8803276175422053,177.68043741493764
25000.0,airleak_nox,627.9096028706422,0.0,2.0313508049578357,190.90852835424707
25500.0,airleak_nox,709.2146934982909,0.038348760007495944,2.0788697114957246,205.12234085154523
26000.0,airleak_nox,610.9588773018912,0.0,0.316982788016155,215.0689703810746
26500.0,airleak_nox,600.0,0.026465294042939038,1.4672910185381813,237.01212921010284
27000.0,airleak_nox,600.0,0.6349650321510567,2.018241217461105,208.3634716999095
27500.0,airleak_nox,658.5647693700558,0.0,0.8825028540214115,222.08234811977752
28000.0,airleak_nox,610.2488998009061,0.0,0.5421131672309071,194.12124305222014
28500.0,airleak_nox,600.0,0.0,1.963009655468731,205.8643838495391
29000.0,airleak_nox,600.0,0.0,1.2008538257772354,204.29759129686698
29500.0,airleak_nox,694.6824686705927,0.0,1.7081753346392843,236.17158120677186
30000.0,airleak_nox,648.2707785408928,0.0,0.7588375714207407,213.4696524014913
30500.0,airleak_nox,736.8909474100609,0.0,0.4700975186592651,243.17210787532275
31000.0,airleak_nox,768.8128867642655,0.0,1.2903772700121987,187.77175199321132
31500.0,airleak_nox,732.3332815648471,0.0,0.8632389950293508,214.91932533745137
32000.0,airleak_nox,824.4364012321028,0.0,-1.1273892797661058,204.09454787655665
32500.0,airleak_nox,857.8936283463587,0.0,1.0407870024999828,172.0358844834594
33000.0,airleak_nox,806.8613867201009,0.0,0.8809603639028534,201.9476235524459
33500.0,airleak_nox,788.9132652618391,0.03910648136300223,1.1546255800023384,190.7615164106075
34000.0,airleak_nox,808.4248802793145,0.0,0.3461129274191408,200.7271764417959
34500.0,airleak_nox,816.6528770067441,0.46196330429647764,1.6695627686120973,234.49105397948583
35000.0,airleak_nox,1254.1409185671134,7.968,0.3233177734993833,221.97657171703844
35500.0,airleak_nox,1248.007449987946,7.968,1.2403190508459385,264.34407616904
36000.0,airleak_nox,1120.3298101369865,7.968,1.5695046379946,249.98179505290298
36500.0,airleak_nox,1150.7567023098086,7.968,-0.1250915014763394,261.7784992343299
37000.0,airleak_nox,1095.6348837883484,7.968,2.181608195193202,251.4259700674487
37500.0,airleak_nox,1034.7494134070441,6.999544667932928,0.8126311474045187,218.11644593573538
38000.0,airleak_nox,990.0745595277571,5.898474417806749,1.0940717282559778,246.731056703228
38500.0,airleak_nox,1045.3403315848138,6.976657551232737,2.244948031837284,230.1617731065537
39000.0,airleak_nox,1189.0074286115632,7.968,2.24085456217584,246.94993244231475
39500.0,airleak_nox,1204.5649186011997,7.968,2.7444621247278977,272.2339081688877
40000.0,airleak_nox,1298.9946835692263,7.968,1.7152312795971716,261.8903001653492
40500.0,airleak_nox,991.0134800276469,4.311864589225749,1.8406260224211073,212.25298714048273
41000.0,airleak_nox,1076.1153077689564,4.362732017289352,0.6829158229692956,228.94613697527936
41500.0,airleak_nox,1124.3486830897912,3.7575168565437758,0.9304800292337354,247.64850113807046
42000.0,airleak_nox,1024.0664672500438,3.8957967825423996,1.9399983261428893,227.27059274569223
42500.0,airleak_nox,1060.6840038877137,4.046756277233524,1.5277336936851411,225.69544976901238
43000.0,airleak_nox,1005.1359874774543,2.8408049345138613,2.1106068194438077,232.4155311974145
43500.0,airleak_nox,768.4230272731207,0.0,2.59715142614071,200.8992514060696
44000.0,airleak_nox,757.8389209591725,0.0,1.8288423769205804,175.42303472933483
44500.0,airleak_nox,749.1642074844253,0.0,0.13494070741249775,179.78057978582441
45000.0,airleak_nox,709.9574685547003,0.0,1.0395471768378548,173.35008853437395
45500.0,airleak_nox,657.0822293646536,0.0,2.3201053038638433,147.95927743746938
46000.0,airleak_nox,606.4180390952627,0.0,0.27255598422439853,198.36584009782374
46500.0,airleak_nox,604.0452892425586,0.0,1.974214559796502,187.16363963718317
47000.0,airleak_nox,600.0,0.0,1.3095972383122132,197.66429867818255
47500.0,airleak_nox,603.8101791637739,0.0,-0.4533165112642765,148.3355176456555
48000.0,airleak_nox,600.0,0.0,1.3957205626931048,216.55137593753508
48500.0,airleak_nox,625.1542067141283,0.0,0.5481039357066392,192.32353206120501
49000.0,airleak_nox,615.5669106122755,0.0,0.5569416325897483,189.81078592502317
49500.0,airleak_nox,667.6885818453442,0.0,1.1757918683793869,224.89308227089919
50000.0,airleak_nox,689.7382167876247,0.0,0.21685000372139518,233.8366079945614
50500.0,airleak_nox,793.6000246623968,0.0,1.1636322563453434,209.45219753814123
51000.0,airleak_nox,741.8654929949241,0.0,2.0297460800617113,213.70265320431741
51500.0,airleak_nox,792.4691300845087,0.03741006730325536,0.6545773545478568,228.8973068779707
52000.0,airleak_nox,768.6034302877667,0.0,2.313216741564138,184.097091762696
52500.0,airleak_nox,779.197901967636,0.0,0.7423347970390999,246.67506938534729
53000.0,airleak_nox,782.7438999527675,0.0,1.60152003601943,222.3931332489641
53500.0,airleak_nox,816.0444191057858,0.32090311347649847,0.3880249352702143,200.8611229528124
54000.0,airleak_nox,766.9451959451487,0.0,1.2044973094731162,187.27738772406067
54500.0,airleak_nox,735.3549988353313,0.0,2.8210285546206397,177.79098802588138
55000.0,airleak_nox,756.926414418981,0.6317055395141495,2.297599682666667,202.48124049021786
55500.0,airleak_nox,799.5968396519356,1.7657592570912026,0.6969143069499121,221.01589586879555
56000.0,airleak_nox,822.1148336112246,2.5116493434178264,0.9858200800123611,207.1761713536146
56500.0,airleak_nox,837.1575899103113,2.888874853268509,2.5457428003439766,197.4359662863313
57000.0,airleak_nox,731.0580217144544,1.8831282484131215,1.8300481999877858,171.8164748283508
57500.0,airleak_nox,600.0,0.7946995825815903,2.1743198203786323,172.38113068562208
58000.0,airleak_nox,627.9705074472888,0.3202690285470912,2.3056858413461923,164.78632827744738
58500.0,airleak_nox,674.0353673330575,1.6597808096907098,1.600967462757646,197.39784824628444
59000.0,airleak_nox,816.6373538069288,3.3195120847497557,0.2641143081211923,204.59933241846312
59500.0,airleak_nox,965.2049263257254,3.8895501242480415,0.37533961794765713,204.11667903168325
60000.0,airleak_nox,875.9328512459621,3.494511733294964,0.86146943165439,223.0693887431769
60500.0,airleak_nox,941.1990222506139,2.4189861953975713,1.5443000578030421,236.81171523262836
61000.0,airleak_nox,815.7849168375109,0.19756423608141,1.5000219691442274,205.46485076096735
61500.0,airleak_nox,830.7904783436323,0.0,1.97553951081533,241.61744669981496
62000.0,airleak_nox,791.2896335793558,0.0,1.1485269505257116,213.36456875299226
62500.0,airleak_nox,853.685342627468,0.0,0.5342257855873357,209.9677478677083
63000.0,airleak_nox,786.354188791723,0.0,1.4594123613601766,220.40992375881964
63500.0,airleak_nox,802.4502006474711,0.0,0.10224911225211852,212.40805377122942
64000.0,airleak_nox,753.5254220213152,0.0,1.1972357102981679,237.08627375031608
64500.0,airleak_nox,768.070247684015,0.0,1.0881583589622403,207.99976341171313
65000.0,airleak_nox,865.2739009048628,2.6776675366620837,2.065602434346226,229.09883677596886
65500.0,airleak_nox,1017.130700399691,5.1266852023694405,1.6842140223567865,249.79609233712426
66000.0,airleak_nox,1040.6574481180724,6.9397587216973555,0.7877999691939059,261.27904324868734
66500.0,airleak_nox,1108.7822475278094,7.277980346121493,0.5956328845996021,237.2797248957121
67000.0,airleak_nox,1030.458502290031,6.493498623939928,1.2175025402891526,236.31455202628513
67500.0,airleak_nox,858.6079309817798,5.297766768109296,1.3867509360925188,211.72648205109223
68000.0,airleak_nox,901.6160233003295,4.490398080547349,0.10742234096788739,186.4454410041958
68500.0,airleak_nox,869.7578080643348,4.47740621949386,2.290002225029582,211.32446904139846
69000.0,airleak_nox,904.4888931050086,4.55930415881488,1.0128284829038563,267.45797958748835
69500.0,airleak_nox,927.8455871580685,4.1885232088818665,0.5265635814094048,240.21405161382404
70000.0,airleak_nox,985.2580838606821,3.33321676131965,1.1443819659721202,198.71363021718628
70500.0,airleak_nox,673.1200568665598,0.0,1.679598261655025,210.20058158075423
71000.0,airleak_nox,763.3220027765392,0.0,1.7377692584618707,188.09621241469515
71500.0,airleak_nox,801.816108006613,0.0,1.0879869161613618,190.87802276819218
72000.0,airleak_nox,821.8813616632891,0.0,1.4651874208401265,193.88758011071667
72500.0,airleak_nox,983.310433722846,2.574411736441917,2.334849285941205,197.1260002178857
73000.0,airleak_nox,1184.627274712763,4.6291577488744355,0.9538662386899797,239.32651340445415
73500.0,airleak_nox,1113.1655897578871,4.926271314180564,1.749712993340904,245.72063132405486
74000.0,airleak_nox,1022.3273984298544,4.380835855112871,-0.13735970686360344,254.03945751945795
74500.0,airleak_nox,941.3842194042838,3.321100655297041,1.7055500380878796,251.6988286685146
75000.0,airleak_nox,918.18356704036,3.686386209006212,-0.3419325716690058,226.8842269312119
75500.0,airleak_nox,858.2020058299801,3.1512194498601973,1.165785143540716,240.03839328877214
76000.0,airleak_nox,804.3270279426202,2.732574765012285,0.9314215937691573,234.17587009329387
76500.0,airleak_nox,698.3773615508255,0.928334085135127,-0.0006452835940733426,219.93088360041065
77000.0,airleak_nox,600.0,0.0,1.2067094449100615,190.36428094087609
77500.0,airleak_nox,600.0,0.0,1.0206841234696589,217.4489338013587
78000.0,airleak_nox,616.744984981896,0.0,2.1115797362567705,200.8957147836629
78500.0,airleak_nox,659.4577648860783,0.0,1.792321117912525,176.64980455913724
79000.0,airleak_nox,657.3872646440633,0.669034483250017,2.6663210907454045,187.8693788903879
79500.0,airleak_nox,790.9762432549146,1.818646573532471,2.2132506916791193,205.7755366122151
80000.0,airleak_nox,699.8471476989669,1.2263480642786206,2.576547252056452,209.79738405134626
80500.0,airleak_nox,760.250508599893,0.023251840746910966,1.7963485240822665,185.77680780907696
81000.0,airleak_nox,775.6353195995091,0.0,1.6866457026910686,164.96138623587743
81500.0,airleak_nox,820.2550408984328,0.0,0.9440058238940335,172.95929585592188
82000.0,airleak_nox,919.5768625563242,0.21498354478367718,2.2150997921584787,182.61446107433827
82500.0,airleak_nox,809.9626180206697,0.0,1.6796984603665344,194.8675913491296
83000.0,airleak_nox,844.2697571650694,0.0,1.3036951744404661,163.47682591323797
83500.0,airleak_nox,830.5600927819825,0.0,2.5524460935539217,182.7312886789966
84000.0,airleak_nox,749.6942637130461,0.0,0.8525507298169019,221.1346089913509
84500.0,airleak_nox,790.8184947625691,0.0,2.4593952769286025,210.56484702905448
85000.0,airleak_nox,691.6845055427302,0.0,0.8266019797520696,192.57922325294896
85500.0,airleak_nox,684.3602870765995,0.0,0.5693594242683643,193.35446300792506
86000.0,airleak_nox,643.8742220490782,0.0,2.50385916860309,227.7065208050789
86500.0,airleak_nox,600.0,0.0,0.979975675758372,201.56478083041125
87000.0,airleak_nox,600.0,0.0,1.1225517397407687,203.37809636688056
87500.0,airleak_nox,600.0,0.0,0.47296838545871767,172.43133633403022
88000.0,airleak_nox,600.0,0.0,1.3438890866879252,177.52050538556415
88500.0,airleak_nox,600.0,0.0,0.9576331322955041,233.6208561372551
89000.0,airleak_nox,673.1397325689701,0.0,0.11569450001908654,179.84630517288406
89500.0,airleak_nox,704.3042060287735,0.20030678992436868,2.062242365086703,176.81978236018804
90000.0,airleak_nox,727.961618129622,0.0,0.7526083434420532,203.38204683992717
90500.0,airleak_nox,732.6936243647061,0.317025050036952,1.1592396870830526,197.93663270431716
91000.0,airleak_nox,772.5508749501727,0.0,1.0140704866197603,211.54025293219863
91500.0,airleak_nox,794.0400184202524,0.6066042714649974,1.737616680367346,194.31687873194852
92000.0,airleak_nox,1073.266878327831,3.316889464631439,0.9972110729571516,201.81841783664535
92500.0,airleak_nox,1159.5008507872133,4.848139133206362,1.0298909703187178,249.37789986095612
93000.0,airleak_nox,1190.8445097290555,5.072967633503896,1.110924393425243,228.78682554756244
93500.0,airleak_nox,926.4731633567541,3.1478048701800487,0.8821531240222381,180.17023288525272
94000.0,airleak_nox,902.5555902046553,1.8151615346408472,1.3779290121130916,204.6634861297166
94500.0,airleak_nox,760.0241244364249,0.3173229137915225,1.73883853560769,198.86665602781022
95000.0,airleak_nox,1284.1887392407302,7.968,2.267756446614067,249.92322674377618
95500.0,airleak_nox,1203.0450975953945,7.968,1.0839597777478935,258.6716480243803
96000.0,airleak_nox,1170.6288263444987,7.968,1.7090611377928477,256.6303967447672
96500.0,airleak_nox,1130.1369257686654,7.968,0.33778671279741046,262.3026118474745
97000.0,airleak_nox,1108.0010134739532,7.456690915893945,1.6415961975121578,233.05086261905328
97500.0,airleak_nox,1069.713307699537,7.215646481852517,2.029259673242437,228.28637060034433
98000.0,airleak_nox,1034.0246173197218,7.705132187740275,0.9525548256008052,275.498417459135
98500.0,airleak_nox,1150.7220472086724,7.968,0.5408658435455255,269.4508117642014
99000.0,airleak_nox,1138.98247015962,7.968,1.4774333817460932,279.40159848607465
99500.0,airleak_nox,1160.2336170936426,7.968,1.7325577151299218,256.7598206009147
100000.0,airleak_nox,1207.0427831825973,6.863378009675781,2.4787151830497796,243.44804934015744
100500.0,airleak_nox,720.8505117887369,0.0,2.19542135867298,209.85099514278866
101000.0,airleak_nox,794.7494551358083,0.0,2.552922519969106,212.0880916630385
101500.0,airleak_nox,817.4332281210793,0.0,0.4494682084072027,193.06944073366049
102000.0,airleak_nox,885.7446310511523,0.0,0.8401010873682794,251.2470411643448
102500.0,airleak_nox,812.8714004700804,0.0,0.08667737356824379,198.28225017006034
103000.0,airleak_nox,837.7856518826273,0.0,0.5092839277164704,228.35952213180272
103500.0,airleak_nox,741.2352122414187,0.0,1.0555442270439226,178.93184342652032
104000.0,airleak_nox,797.3078381905227,0.0,0.6685681959058262,174.11088455163363
104500.0,airleak_nox,709.4981880410168,0.0,1.1234106350664321,207.1026726578776
105000.0,airleak_nox,684.2576588594562,0.0,1.2186058364545742,178.92861056909766
105500.0,airleak_nox,689.0304082494362,0.3943625204910832,0.8160751721056385,186.41229757367728
106000.0,airleak_nox,663.5493320724208,1.6849252160793788,2.17629442130229,198.09006174642968
106500.0,airleak_nox,662.2431365052952,1.2951747712016721,3.3634072272315754,185.56958954180828
107000.0,airleak_nox,607.0594319927405,0.2706488393980264,0.6523609193830906,165.78319236907785
107500.0,airleak_nox,600.0,0.0,2.17561406646515,204.95861462919802
108000.0,airleak_nox,600.0,0.0,1.7210813635608515,185.02404785763096
108500.0,airleak_nox,600.0,0.0,1.6156655028821665,193.31359499371513
109000.0,airleak_nox,628.9235445756885,0.0,2.486371638092252,183.66968746311622
109500.0,airleak_nox,681.0193375349496,0.0,2.0078178115823486,214.44797333835527
110000.0,airleak_nox,718.5548598044687,0.0,2.643643858370084,239.49206595628078
110500.0,airleak_nox,756.4232059972973,0.0,0.5828164297527884,203.74982523217017
111000.0,airleak_nox,798.9478846411879,0.0,1.3891930163648283,199.95049500332254
111500.0,airleak_nox,853.1586303070495,2.0608189408053565,0.3544803112950441,263.79102029354834
112000.0,airleak_nox,1093.4198313549252,4.567659639561462,1.3696240806259807,254.74479255623731
112500.0,airleak_nox,1183.933489397418,5.864818502874096,1.1206895490723587,261.5898086534745
113000.0,airleak_nox,1163.9114643942198,5.56075830507202,0.07741652919301245,283.78535301389655
113500.0,airleak_nox,1072.4588981133375,4.450253300727834,0.7432230421386994,225.45359883534198
114000.0,airleak_nox,918.128815402974,1.9813044446110977,1.420213389769597,204.59288357860484
114500.0,airleak_nox,711.3699958294986,0.9179806639245542,2.023770532442493,214.60695274270137
115000.0,airleak_nox,677.9072278169826,0.43797740327047346,1.3271031335899477,170.4408584101001
115500.0,airleak_nox,673.0820505637254,0.0,1.2082606179273732,165.83279878114212
116000.0,airleak_nox,667.0837469126851,0.0,1.77769576912138,173.4948475712697
116500.0,airleak_nox,600.0,0.0,1.3349434496723955,201.76674754298276
117000.0,airleak_nox,600.0,0.0,1.6738084245432208,177.39352452182706
117500.0,airleak_nox,636.1487119822734,0.0,0.6124813659438444,173.7662851131342
118000.0,airleak_nox,600.0,0.0,0.9645159358705289,137.26539774796572
118500.0,airleak_nox,629.5233352513638,0.0,1.452123240304928,185.93482775130587
119000.0,airleak_nox,626.8803547345203,0.0,2.1037255654475375,197.07536587531447
119500.0,airleak_nox,641.0623920894866,0.0,2.05483835078942,209.3715051642339
120000.0,airleak_nox,715.4990953070363,0.0,-0.10537093166955214,182.65546325035962
120500.0,airleak_nox,737.1018413557515,0.0,1.468915591793402,205.04324686712056
121000.0,airleak_nox,743.9283629323247,0.0,-0.42314863470962294,188.56570584763867
121500.0,airleak_nox,739.3382807666916,0.0,0.2425907178874801,203.38804427121428
122000.0,airleak_nox,818.0612772992686,0.0,0.2154811748916483,209.25420505025014
122500.0,airleak_nox,755.7474471741041,0.0,0.6784569098947774,212.72982445768383
123000.0,airleak_nox,871.2773737156401,0.0,1.634486677687553,217.70514131880202
123500.0,airleak_nox,834.2300201274398,0.0,1.7412038097352522,203.96976798014794
124000.0,airleak_nox,775.8844462678766,0.0,1.8543899694403225,245.13880331197154
124500.0,airleak_nox,749.1563653557242,0.0,0.4858403125023816,199.56727116083673
125000.0,airleak_nox,1203.6099460782536,7.850342278535314,0.5428273154563011,244.70691715408825
125500.0,airleak_nox,1176.3756126357107,7.968,0.3178252140156099,264.19408123756176
126000.0,airleak_nox,1182.739702332165,7.968,1.621677523669193,224.29129531327905
126500.0,airleak_nox,1112.1991183426494,7.968,2.2517244213561636,247.17917971009422
127000.0,airleak_nox,1094.3163504083582,7.968,3.5173326016237367,234.35377118221896
127500.0,airleak_nox,1081.6224605685343,7.968,2.0291468059397024,236.17997357416635
128000.0,airleak_nox,1084.0942935892797,7.968,0.5921211220418182,213.31426688289946
128500.0,airleak_nox,1098.6623663491303,7.968,0.21244636556155516,210.8131441902612
129000.0,airleak_nox,1147.7259461694414,7.968,1.9278990769644788,252.47578786305894
129500.0,airleak_nox,1203.3095546519512,7.968,-0.5710313367576794,240.98023498079198
130000.0,airleak_nox,1242.4548237014956,7.968,1.4610106057383212,235.29965611785508
130500.0,airleak_nox,869.3854382562597,1.7823240415662396,2.0667045224917135,206.37533943242747
131000.0,airleak_nox,966.0006137437804,3.007383164481015,2.4683640833010294,239.13625554327405
131500.0,airleak_nox,1022.4498447823333,3.996521225814462,0.6411679858149638,237.6280124617087
132000.0,airleak_nox,1156.723956888109,4.652937647276197,1.3500509334001314,219.2288039027259
132500.0,airleak_nox,1090.0764436600757,4.032409783090703,0.3035115723655025,257.14621835009314
133000.0,airleak_nox,894.4496247343608,0.7384527747394584,1.053739461075622,216.27145882938547
133500.0,airleak_nox,710.932102612938,0.0,1.4406390820058246,214.0663224408547
134000.0,airleak_nox,809.761699053797,0.0,1.2533447205664723,194.12963413966847
134500.0,airleak_nox,767.4343961962907,0.0,1.122199427650574,234.3323830846794
135000.0,airleak_nox,612.5515549296468,0.0,0.5607653283577643,228.00391651436678
135500.0,airleak_nox,637.2694963205486,0.0,0.47942148765447723,227.17210173931238
136000.0,airleak_nox,625.9803810207727,0.0,1.9254219251984317,238.96972958254378
136500.0,airleak_nox,600.0,0.0,2.5273003608131983,192.74960415673746
137000.0,airleak_nox,600.0,0.07216976922516588,1.9347161011973464,182.81768757045174
137500.0,airleak_nox,600.0,0.0,1.3691831443502658,194.6126284757924
138000.0,airleak_nox,600.0,0.0,1.636090810806615,167.88298892541482
138500.0,airleak_nox,600.0,0.0,0.30396892784406027,197.55854308290498
139000.0,airleak_nox,602.2689995612177,0.0,0.5544819101918528,177.3901575949724
139500.0,airleak_nox,622.8503347869553,0.0,1.575514811719794,175.75527184832112
140000.0,airleak_nox,701.9204736167754,0.0,0.8880843138489078,201.32623423030174
140500.0,airleak_nox,726.4356229511997,0.0,0.5013933213013916,207.94159272794172
141000.0,airleak_nox,810.4232492853928,0.0,1.7616126994014638,192.5383321489171
141500.0,airleak_nox,751.8324343987891,0.0,2.5059051059307453,165.21249055964458
142000.0,airleak_nox,764.0065577860468,0.0,2.2107623262799514,209.4439691057904
142500.0,airleak_nox,791.3900925912689,0.0,0.9667452775883312,219.17936428671558
143000.0,airleak_nox,812.3543887466686,0.0,1.551382994893793,188.6478899079635
143500.0,airleak_nox,731.6951390945687,0.0,-0.10011633246963281,197.66084376985052
144000.0,airleak_nox,688.6697586248689,0.0,0.842872104830352,221.80416536744644
144500.0,airleak_nox,870.4139933063047,2.2514331474144416,2.8606810422782956,220.5976828823591
145000.0,airleak_nox,1048.8168074031494,5.33049342983399,1.4232139811920068,228.38363207982624
145500.0,airleak_nox,1122.9654990250056,6.470128255847832,1.261002266253335,245.88329313271765
146000.0,airleak_nox,1044.3448831352157,5.537451110053372,2.212459872199509,261.4140644425673
146500.0,airleak_nox,791.4523347090212,3.7962972784973386,3.108925814554273,205.7372633580082
147000.0,airleak_nox,689.9698317363465,1.8450679730267046,1.3994717254555136,216.45856642940637
147500.0,airleak_nox,639.8219773684345,1.1564003384669375,2.6863030966797896,210.5769110288238
148000.0,airleak_nox,654.4468150159921,1.1015730895704434,1.877977969742159,225.43340430705916
148500.0,airleak_nox,691.6497762753422,0.5318276065612235,1.0051364121466417,210.23879664635945
149000.0,airleak_nox,642.5641032391459,0.3590335014807313,2.484296090771031,211.22092436428701
149500.0,airleak_nox,689.3586610808827,0.0,0.9675317754028259,213.5022320449604
150000.0,airleak_nox,675.2743394762932,0.0,0.32542600120684795,192.95272288967905
150500.0,airleak_nox,696.7974328374864,0.0,1.6301882811990265,193.38995552786437
151000.0,airleak_nox,760.5173872063689,0.43673661365720684,2.022283380336762,208.78980523742484
151500.0,airleak_nox,904.926726251167,1.3864483553804037,1.557285925085643,196.41029931473096
152000.0,airleak_nox,983.6979199067224,2.57963478873797,1.3608621927648006,201.39147333988385
152500.0,airleak_nox,971.8301419323122,1.270254408275921,1.725994502704989,231.46817977914085
153000.0,airleak_nox,838.6987769495317,0.0,0.45480981156831957,192.45423462335427
153500.0,airleak_nox,785.0243995726225,0.0,1.3495518479446578,190.5900997965122
154000.0,airleak_nox,766.7739628631415,0.2282323710147959,1.9906881237978522,182.59682059276622
154500.0,airleak_nox,746.7810408488207,0.0,2.5784130547964383,184.34426774233404
155000.0,airleak_nox,907.3039434153046,3.7501841765211013,-0.25918367931660424,192.668843388023
155500.0,airleak_nox,965.3735374290109,3.604789194264765,1.231744362196009,238.35653640577306
156000.0,airleak_nox,799.4847839947425,2.229827226996861,0.07565277434506879,219.51566629195347
156500.0,airleak_nox,705.9687024691068,1.5553404361871757,1.2383420572347406,220.4273151081969
157000.0,airleak_nox,659.1658689064145,1.4415037011787535,1.6258173581566737,196.97200695841198
157500.0,airleak_nox,754.5985947599079,2.939157011962459,0.3413465752063546,208.2249478088904
158000.0,airleak_nox,979.4101217988779,5.713831184532725,2.1241745419387597,238.68499928345653
158500.0,airleak_nox,1046.1359399655921,6.205178248837604,2.140903271733439,258.45683919118056
159000.0,airleak_nox,1050.5940418467628,6.089748324396517,0.9890918590381099,260.89627246249427
159500.0,airleak_nox,1022.3538374387139,5.778480388804527,1.4964923298944393,228.2235305448449
160000.0,airleak_nox,1013.7822540562743,4.602021398855809,0.006999645914817387,272.70393562762507
160500.0,airleak_nox,742.8256423576626,0.0,1.7088394049578324,261.0869009893508
161000.0,airleak_nox,737.3945760460108,0.0,0.8827143455909117,223.56410685772747
161500.0,airleak_nox,756.9681054764173,0.0,0.635097299165256,165.8091742197754
162000.0,airleak_nox,844.8547819762695,0.4357325124728658,1.5330163928628093,188.98081344277492
162500.0,airleak_nox,786.615964566829,0.1925865639825682,1.996468830726439,171.3178503053909
163000.0,airleak_nox,879.0895657707764,1.3439726554471259,1.068906520660051,182.61749883395146
163500.0,airleak_nox,824.632937383982,1.2014322171784213,0.8190018282926668,159.64804575479815
164000.0,airleak_nox,1004.4962087512198,2.9836868413412088,1.947985959580829,219.69556810368817
164500.0,airleak_nox,959.6230348351559,3.7382111568637346,3.019285549145663,212.16866121640024
165000.0,airleak_nox,1003.9059643991742,4.8109685815986625,2.081327404142419,184.86461638160387
165500.0,airleak_nox,886.0752815854039,4.110073289550801,1.5265722111198805,206.3873217390285
166000.0,airleak_nox,809.6121906067098,1.8264013252000542,1.7946873528793597,210.5784724500689
166500.0,airleak_nox,628.5438220831663,0.0,2.164408925144294,183.6660695863828
167000.0,airleak_nox,600.0,0.0,2.622738924275787,203.54102795106732
167500.0,airleak_nox,600.0,0.0,2.4422151917090495,204.63797524807396
168000.0,airleak_nox,600.0,0.0,2.0564525727193277,184.98976220414409
168500.0,airleak_nox,631.4666254633382,0.6584824076878534,1.4163272737290702,179.6104926402344
169000.0,airleak_nox,684.0547998095516,0.8405511570738113,1.2788026631914258,207.77541995351675
169500.0,airleak_nox,725.4822591579524,0.02927480127813151,0.8791254938769923,255.00905538645105
170000.0,airleak_nox,698.400781314709,0.042480558312142744,0.6019098864021571,217.54462612557012
170500.0,airleak_nox,747.9668676741687,0.0,1.0805189371528414,219.6589793535328
171000.0,airleak_nox,790.6587028675211,0.2248477213204011,1.8881334101182954,225.0841899991272
171500.0,airleak_nox,834.6397307835274,0.5294069179367247,1.0978867778795807,243.25207882830296
172000.0,airleak_nox,734.6312589781026,0.0,0.26794908782764737,224.1924153044443
172500.0,airleak_nox,799.3949579420957,0.0,-0.17500686953010036,200.85720829659434
173000.0,airleak_nox,843.8091701712826,0.0,1.3317844032842452,205.42787134956828
173500.0,airleak_nox,786.8976308896911,0.0,1.2632319372372849,219.73306483673213
174000.0,airleak_nox,778.3406688262006,0.0,1.3680989598773714,225.85182933913762
174500.0,airleak_nox,785.7548318540148,0.0,-0.570479995724056,195.74720023421634
175000.0,airleak_nox,697.0322235999032,0.0,1.2437697500788851,193.73158979240014
175500.0,airleak_nox,660.8034926265021,0.0,1.207790727063764,184.69791460369515
176000.0,airleak_nox,638.5962808579592,0.0,1.3021924765668402,178.57035952011216
176500.0,airleak_nox,600.0,0.0,-0.7799926617917547,173.63462279607043
177000.0,airleak_nox,601.0256172704854,0.0,1.0197550832682638,156.43924518554343
177500.0,airleak_nox,600.0,0.0,-0.14462264682451287,165.14671138484135
178000.0,airleak_nox,660.0914198708218,1.2995053482933718,0.7830785319775357,186.83339813768492
178500.0,airleak_nox,761.0844368200904,1.4562935616811148,2.185368267842818,197.69145390514734
179000.0,airleak_nox,619.7004093547426,0.4467449163091449,2.3633329111855286,194.03881632640602
179500.0,airleak_nox,649.1493627918348,0.0,1.509021208102658,195.75645765146072
180000.0,airleak_nox,685.4503061130664,0.0,1.1642321609147581,177.9359807733622
180500.0,airleak_nox,707.4186411139594,0.0,0.4830666066159224,223.49447638953535
181000.0,airleak_nox,770.4961796983351,0.0,1.8558697240799842,221.78782581330486
181500.0,airleak_nox,752.1687840679446,0.0,1.3498765991191914,228.81322994423616
182000.0,airleak_nox,768.9659444540107,0.04745535255899867,0.4561619753574141,226.2635025844928
182500.0,airleak_nox,882.8369616359334,0.9353298350605892,1.1189918866416964,231.98016629810104
183000.0,airleak_nox,921.1373959221114,1.1775955268178628,1.3896530911412457,261.78692428634395
183500.0,airleak_nox,936.4778475803923,2.507365994490459,1.0201423645105363,224.03278548035058
184000.0,airleak_nox,1050.832276254367,4.634003963547667,0.9583085640454728,264.2583103389388
184500.0,airleak_nox,1132.1816962044325,5.891466051574078,0.9876445942226579,242.76023745066246
185000.0,airleak_nox,1220.5603335513642,7.968,1.2324753656784455,261.4124978239423
185500.0,airleak_nox,1197.4512876012268,7.968,1.575730301873851,220.39546847326778
186000.0,airleak_nox,1202.448605201331,7.968,1.1629446404135957,268.3601564174118
186500.0,airleak_nox,1098.7157370610682,7.968,0.5722561973532407,234.68312539757932
187000.0,airleak_nox,1012.4565572922505,6.926140789679784,0.84013400519181,234.39225594775493
187500.0,airleak_nox,1071.167105825293,7.123847135626357,1.4070958851356892,252.66761088952302
188000.0,airleak_nox,1041.6211538104317,6.52065399583638,1.4225067215756866,221.34180891021728
188500.0,airleak_nox,1003.2920350924876,6.476822129837141,-0.15917198254098053,219.94189562260127
189000.0,airleak_nox,1011.7752751625728,5.081834378965778,0.41952751757337026,240.61430260981373
189500.0,airleak_nox,890.9789649011129,4.393597398070554,1.766977630717429,194.68647863157054
190000.0,airleak_nox,933.6391337302839,3.573868213862272,2.2890792419832278,209.93481957919838
190500.0,airleak_nox,687.2424485836029,0.0,-0.5175637901769718,164.9724419751078
191000.0,airleak_nox,815.9625294321124,0.0,0.7140770615864993,196.9302399465869
191500.0,airleak_nox,789.2444440879016,0.0,2.065627468138388,215.02641222276577
192000.0,airleak_nox,819.0612904387675,0.0,1.9271156130128975,181.80281116752346
192500.0,airleak_nox,821.4756849564283,0.0,1.0582357930074213,215.33972574559021
193000.0,airleak_nox,783.5983985915049,0.0,1.223855738164536,192.76439896678377
193500.0,airleak_nox,752.3549663489501,0.062280275411389606,1.4051738972404106,216.75106028058298
194000.0,airleak_nox,782.1719189418286,0.0,0.8959940734797839,212.83300903231293
194500.0,airleak_nox,757.984216632661,0.24154366961893414,0.16668823593835635,174.8148569903974
195000.0,airleak_nox,743.3156918915337,0.0,1.9617014676257625,196.29272291053425
195500.0,airleak_nox,672.7651917644215,0.0,1.4014647946921408,217.29964500654285
196000.0,airleak_nox,600.0,0.0,0.8847440430194382,199.7359435586768
196500.0,airleak_nox,604.9966665208892,0.0,1.3108443718169225,239.00881871413236
197000.0,airleak_nox,610.1356094897258,0.0,1.2167623988620906,215.33789355917602
197500.0,airleak_nox,655.5566624735637,0.550810757332548,2.4151811627225817,229.2789301859131
198000.0,airleak_nox,668.1749805488241,1.6347065737612587,0.21098709035184204,202.0052791758272
198500.0,airleak_nox,707.8103145167684,1.5076472244374355,1.4573871160440868,183.71685324076907
199000.0,airleak_nox,615.6208349267521,0.06963609608011875,2.685948281995084,191.90834771573705
199500.0,airleak_nox,664.353227256741,0.0,-0.7946174726477895,216.57108021088746
200000.0,airleak_nox,696.8185439818091,0.0,0.4349498110388129,179.96970152926338
200500.0,airleak_nox,793.412615534324,0.0,1.5636068525156401,176.78349620559624
201000.0,airleak_nox,900.5521324955071,2.299509362102933,1.031800308177393,221.8212795569874
201500.0,airleak_nox,1078.2478208937564,3.5992938056268984,0.376647639498602,205.5660627607899
202000.0,airleak_nox,1055.160948390153,3.8992387392029775,1.8325408716476548,244.3488771014839
202500.0,airleak_nox,1134.8147706854365,3.805513137716368,1.8387047504177803,232.41844781467157
203000.0,airleak_nox,1071.8110735056655,3.392976911315753,-0.5000770534212324,234.9852457709224
203500.0,airleak_nox,947.7591213181081,3.070682909354567,-0.030770329951332887,249.59676500574193
204000.0,airleak_nox,971.3389521857177,3.277660663751375,1.8218992646526218,203.5327856160497
204500.0,airleak_nox,964.5218555230273,3.463148165781916,1.4293661492342964,231.40287269627896
205000.0,airleak_nox,742.6723157671549,1.125249581269472,0.5674100859098055,225.18448389737333
205500.0,airleak_nox,609.2838562505499,0.0,1.1733695336138643,199.93227327401505
206000.0,airleak_nox,600.0,0.0,2.451813470095808,218.59098046614443
206500.0,airleak_nox,612.8994423309211,0.0,0.5930825432127281,229.90163597801993
207000.0,airleak_nox,603.5168316361752,0.0,-0.2916542083646607,222.30483328383403
207500.0,airleak_nox,600.0,0.0,2.822742515307671,207.99086046397747
208000.0,airleak_nox,647.999368102762,0.0,0.6341625617801684,228.87915166198064
208500.0,airleak_nox,655.2294316620156,0.0,2.2203128437515383,220.00465559935984
209000.0,airleak_nox,622.268097733767,0.0,1.1664459722781533,209.98113745376688
209500.0,airleak_nox,721.0348570371991,0.0,1.615325311876513,197.8114590812125
210000.0,airleak_nox,681.8989594577145,0.0,0.47973547662256244,204.35418769248523
210500.0,airleak_nox,736.8051340790789,0.11306540629433857,0.9841292105833802,206.40753898396662
211000.0,airleak_nox,777.6783634430424,0.0,1.2521445152370982,180.28933545773245
211500.0,airleak_nox,793.1639023253363,0.0,2.9112600212741255,183.3516448037918
212000.0,airleak_nox,772.4302450126058,0.0,1.2839673585748863,196.2787815400018
212500.0,airleak_nox,809.2022053044533,0.0,2.226978051050028,138.5289356409059
213000.0,airleak_nox,875.9368799364765,0.0,1.4442379886411691,195.16240705029642
213500.0,airleak_nox,761.8874844530856,0.0,0.764350767017786,168.38098406568903
214000.0,airleak_nox,730.4946472739466,0.0,0.1765497111556098,199.61344892405472
214500.0,airleak_nox,726.8670861169144,0.0,2.7795689422376864,189.27833806152213
215000.0,airleak_nox,1088.6500848864189,6.710505323501318,2.1215963762191645,209.2578160676701
215500.0,airleak_nox,1144.6972713176451,7.968,1.1346739895496976,217.70151614761474
216000.0,airleak_nox,1127.7203662130207,7.968,1.3719348651046228,266.9184331005157
216500.0,airleak_nox,1110.346602857758,7.968,0.4257812903141619,254.62761287133796
217000.0,airleak_nox,1103.3425674574912,7.968,0.8809502622866054,266.838089755612
217500.0,airleak_nox,1035.4679130706124,7.968,2.2167732978398997,290.83000742437827
218000.0,airleak_nox,1134.2129859152012,7.968,1.4633312027184378,280.7377381188313
218500.0,airleak_nox,1120.5986998717704,7.968,1.332976186211341,273.5009045203539
219000.0,airleak_nox,1157.7790442110993,7.968,-0.5108922194358094,279.70959847693143
219500.0,airleak_nox,1174.0863722620488,7.968,2.5096757273671733,270.68062561964643
220000.0,airleak_nox,1158.4573762318591,7.968,0.4120632433123984,276.38915257642606
220500.0,airleak_nox,657.2067376976421,0.1259994759647105,1.330716045010047,222.1997117192144
221000.0,airleak_nox,777.2113358587826,0.49781109350799174,1.6749036971990527,233.7223791751365
221500.0,airleak_nox,912.8399521589869,1.2613228908169953,1.1589869307674088,260.41068617678997
222000.0,airleak_nox,925.2741060731873,1.0300182396995858,0.8925574822130692,199.17921864241814
222500.0,airleak_nox,845.684351804782,0.2902024887878233,2.477656600747161,178.36504487759458
223000.0,airleak_nox,771.5282134507662,0.0,3.452095478975241,189.90447868420267
223500.0,airleak_nox,815.1474056177642,0.3546214320402973,-0.6409833001108975,200.15374785366765
224000.0,airleak_nox,808.0920506055363,0.9380540281966755,0.2111232235126368,216.4497821842049
224500.0,airleak_nox,821.0543973747896,0.7785229329127343,1.368071545287275,174.34326174706663
225000.0,airleak_nox,695.0235611955635,0.0,0.15158529740835402,157.05353604496872
225500.0,airleak_nox,696.7554802556776,0.0,2.3825027931813567,188.1947004114686
226000.0,airleak_nox,600.0,0.0,1.065283736892541,177.91415717171424
226500.0,airleak_nox,641.8866697320108,0.14554695911757862,2.4483229580950474,185.5333473499626
227000.0,airleak_nox,600.0,0.0,0.9273128993091057,197.5176103725967
227500.0,airleak_nox,600.0,0.0,-1.622083849309229,165.42563001600672
228000.0,airleak_nox,600.0,0.0,0.11325559042269329,187.44022195012403
228500.0,airleak_nox,609.4030193381104,0.0,1.441258535831046,201.57351427005517
229000.0,airleak_nox,637.0551052696238,0.0,0.7844907742617557,174.5296530423409
229500.0,airleak_nox,652.0496604122044,0.0,1.1372589962912691,209.55207362343225
230000.0,airleak_nox,718.4482337581796,0.0,0.8854019422832997,246.9957986848499
230500.0,airleak_nox,723.263377147352,0.0,1.600837784401349,212.38516261978359
231000.0,airleak_nox,768.2131463763033,0.0,1.545131494540705,191.16360865729064
231500.0,airleak_nox,796.2505096575782,0.0,3.3383621214617523,209.8221989576749
232000.0,airleak_nox,759.1804252720826,0.0,2.0947158976151217,203.0462093031682
232500.0,airleak_nox,858.6436042165687,0.0,2.1589459537427933,226.9720035008157
233000.0,airleak_nox,881.5298489139012,0.0,0.601371019028258,258.28146496806283
233500.0,airleak_nox,808.4561951474847,0.1782528754374818,1.6830828512338232,215.3179298797273
234000.0,airleak_nox,780.647307668715,0.8667015996131694,2.0739215225655414,187.25484750122354
234500.0,airleak_nox,900.9955983878974,2.2986851383024582,2.3137312741119906,214.9989215138744
235000.0,airleak_nox,936.4269518616904,3.408012117686473,1.8689361296835014,188.66445592395428
235500.0,airleak_nox,833.2465026494102,2.9269682984500514,1.350767378158651,216.2588878035123
236000.0,airleak_nox,769.8969893742508,2.785991634811824,2.1293092207483264,172.51111634791894
236500.0,airleak_nox,818.0555405318987,3.3019235468077572,0.22129815354238036,174.00824440492977
237000.0,airleak_nox,782.2020316022922,3.55321088350392,1.6530355982325413,194.23173319718052
237500.0,airleak_nox,772.8832637270125,2.7991778094296285,0.8313088040368896,181.17528921317512
238000.0,airleak_nox,782.6462144372722,3.114222586906326,1.9204801758815926,199.79588737054638
238500.0,airleak_nox,652.9496483480175,0.7194384176867187,2.6725782562652127,202.87808183549788
239000.0,airleak_nox,600.0,0.0,-0.011889181181649944,175.53541069087467
239500.0,airleak_nox,690.3583742535617,0.0,0.5163787999631357,211.52219253522986
240000.0,airleak_nox,720.0068455253264,0.0,0.8236137204708593,195.50995688304837
240500.0,airleak_nox,691.5185578792402,0.5581178033411593,-0.7805787674109279,212.475450921777
241000.0,airleak_nox,887.7869164584915,2.017220171516001,1.0479032088368454,213.24068231911284
241500.0,airleak_nox,885.3256683275348,1.780051952159396,2.2426692007405427,257.22433197955513
242000.0,airleak_nox,935.5097079893246,1.4432456787510564,1.7343766785065675,233.41041319068526
242500.0,airleak_nox,846.5416591664043,0.0,1.182338894012586,208.998127051376
243000.0,airleak_nox,783.6767720494599,0.0,2.795911845880282,178.81248424944522
243500.0,airleak_nox,725.5567320505953,0.0,2.498545384108165,226.52728410514254
244000.0,airleak_nox,815.5512065256438,0.0,1.2707735922912757,230.92591301596204
244500.0,airleak_nox,745.9389682177317,0.0,1.2367502224919902,223.12884743074332
245000.0,airleak_nox,827.8925938714085,2.1166827627152864,1.5095161646629767,246.8880599808257
245500.0,airleak_nox,687.5976111110986,0.0,1.3366797213191455,203.52980607509474
246000.0,airleak_nox,600.0,0.0,0.5952277879669667,215.75834789955346
246500.0,airleak_nox,624.5306926162777,0.0,-0.2808846127660034,178.50460585914314
247000.0,airleak_nox,702.387527455186,1.3439186203569897,1.805658762131396,199.10669196137158
247500.0,airleak_nox,825.8986085686116,3.6047814482255776,1.5111519687270811,189.90305740240646
248000.0,airleak_nox,950.7476769057681,5.990494297217553,2.6302657737368236,201.50583518193534
248500.0,airleak_nox,978.3559078315437,6.475405100696976,1.6127238476244443,231.4639721771196
249000.0,airleak_nox,1106.3069142896397,6.781270285719981,0.4679249819609428,213.03178460000444
249500.0,airleak_nox,1142.9957282314226,7.555622811527082,2.5943780690220684,259.4549952428029
250000.0,airleak_nox,1248.3541500945055,7.968,0.15864579395973144,242.28542657580638
250500.0,airleak_nox,736.9291769827831,0.6226993781091483,1.3121752728823308,199.25801172165944
251000.0,airleak_nox,753.9173700847998,0.4935851856231124,2.7860302552424314,218.87529268901736
251500.0,airleak_nox,740.6011824865062,0.0,2.7758461204378335,169.8489581128627
252000.0,airleak_nox,849.6995570788667,0.0,2.2632517401246695,155.6855092906908
252500.0,airleak_nox,893.2462453936455,0.0,1.6902997626244256,224.4362296773852
253000.0,airleak_nox,861.3970877324011,0.0,1.337869354489794,201.27542577546558
253500.0,airleak_nox,828.4302614009538,0.0,-0.70985327326611,248.5441931098246
254000.0,airleak_nox,851.8073563411654,1.3286575470005277,2.100692627734278,233.4035512200505
254500.0,airleak_nox,905.1469200043312,2.550778119267062,1.4135621429565817,261.05026718386574
255000.0,airleak_nox,945.9126111069131,3.197205995482131,1.5527885320375328,273.4008011128381
255500.0,airleak_nox,856.1750857602872,3.1791764980468997,1.378639150045958,256.44250215988194
256000.0,airleak_nox,864.2269436879984,3.349797095450954,1.1714617563215988,212.9299059859094
256500.0,airleak_nox,920.6588756684017,4.264063339310187,1.8314980507390166,231.68357330576566
257000.0,airleak_nox,964.2896839972831,4.913181381780479,2.322719370216512,225.40551395371597
257500.0,airleak_nox,861.2577049171442,3.8787071450011203,1.8540529620237933,242.27622302311696
258000.0,airleak_nox,764.4234949400893,2.4521839440961513,1.0264484678673969,232.34879309189014
258500.0,airleak_nox,610.935158649906,0.0,0.661311408864607,181.1363164051884
259000.0,airleak_nox,606.9151782025787,0.0,1.3982939901144473,163.59463898278398
259500.0,airleak_nox,711.3885370867729,0.0,0.08281028229491594,212.46335166893087
260000.0,airleak_nox,646.9088146546792,0.0,0.26698598884847213,186.34715302025427
260500.0,airleak_nox,748.9090553018309,0.0,0.9944062984213016,215.99163852917914
261000.0,airleak_nox,830.8570346155553,0.0,-0.07032101850634853,215.98666147056943
261500.0,airleak_nox,789.128429772103,0.0,2.474148852674264,180.7769774719823
262000.0,airleak_nox,802.159828363913,0.0,2.8567202832434475,155.53728959005005
262500.0,airleak_nox,863.6803370053619,0.0,2.2161362838850684,200.64310963097958
263000.0,airleak_nox,828.109901598106,0.0,-0.08572427727414023,172.92469534780255
263500.0,airleak_nox,739.142201037772,0.0,0.4432076661541344,160.5083084208201
264000.0,airleak_nox,745.0509071417445,0.0,0.6969574183486739,184.10776363739353
264500.0,airleak_nox,701.6314911915181,0.0,1.0709138480135496,208.74772667420592
265000.0,airleak_nox,712.3420880407808,0.0,1.2758691574040255,211.27478547817225
265500.0,airleak_nox,644.8697192203538,0.0,1.0523192772190464,184.97110889508903
266000.0,airleak_nox,683.089507196078,0.0,1.1171272857811876,239.88065600059096
266500.0,airleak_nox,653.2115414877284,0.023073529600310564,1.3738344518480974,253.41890717399951
267000.0,airleak_nox,600.0,0.0,0.47001074818719546,194.98110401184476
267500.0,airleak_nox,600.0,0.0,1.672426178215359,212.85144164773078
268000.0,airleak_nox,600.0,0.0,1.6819036280110866,239.94900974987235
268500.0,airleak_nox,662.0053338606219,0.0,-0.13560752006851073,231.25731986412913
269000.0,airleak_nox,661.9253317176056,0.0,2.3690248782879646,235.97506817222492
269500.0,airleak_nox,697.7904734503136,0.0,1.128490761637857,206.9656531780405
270000.0,airleak_nox,725.1644736370286,0.0,1.6159449403087571,225.00521618425415
270500.0,airleak_nox,753.1204069311844,0.2153369379322844,1.6252529784961978,177.1787607668156
271000.0,airleak_nox,869.8624755308613,0.45337370774567853,1.9112017957790526,200.17840035468092
271500.0,airleak_nox,820.9112908145369,0.0,1.2420844826994974,191.27621872480137
272000.0,airleak_nox,777.293995490795,0.0,0.0897004960356016,193.59300088282106
272500.0,airleak_nox,767.0348386039109,0.0,0.8788995504642896,192.07545765154734
273000.0,airleak_nox,884.2612458492943,0.933592022665487,0.7715009736544942,194.33759331489887
273500.0,airleak_nox,1067.395864317816,4.079658449121207,0.5676547333278935,225.31370721908394
274000.0,airleak_nox,1071.8245971670556,5.460669550463912,0.932175482399697,221.21307777604784
274500.0,airleak_nox,1178.4848287937739,6.250160069329705,0.7641105920069393,230.9174376822563
275000.0,airleak_nox,1221.9612546495712,7.968,1.6465574033834889,229.67563794316152
275500.0,airleak_nox,1157.2473344295884,7.968,1.5675983775531976,251.69316112298452
276000.0,airleak_nox,1153.4653671479223,7.968,1.3718625349521334,212.4103292845082
276500.0,airleak_nox,1152.5547475230162,7.968,-1.2979897666303848,266.7978046490049
277000.0,airleak_nox,1114.3145869982034,7.968,2.282608264358069,291.553622161082
277500.0,airleak_nox,1104.3758940241294,7.355186122881539,0.21926338546751412,259.32665686451503
278000.0,airleak_nox,934.1504388616073,4.654171571053136,0.6153901892864677,281.19520147670977
278500.0,airleak_nox,753.3188908409201,2.736914339100748,1.122386923774423,207.75256695462343
279000.0,airleak_nox,770.9750221617389,1.8496124694567104,1.681222061224413,217.43584257057014
279500.0,airleak_nox,807.4060528545542,2.706608530404372,0.6710381519115507,245.44243924026821
280000.0,airleak_nox,994.8878789576194,4.783215768201231,0.2956416620632941,235.480340362714
280500.0,airleak_nox,757.8687380758935,0.0,1.0668201252155953,220.90105262681942
281000.0,airleak_nox,789.0476499925212,0.0,0.7825242591795678,201.96725953323474
281500.0,airleak_nox,827.6467562438029,0.09374399588053538,1.6214721361946374,202.77224820580065
282000.0,airleak_nox,872.0532697874164,0.0,1.4612320913828318,190.60089386181204
282500.0,airleak_nox,861.5799805574758,0.0,1.0077758902394964,196.63540335837249
283000.0,airleak_nox,795.8685361644842,0.0,1.358829650910458,175.14517807873466
283500.0,airleak_nox,842.6812206471872,0.0,1.9046763436231997,186.0246533708007
284000.0,airleak_nox,794.7633613857214,0.0,0.22499973465368384,194.76404093820994
284500.0,airleak_nox,738.0622899733454,0.0,1.3833385083616838,196.35339167029497
285000.0,airleak_nox,667.3060190462776,0.0,2.487754764905292,190.80004561762934
285500.0,airleak_nox,667.537025515583,0.0,0.5640933756739603,168.9367933810361
286000.0,airleak_nox,642.9706277527234,0.0,1.152900474378689,152.07373665826012
286500.0,airleak_nox,606.330154469673,0.0,2.47348709275056,217.73608609592202
287000.0,airleak_nox,620.822528525503,0.0,1.321456436877618,151.94800727258632
287500.0,airleak_nox,739.8967753638783,1.7229285189883392,-0.7921297944378001,213.66861394568164
288000.0,airleak_nox,711.2629449925761,2.3132111998518115,0.23555320880865172,230.5688407376913
288500.0,airleak_nox,785.8401671981801,2.453096395664817,0.3616811278659414,231.00891096017236
289000.0,airleak_nox,714.733434970029,2.063067394897205,2.4997121556154784,216.56653874499332
289500.0,airleak_nox,840.3574394576991,3.152120889048935,1.7150886520238335,252.76825938386457
290000.0,airleak_nox,974.973079614969,3.813804840497923,1.6048045408217833,254.1995319998146
290500.0,airleak_nox,968.4622409373058,3.8047050211331124,0.5931360018435893,245.3492606379559
291000.0,airleak_nox,898.2934588809187,2.4239922422690032,1.7408455527129658,224.94788309109236
291500.0,airleak_nox,808.0453103376683,0.8561451136320264,1.7081222526562896,233.86146086642623
292000.0,airleak_nox,754.0261649094263,0.0,0.5356119042419344,207.61883600033067
292500.0,airleak_nox,770.3226792149416,0.0,1.5950806560292718,178.96020672184
293000.0,airleak_nox,867.7977397641707,0.4903021900483822,0.23521834665468033,246.67771936400288
293500.0,airleak_nox,926.9537536765076,2.1765946142988053,3.1730783975236756,233.55205587582307
294000.0,airleak_nox,950.3656146333661,2.2277598222265214,2.3650357733188954,243.43086611099903
294500.0,airleak_nox,882.5802566616743,1.5131315454680125,0.49293795353083825,201.6689255893967
295000.0,airleak_nox,694.8304759374887,0.5222565862249992,1.62602932817153,190.78234960554667
295500.0,airleak_nox,654.6212769494617,0.0,1.168171894385342,160.4047323679695
296000.0,airleak_nox,600.0,0.0,1.5671696095059071,163.95137848170148
296500.0,airleak_nox,684.989360062315,0.0,2.527767733943322,209.92406969885354
297000.0,airleak_nox,600.0,0.0,0.41642551670565375,204.98474936021555
297500.0,airleak_nox,600.0,0.0,1.3780854728050824,174.0913694497036
298000.0,airleak_nox,602.8364599477044,0.0694404564170548,2.584263950182712,185.44760433054304
298500.0,airleak_nox,600.0,0.0,0.7876269526009746,190.43550110373891
299000.0,airleak_nox,639.5254743701822,0.0,1.2541568906411769,183.33429735617273
299500.0,airleak_nox,717.1378688920237,0.0,1.9251594216877193,177.08565027135845
300000.0,airleak_nox,718.976060242728,0.0,1.648902370178525,200.59467653428214
300500.0,airleak_nox,738.3695455068417,0.0,1.0412767044086289,230.07750175170918
301000.0,airleak_nox,735.9497637281161,0.0,1.3801694972067828,202.29827127500985
301500.0,airleak_nox,786.1618100511317,0.0,0.9785044037399828,211.56192830908535
302000.0,airleak_nox,794.8954593283916,0.0,-0.432981945647841,227.55085839392225
302500.0,airleak_nox,816.1371362621139,0.0,0.866751427063988,198.6674141725707
303000.0,airleak_nox,808.9332156831442,0.0,1.188664172712615,228.65204156594768
303500.0,airleak_nox,818.5219771478505,0.0,0.6706515223357281,221.56822022271896
304000.0,airleak_nox,762.5136699988193,0.0,2.17275242327071,187.28314432416104
304500.0,airleak_nox,715.3542988967613,0.0,0.35686790601533924,241.7036340465534
305000.0,airleak_nox,1031.0577813091807,5.112502386287725,0.5778282371511445,266.27548651140944
305500.0,airleak_nox,1095.6198492715434,6.285812088825534,0.18507552691155005,250.0679355095458
306000.0,airleak_nox,1170.5790871054571,7.968,-0.25687552749060805,254.5075971718222
306500.0,airleak_nox,1118.9193129183773,7.968,-0.7540513473487669,241.24494183683876
307000.0,airleak_nox,1088.0874484884525,7.968,1.156981932932954,244.00730403065046
307500.0,airleak_nox,1118.6798275898843,7.968,1.671533595162134,245.68817391862592
308000.0,airleak_nox,1063.5675292093708,7.968,2.2344820576644135,221.04463538086586
308500.0,airleak_nox,1107.6811403297422,7.968,1.0019003940050766,185.96567276219244
309000.0,airleak_nox,1147.668675304959,7.968,3.0635646343273226,251.1875231829309
309500.0,airleak_nox,1185.7861522760377,7.968,1.6254189397201897,231.3216494265064
310000.0,airleak_nox,1231.6518362986033,7.968,1.4297528711205503,249.22989743222217
310500.0,airleak_nox,757.8364702153497,0.6908474042364383,2.2612296427955156,215.86771365392266
311000.0,airleak_nox,843.6106530652752,0.0,1.1818944576052786,192.35168235770547
311500.0,airleak_nox,803.5374252347841,0.0,0.36553920963499476,154.04805944895975
312000.0,airleak_nox,773.7786541486489,0.0,0.14673284813620113,213.77268007308464
312500.0,airleak_nox,815.1062076878706,0.0,-0.5488462014908098,236.8378909875658
313000.0,airleak_nox,941.2311590603667,1.8123406042454981,2.376311622404302,235.35718673169285
313500.0,airleak_nox,1053.1493003132534,3.692298694690961,0.5460026868730127,248.6129067269832
314000.0,airleak_nox,984.2328749006174,3.163331123917276,1.371989600927751,261.7719675012826
314500.0,airleak_nox,863.3534306063756,1.4975284076850832,3.159569617848985,243.4163917504542
315000.0,airleak_nox,665.1186953837714,0.0,1.4309049324059615,209.7047340906461
315500.0,airleak_nox,636.2530321750774,0.0,1.28452379556908,226.85056440819798
316000.0,airleak_nox,643.1023156782451,0.0,1.0772044088714476,208.38121961339235
316500.0,airleak_nox,649.2847531830993,0.0,1.7135930241780701,204.22223514060565
317000.0,airleak_nox,600.0,0.0,2.590637149159558,199.11521235688326
317500.0,airleak_nox,600.0,0.0,0.3680702115709453,202.52272419947616
318000.0,airleak_nox,600.0,0.0,2.3774300113382787,215.6340121266742
318500.0,airleak_nox,620.9925488801325,0.0,0.5227404588906582,207.7864410926968
319000.0,airleak_nox,628.4051342979247,0.0,0.873282385389344,201.94979403463384
319500.0,airleak_nox,698.0022112411617,0.0,1.9117577839425681,177.9345814218388
320000.0,airleak_nox,716.4648608218433,0.0,0.05242636343434359,164.11061696394162
320500.0,airleak_nox,709.2259238621066,0.0,0.7116161068335215,158.5657663153531
321000.0,airleak_nox,764.1684248895707,0.0,1.2369216157090301,180.67879260065678
321500.0,airleak_nox,784.2777680870918,0.0,2.051602703418884,180.7469138413664
322000.0,airleak_nox,786.979956069092,0.29074677757258416,2.5283337751576163,202.28873917728242
322500.0,airleak_nox,819.7954192932008,0.0,0.5559889582737391,201.85609336548063
323000.0,airleak_nox,754.5330571207893,0.0,0.15899891530273225,176.38438362951234
323500.0,airleak_nox,837.0348745548572,0.0,1.3304272897777905,215.92700151419717
324000.0,airleak_nox,808.802673637074,0.0,2.444916485621313,183.2949664026248
324500.0,airleak_nox,792.8350953540333,0.0,0.6018065260984464,226.88629442853028
325000.0,airleak_nox,663.9945904117579,0.0,0.05129574988665597,233.4014016505224
325500.0,airleak_nox,702.6105278999613,0.0,1.653053632794764,213.26267533241838
326000.0,airleak_nox,692.8462314005087,0.43097786320845866,1.2799869612928507,233.02842205640357
326500.0,airleak_nox,781.0490996850281,2.956936430815102,1.3503932192235975,218.32007671730125
327000.0,airleak_nox,907.1530421607052,5.013991610546624,0.4554802015878656,231.28629976196848
327500.0,airleak_nox,918.6580263079428,4.864026488100006,-0.40815888426901314,272.9446890723452
328000.0,airleak_nox,833.5065260967243,3.4816371389446044,1.7312455120199786,227.19513635003273
328500.0,airleak_nox,790.2159485368887,2.6891531037424135,1.367649085454541,190.24785800105053
329000.0,airleak_nox,786.3416202152646,1.6004541158328913,0.49776181816426424,192.89668195605284
329500.0,airleak_nox,785.6847900873095,2.0967954405161544,1.5040165263341323,193.5845265637759
330000.0,airleak_nox,854.2698511150651,2.3264397216838546,2.152480032940136,190.2354524789133
330500.0,airleak_nox,730.3557993104341,1.0215110650400592,0.8252106958013786,172.86970738034645
331000.0,airleak_nox,749.9611975972489,0.0,0.3037511898801528,162.36021983937343
331500.0,airleak_nox,800.72668302599,0.0,2.361328028938328,190.0661970528423
332000.0,airleak_nox,740.8020784092223,0.0,1.8138214020395367,192.19131829750864
332500.0,airleak_nox,817.8034684089931,0.0,1.359249581432257,183.80156227841175
333000.0,airleak_nox,846.1523168150259,0.0,-0.02443762166328889,190.72680395391433
333500.0,airleak_nox,758.1043904910638,0.0,0.10249464424511334,180.0768314783214
334000.0,airleak_nox,804.5449894742583,0.0,1.609273869121334,210.394789339804
334500.0,airleak_nox,795.4362497942027,0.0,1.6008215831280341,184.93623888608994
335000.0,airleak_nox,914.723138684912,3.157437280557753,1.7333334969109617,199.88192187828398
335500.0,airleak_nox,882.3212675415527,3.061813293300196,1.7597764425969036,253.1643352263055
336000.0,airleak_nox,748.2346742897417,2.2460050605250963,-0.5944795846218451,171.7112159451302
336500.0,airleak_nox,789.5567210813861,3.2757549250291462,1.7727807966208893,229.18736900434595
337000.0,airleak_nox,845.8129166600319,3.659798867942856,2.8594183689624124,212.56135445064515
337500.0,airleak_nox,731.3846213877007,3.06029648808842,1.4258825583730608,243.3791533781672
338000.0,airleak_nox,853.0921336367186,3.030436885616286,-1.0630136882847112,242.16683006213904
338500.0,airleak_nox,877.5258953723194,3.5754272915163128,1.6226928393623203,205.9958654365495
339000.0,airleak_nox,1014.6416445073299,5.721646652316295,-0.009197841013141472,233.89965898775552
339500.0,airleak_nox,1159.7893259651285,7.622715273605517,1.145560603002849,245.73296675166685
340000.0,airleak_nox,1250.3469567244656,7.968,1.1570940494886246,310.8725581659975
340500.0,airleak_nox,784.928933094416,0.08162255807160233,1.2094863791920245,188.49633132023732
341000.0,airleak_nox,731.0876038357922,0.0,1.4960262417963293,214.32682861518643
341500.0,airleak_nox,740.5223924650543,0.0,2.546332961010866,197.74629321816715
342000.0,airleak_nox,760.7841682144477,0.0,1.7057633125612124,221.91884405445265
342500.0,airleak_nox,833.1721493074681,0.0,1.3979844570329043,221.9540071498117
343000.0,airleak_nox,851.1886750927806,0.0,2.430086771828296,159.61688859556605
343500.0,airleak_nox,793.3663854263342,0.0,-1.1874781895515776,188.21777776651737
344000.0,airleak_nox,830.5592919720325,0.3480520408210154,-0.4154222833262389,183.44528054666557
344500.0,airleak_nox,786.108280985321,0.7687119922291721,2.1021083338570463,177.43336679612074
345000.0,airleak_nox,799.5051987029387,1.63704540548859,1.0930025113464357,194.0572943241659
345500.0,airleak_nox,894.8201627517946,3.4720862327784614,0.001044943737020576,202.90020353876278
346000.0,airleak_nox,925.5426760507972,4.938165825943465,2.4356595257206237,194.45732093331856
346500.0,airleak_nox,1089.536225652505,7.343145708162795,1.7272134818341893,232.7018605656848
347000.0,airleak_nox,1019.8474616332182,6.256529142679213,0.1497509046441836,246.7947572117411
347500.0,airleak_nox,845.1877606287003,4.323553326843159,-0.3135688860676358,209.92916574237955
348000.0,airleak_nox,675.2593310930013,1.1135457732029608,1.6178207239441997,194.78408287259543
348500.0,airleak_nox,600.0,0.0,0.24694889728569658,179.4413180906753
349000.0,airleak_nox,648.1965925438202,0.0,1.8249045025173773,175.67433429758398
349500.0,airleak_nox,623.9161115191378,0.0,1.6971044208392896,232.6167983208203
350000.0,airleak_nox,645.8136470455273,0.0,1.0012096953767584,228.1901232232619
350500.0,airleak_nox,733.666895237214,0.0,-0.06387120964093707,233.01985265592245
351000.0,airleak_nox,767.960254895417,0.0,2.0577893642768803,221.61485469715169
351500.0,airleak_nox,836.6586452328863,0.0,2.9105140893677044,228.6417562049719
352000.0,airleak_nox,744.3083420362493,0.0,1.1080123343051176,219.5538119872569
352500.0,airleak_nox,796.6788200783026,0.0,0.5820570846757934,204.2348815744815
353000.0,airleak_nox,800.7247463724195,0.0,0.8759428306611761,177.64570654005666
353500.0,airleak_nox,823.9174124515179,0.0,0.46450897700917326,215.71171365202974
354000.0,airleak_nox,793.867868114468,0.0,3.4994865503319916,196.25670293389817
354500.0,airleak_nox,779.2541323446533,0.0,2.557284405420283,205.2114157091565
355000.0,airleak_nox,706.3154965933254,0.0,0.9840435224597086,228.75168714951587
355500.0,airleak_nox,679.7497827679736,0.0,2.729237810049528,168.59293247632658
356000.0,airleak_nox,655.5191306401737,0.0,0.34664537625701275,179.51473832078275
356500.0,airleak_nox,623.3634701388554,0.0,-0.24097230831851157,205.86610991770146
357000.0,airleak_nox,600.0,0.0,0.49250880291342525,158.50074788624073
357500.0,airleak_nox,600.0,0.0,2.595045130742431,176.5728238843721
358000.0,airleak_nox,600.0,0.0,1.8451277042475975,186.48926493087035
358500.0,airleak_nox,600.0,0.0,-0.31297957624208306,159.35715337450554
359000.0,airleak_nox,644.3485102897566,0.0,1.5891807129537832,162.99394197927927
359500.0,airleak_nox,733.5276334752979,1.0017752266339879,3.40003661081765,203.18076741488065
360000.0,airleak_nox,846.6693037355108,2.7853513163426826,1.890578448528046,244.21717116610262
360500.0,airleak_nox,918.5077035597299,2.9145332780266937,2.0086397643103338,207.36174080588447
361000.0,airleak_nox,983.5285025296944,2.1783344707820578,2.1980100855460534,224.22034582028073
361500.0,airleak_nox,840.1259005210219,1.6508694118692202,0.26601824823098985,208.64209748923776
362000.0,airleak_nox,944.4742145069794,1.297417112093044,1.021415152602644,221.23277704641848
362500.0,airleak_nox,958.4190218393832,1.835986103434775,1.366343712289547,246.27829293777822
363000.0,airleak_nox,978.619902754309,2.6356551535090103,1.8682952549177,239.5927918800524
363500.0,airleak_nox,975.6407755488348,2.387203881503544,0.16675272403756258,238.89261700499247
364000.0,airleak_nox,828.8715005018935,1.4275925630802504,1.9511797516831488,238.39074716430298
364500.0,airleak_nox,819.3738514472207,1.0326722492056364,1.7015255165541223,204.0711753030098
365000.0,airleak_nox,1222.3585837009773,7.968,3.090311303188156,261.34546817677125
365500.0,airleak_nox,1226.215093988552,7.968,1.286755096428473,251.46636172547423
366000.0,airleak_nox,1192.7046740707199,7.968,1.4596375653133755,245.3706330659526
366500.0,airleak_nox,1091.8755239203995,7.968,1.472456426867792,275.72508927499086
367000.0,airleak_nox,1076.107791258639,7.968,1.3716090991013696,220.0967212190848
367500.0,airleak_nox,1113.1484054655655,7.968,0.9197531695684501,239.23459662151927
368000.0,airleak_nox,876.6391779852529,6.083069060483985,-0.09154261026019794,181.02153219226955
368500.0,airleak_nox,955.532690325053,5.1207522482328995,0.8962279634847947,208.0555612182377
369000.0,airleak_nox,952.9636754426,5.24102646075352,2.358438338400609,192.14850175816127
369500.0,airleak_nox,1018.2461011247646,5.888666163408138,-1.1317315321312718,214.32578087111875
370000.0,airleak_nox,1028.4415287191484,5.123755357721178,1.9901338456832562,208.83075528247863
370500.0,airleak_nox,714.6343507010911,0.0,0.5895242112503515,180.0685337837169
371000.0,airleak_nox,798.135651975166,0.2802657056432029,1.9989860032843665,219.09342207988573
371500.0,airleak_nox,845.0834366482394,0.0,0.5943306417537825,194.57049768968614
372000.0,airleak_nox,780.205985984799,0.0,1.3509369904692377,215.68269399679832
372500.0,airleak_nox,841.1362010466058,0.0,2.3299134903880905,223.0592951536755
373000.0,airleak_nox,795.5859883461989,0.0,0.9432515007501903,250.79511367751354
373500.0,airleak_nox,750.179651300522,0.0,1.9968723779662003,208.78248417743177
374000.0,airleak_nox,750.5320597022915,0.0,2.7032556593949977,174.06183908565578
374500.0,airleak_nox,753.6324319674236,0.0,1.7336864289129197,193.25778313702077
375000.0,airleak_nox,681.5767871677601,0.0,1.0968359430660861,205.25195736200655
375500.0,airleak_nox,683.3442374859192,0.0,1.5082748751469377,237.83807295915602
376000.0,airleak_nox,673.9868385405891,0.0,0.7623525291753552,218.8242639549425
376500.0,airleak_nox,649.1089089888815,0.0,2.8634925018375608,213.37221112413744
377000.0,airleak_nox,630.1594077201393,0.0,2.1630959723495584,186.72918347025484
377500.0,airleak_nox,600.0,0.0,2.5572078765721358,194.68790538447794
378000.0,airleak_nox,638.9803920146705,0.534195138298259,1.3613589057680162,169.70629305869767
378500.0,airleak_nox,734.6474740133095,1.9662659045573903,3.032070859702606,170.35974331720215
379000.0,airleak_nox,919.2778352154724,3.7140875603748404,0.48438316302709217,226.16014092443103
379500.0,airleak_nox,1012.9376749485835,5.725862676170589,2.541454986871233,260.5794839473317
380000.0,airleak_nox,1102.1784876124455,5.072625554879408,1.1296467494658202,220.46301595573834
380500.0,airleak_nox,869.8404399845339,2.441893966301478,0.9541005074123561,192.52497877357393
381000.0,airleak_nox,799.441773231713,0.2855723318530044,2.1778636689077815,174.41365585063224
381500.0,airleak_nox,806.6986912033243,0.0,2.1634277527865624,196.25951781733357
382000.0,airleak_nox,778.4222379730829,0.0,1.4361265482547318,190.43900381028146
382500.0,airleak_nox,841.5507809243504,0.06563750619605736,1.5874217002725775,228.76224858775112
383000.0,airleak_nox,837.286432849053,0.6072299411243106,1.2861555854756088,155.40357699594404
383500.0,airleak_nox,912.0706670603307,0.9609017870138938,2.1386540958201308,232.67790453987186
384000.0,airleak_nox,760.0385798312506,0.295480782554743,0.58459183081873,221.30499982394045
384500.0,airleak_nox,748.9085056792194,0.6024186631324522,2.0354394583575157,224.78027535024933
385000.0,airleak_nox,790.6662794656053,1.4415336480597425,2.2328235681236226,223.22782529101323
385500.0,airleak_nox,829.2709281731942,2.869802882517232,2.3414243242558026,237.73404401462483
386000.0,airleak_nox,832.5214883150098,3.2661750579758695,2.594146076472149,227.65190691517626
386500.0,airleak_nox,768.9692629750855,2.650361348865711,0.7970953536597964,230.30899906013948
387000.0,airleak_nox,600.0,0.0,0.9186065621167578,203.62855661458565
387500.0,airleak_nox,626.5538595320492,0.0,0.23230227141134163,216.73642546349177
388000.0,airleak_nox,600.0,0.0,1.661261694798792,207.30708897044687
388500.0,airleak_nox,600.0,0.0,0.37296638324385945,226.83970559435787
389000.0,airleak_nox,661.9045370252967,0.0,1.2616950753244718,207.26307834769327
389500.0,airleak_nox,684.5251310044778,0.0,2.053241496103567,200.9857298287023
390000.0,airleak_nox,682.7652419502011,0.0,0.3816019163378642,210.44590934772754
390500.0,airleak_nox,701.6389684028218,0.0,1.8629780947200991,190.9701802313395
391000.0,airleak_nox,798.9124058988355,0.0,1.7035800642303338,188.4004890633393
391500.0,airleak_nox,837.979169790686,0.0,2.5003231107242394,183.8164349781219
392000.0,airleak_nox,830.054045911583,0.0,1.481430873271225,191.2313457579438
392500.0,airleak_nox,831.0042785127214,0.0,1.1774588003837323,196.8982434148381
393000.0,airleak_nox,806.0689598943293,0.019493052873131606,0.4272682903790206,195.20894765399126
393500.0,airleak_nox,827.4761178083678,0.21693648874152885,1.3157174663758218,190.3514808885574
394000.0,airleak_nox,786.2713765247105,0.0,1.0939202822132772,175.81160041159015
394500.0,airleak_nox,704.5736421205391,0.0,2.385612030471388,158.54870489487365
395000.0,airleak_nox,1012.4942991356618,4.967705708273143,1.818145586350041,231.98343729540895
395500.0,airleak_nox,1127.757966483836,7.006241304857813,0.7655885866177454,226.92869924853207
396000.0,airleak_nox,1118.5423002461082,7.449314371131862,1.844271486066091,243.95216752962992
396500.0,airleak_nox,1074.4942326722608,7.968,2.82668538209689,267.177003159211
397000.0,airleak_nox,1091.4048394360486,7.968,0.2831624260268928,258.3453879665382
397500.0,airleak_nox,1059.2891762576107,7.968,0.5198744393773576,257.03844161249447
398000.0,airleak_nox,1017.5713970227795,7.968,2.3242778888271967,289.93672101887483
398500.0,airleak_nox,1119.7491048374839,7.968,2.387140208195536,254.17160618689232
399000.0,airleak_nox,1138.662670348272,7.968,0.4529143013882888,249.87147565945455
399500.0,airleak_nox,1159.5347718255023,7.968,1.5581425913613893,283.73947461220894
400000.0,airleak_nox,1243.3804667655988,7.968,2.099034842549894,267.4548963594308
400500.0,airleak_nox,858.8378993853601,2.3808280840319918,2.419488170439097,238.77911553031967
401000.0,airleak_nox,793.4563607962859,0.4715827018029563,1.3986130625782025,193.92554227830806
401500.0,airleak_nox,820.3137455182039,0.3616698318271925,1.8438357375071763,221.3652479208226
402000.0,airleak_nox,818.4999795153924,0.07332914159929776,1.120376322695749,186.60734564583234
402500.0,airleak_nox,935.1173093143025,0.42426202231147725,0.4513470880253396,220.79056229265947
403000.0,airleak_nox,906.0987625245168,1.1543479053505508,1.1833866809099214,197.32819216914856
403500.0,airleak_nox,826.5753528083862,0.09519502006096604,3.6205393768856413,208.51137498326156
404000.0,airleak_nox,747.3351727163002,0.0,-0.5666800266184993,188.13569824713386
404500.0,airleak_nox,740.5080544490343,0.0,1.7189320809331983,163.49933842943298
405000.0,airleak_nox,671.0203854773532,0.0,0.8371205719755727,190.0811481998225
405500.0,airleak_nox,692.2126878854907,0.0,0.6797269895377464,170.43001354922498
406000.0,airleak_nox,637.1407537852778,0.0,0.8345250844873073,181.67970880205047
406500.0,airleak_nox,637.116766874203,0.0,3.072600440430435,180.0995885296591
407000.0,airleak_nox,600.0,0.0,1.5003310698356178,195.38387162535918
407500.0,airleak_nox,600.0,0.0,0.4286538173699409,213.0049571116889
408000.0,airleak_nox,600.0,0.0,1.027374865538318,180.2182191433892
408500.0,airleak_nox,600.0,0.0,0.9469910369138086,210.3859806977145
409000.0,airleak_nox,623.7591702167473,0.0,2.0446715218028517,232.3192302067728
409500.0,airleak_nox,683.249123130544,0.0,1.8135792144238787,220.40641498008003
410000.0,airleak_nox,692.0184428185653,0.0,0.2535578795088017,225.90103928038923
410500.0,airleak_nox,788.0517226507554,0.0,3.2016798205665467,225.38900128664073
411000.0,airleak_nox,792.0715443682794,0.0,1.7264548155943866,221.4434637865748
411500.0,airleak_nox,778.286429784171,0.0,1.690522546835265,229.27936106963975
412000.0,airleak_nox,832.7615325814862,0.0,1.2597688180177593,242.85507328349786
412500.0,airleak_nox,785.077934859786,0.23578678777869355,0.8845873055352829,231.8173792765914
413000.0,airleak_nox,780.3148064260091,0.0,3.5520560441530122,201.19763121822496
413500.0,airleak_nox,792.0035476668826,0.0,1.6391652617584986,190.48427695935027
414000.0,airleak_nox,765.1825816828115,0.0,1.9287599504119848,182.23073812544607
414500.0,airleak_nox,717.3786858788819,0.0,1.2319235277103489,186.2081559007343
415000.0,airleak_nox,681.1295535090158,0.0,0.9702065432783942,154.25863494230958
415500.0,airleak_nox,688.1169800852753,0.0,1.539907175832376,196.73267220858196
416000.0,airleak_nox,729.6415251956668,1.218309737604492,1.9489242911965055,176.60111530100096
416500.0,airleak_nox,828.4624280474775,2.8309232319939657,1.6265096534607884,191.2898718524524
417000.0,airleak_nox,813.9910878599634,3.7841470151407215,0.24673176416850684,203.29638819886762
417500.0,airleak_nox,839.5342630859299,4.177142777050161,-0.29496565454536694,172.00687493273867
418000.0,airleak_nox,922.8694984054819,4.6966966415135785,0.784585134209681,205.31489696015547
418500.0,airleak_nox,953.7113500649281,5.680610171056723,0.21909540635101243,206.02406688576698
419000.0,airleak_nox,998.1548996454079,6.2304969524118,1.022213180925936,229.85658942457474
419500.0,airleak_nox,973.1832174244007,4.872963578294172,0.2714417883829735,237.46416970725258
420000.0,airleak_nox,825.38102240222,1.6836899247293005,1.8703200251314671,221.8480162638793
420500.0,airleak_nox,747.4772974146471,0.0,0.42995338155512763,179.59544451751302
421000.0,airleak_nox,760.3149986715845,0.0,2.8211771482798547,208.3123612469672
421500.0,airleak_nox,817.7135850671759,0.0,0.683700766574677,199.3633127471831
422000.0,airleak_nox,846.5200380336419,0.0,0.2493640866606911,231.29067962315855
422500.0,airleak_nox,870.5443303384225,0.0,0.0697178215382821,200.85302733787066
423000.0,airleak_nox,748.2089514219435,0.0,1.3786207708316405,215.469257067288
423500.0,airleak_nox,763.6059024169331,0.0,2.186600017432301,213.862987878823
424000.0,airleak_nox,696.9170622230621,0.0,1.1548222834751187,247.16735295258778
424500.0,airleak_nox,811.9795528572714,0.0,1.2654011385220745,206.14829305176548
425000.0,airleak_nox,1106.7144693380944,6.621424176331457,0.7257309730600727,232.6399942976466
425500.0,airleak_nox,1196.1404361410277,7.878034001610935,1.1232229665187197,257.9127090660387
426000.0,airleak_nox,1063.8495066908026,6.715598051486606,3.0383853841118595,207.70077336030585
426500.0,airleak_nox,938.0238621458142,5.019353305085139,1.3341614678502602,218.32187931105264
427000.0,airleak_nox,775.6115067043197,2.2650967759556373,1.345425993663567,185.9110822975315
427500.0,airleak_nox,613.7695441259273,0.5727113366415577,0.07599248331768904,204.5218208247102
428000.0,airleak_nox,625.2025859385872,0.34543222638276133,0.2983288229232397,196.8209922280791
428500.0,airleak_nox,653.5518689245378,2.142092883703257,1.3463543297495149,198.5813271357281
429000.0,airleak_nox,799.89288823782,3.7110484697845036,0.37539813102360553,209.54104093042332
429500.0,airleak_nox,945.1023361796337,4.549630479693364,1.329456121966168,224.50785041568875
430000.0,airleak_nox,1030.660686175683,5.194154781492004,-0.07481384033293081,202.31519648765797
430500.0,airleak_nox,721.9798000489285,0.0,0.6915427387823535,196.73777358662483
431000.0,airleak_nox,763.621451963414,0.0,1.003003959452898,194.30181980219936
431500.0,airleak_nox,856.2561300995517,0.6526718452742831,0.7490948795185726,208.5133068371257
432000.0,airleak_nox,987.0471890490359,2.1434355608861417,1.4353467469881431,266.57601630291566
432500.0,airleak_nox,1019.3590434659645,3.3205364270063757,-0.020329515137672116,229.35602862372343
433000.0,airleak_nox,1033.4011160451514,2.74152205821803,1.7300862877722372,229.02790965180833
433500.0,airleak_nox,834.6732252078064,1.0080641655937561,1.4771992828849807,234.9687464827203
434000.0,airleak_nox,723.2230362280519,0.05959845349738507,2.0072311941681145,202.36815096082435
434500.0,airleak_nox,706.805919220506,0.0,2.0606202663363766,223.21000450107573
435000.0,airleak_nox,736.7330900835333,1.5596448653544432,-0.12156437008265653,213.63683781173407
435500.0,airleak_nox,808.8317485590509,2.7103602277859102,-0.05035407784625723,208.81186966732443
436000.0,airleak_nox,835.1371785773803,2.9110481966733484,1.6502496648498368,240.07800982321314
436500.0,airleak_nox,805.3637171313461,3.368217822717162,-0.04380526389872341,242.84823483726893
437000.0,airleak_nox,644.3406746213487,1.6548615650794676,0.6264943026241122,209.98823359427806
437500.0,airleak_nox,747.8170918430778,1.8789173793816367,2.464099450731153,246.76726945262004
438000.0,airleak_nox,720.9512986729228,1.3224043852081584,1.2251498824819333,194.53459566807476
438500.0,airleak_nox,731.7585187377139,1.9867158212661025,1.4383640077906692,183.66359315945166
439000.0,airleak_nox,698.7805120673527,1.3855114064700078,1.4555056833827629,190.6220038710577
439500.0,airleak_nox,615.2506746562356,0.0,1.8059161711463476,175.7143037037856
440000.0,airleak_nox,664.3595108977574,0.0,0.24901299969153112,189.04579142748466
440500.0,airleak_nox,711.0221448124389,0.0,1.2732252969665574,180.7266102196172
441000.0,airleak_nox,750.1044815939902,0.0,0.8735563115021355,210.17865217084454
441500.0,airleak_nox,831.9838352471572,0.09527452201948407,0.008286842713528086,154.62490308949808
442000.0,airleak_nox,820.0318373284116,0.0,-0.2138255080923992,193.1510823448387
442500.0,airleak_nox,814.1448886138178,0.0,1.0134483058081818,158.98713227192192
443000.0,airleak_nox,855.5428784881632,0.0,2.445255687680569,203.09875964175154
443500.0,airleak_nox,751.0778145127407,0.0,1.23887433332586,201.4907671200583
444000.0,airleak_nox,740.7462729090205,0.0,1.044912600701146,208.78435731928312
444500.0,airleak_nox,681.3851730469414,0.0,2.3835056882376953,169.52675497660533
445000.0,airleak_nox,761.2202790781944,0.0,1.9621318165643515,196.34400101697938
445500.0,airleak_nox,657.1994092991331,0.0,2.3880080135128825,209.93870010150943
446000.0,airleak_nox,720.0217859039947,0.0,1.2582706108443005,203.96272996924287
446500.0,airleak_nox,600.0,0.0,2.4371232093010224,196.16227954069902
447000.0,airleak_nox,600.0,0.0,1.521491950448372,207.97634618791795
447500.0,airleak_nox,600.0,0.0,0.23848123131951726,247.54444841947492
448000.0,airleak_nox,600.0,0.0,1.5766101301063178,219.90585212368794
448500.0,airleak_nox,600.0,0.0,1.7210717902449493,225.2811377298482
449000.0,airleak_nox,616.787179102041,0.0908283661036055,0.21942190615250023,222.3273094990094
449500.0,airleak_nox,676.2986592948604,1.3225057484520173,1.2423929746361044,222.25502672049768
450000.0,airleak_nox,795.7127376059173,2.303023481774317,1.1805796724659334,201.87978994814893
450500.0,airleak_nox,897.9849224395327,2.2945968110251362,1.4662904127631333,222.34584403066094
451000.0,airleak_nox,926.6805938594969,3.0114155244339136,2.9548751024761044,242.0257240022137
451500.0,airleak_nox,1095.3019130768748,3.844383947702266,-0.3566650563740228,220.84714109110098
452000.0,airleak_nox,1091.6217842654376,4.538614815956091,2.3947777890839,169.94138513246
452500.0,airleak_nox,958.35365471815,2.7308879270804987,1.3849601629637203,198.52861731003662
453000.0,airleak_nox,842.8345477807937,1.1441562657779705,1.0870876131403033,198.4650164769644
453500.0,airleak_nox,789.8292783849865,0.0,1.7153331480795924,154.93479960091798
454000.0,airleak_nox,823.4460359986282,0.0,0.690856807421973,200.44302637822085
454500.0,airleak_nox,728.9600033799023,0.0,2.713014130129804,194.72056065479157
455000.0,airleak_nox,1266.8159682609426,7.968,0.4537760631268527,258.47786168793954
455500.0,airleak_nox,1195.8102277771159,7.968,1.4970217524789549,245.08025538464437
456000.0,airleak_nox,1153.0817226482304,7.968,0.975544119036232,250.35454952407895
456500.0,airleak_nox,1097.4693512125796,7.968,1.322233887928685,247.2467206939952
457000.0,airleak_nox,1157.9614229086635,7.968,1.021574125140182,242.7020279277334
457500.0,airleak_nox,1116.4068886907758,7.968,1.4768835097304631,278.40363525210194
458000.0,airleak_nox,1150.6354257487178,7.968,2.213236967935084,238.6073422402024
458500.0,airleak_nox,1156.1031274096763,7.968,-0.07133425107677449,261.65303909545463
459000.0,airleak_nox,1137.9096823487039,7.947994250133463,1.2212415873652829,299.92807118497063
459500.0,airleak_nox,1056.4752625223355,5.564801498504534,2.5351547219576167,315.8595597961218
460000.0,airleak_nox,850.5933872763209,2.4660883430181344,2.088395579742982,201.43525743474032
460500.0,airleak_nox,732.1949878328198,0.0,1.1307088265223082,217.90042773117273
461000.0,airleak_nox,771.9037641459668,0.0,1.3750149364610373,225.2562040094122
461500.0,airleak_nox,769.3414139704912,0.0,1.6875799022286855,192.71575320847072
462000.0,airleak_nox,877.0390124446815,0.0,0.8027987555752238,211.4778023147761
462500.0,airleak_nox,853.2922814469227,0.0,1.7689498933064685,212.53809709699658
463000.0,airleak_nox,866.9888660215021,0.0,1.9873070099098955,182.60924247528726
463500.0,airleak_nox,890.2636454634933,0.0,1.8444715543063492,186.85316226041542
464000.0,airleak_nox,717.8271891553634,0.0,1.1859133549547927,177.9578851401524
464500.0,airleak_nox,785.4428651260855,0.0,1.0274260761995517,174.10483464489914
465000.0,airleak_nox,677.487108881906,0.0,0.698370790500469,152.27130156427663
465500.0,airleak_nox,686.855680298668,0.0,0.5772729455252699,201.77410275844193
466000.0,airleak_nox,669.8716157435164,0.0,0.9128725389086657,194.74851506834764
466500.0,airleak_nox,642.7970753735455,0.23604986387942933,1.2551113544375683,222.56603264581935
467000.0,airleak_nox,620.0474434733717,0.0,1.4539854845179203,148.8653653950117
467500.0,airleak_nox,600.0,0.0,1.591592097251453,196.50756564350698
468000.0,airleak_nox,600.0,0.0,2.600054498870688,169.38362858776088
468500.0,airleak_nox,605.5423728889256,0.7378421461536853,2.6055335826533215,175.4662047222893
469000.0,airleak_nox,735.1556615111674,2.05639037054883,2.039502862439971,210.7267879092078
469500.0,airleak_nox,822.560061924796,2.087388032618972,0.043030781620538416,221.8602242022081
470000.0,airleak_nox,872.9956170083232,1.826700497432774,2.041439811512094,259.6667617376742
470500.0,airleak_nox,826.5336620157238,2.1061856568254673,1.6899564478721698,228.49437227447652
471000.0,airleak_nox,989.7909058156134,2.6844870086846235,1.216682151366641,280.1554840684862
471500.0,airleak_nox,978.0954671058793,3.4265914105536073,1.7685560625780061,235.1240921600922
472000.0,airleak_nox,1104.8977881818876,4.120176654454834,0.5980452469179213,271.3155346143096
472500.0,airleak_nox,979.4701149103411,2.2674511686065606,1.8383832487994762,273.3340385130812
473000.0,airleak_nox,899.0571489798772,1.169168745321808,1.356532161892676,223.46850823188123
473500.0,airleak_nox,739.6565937793132,0.0,3.6053993630188135,193.9536795658943
474000.0,airleak_nox,741.5098673902946,0.11502344737433617,2.744879029090287,195.50688882105987
474500.0,airleak_nox,706.198205649691,0.3223063043509291,-0.36261347842767533,205.21716327695378
475000.0,airleak_nox,818.6788039030829,1.7247600222756185,2.166533483148772,165.51276284248343
475500.0,airleak_nox,831.909201749611,2.0369164141726515,1.2380508904842202,170.4960319125005
476000.0,airleak_nox,751.9447991357764,1.2807044963393168,1.7012091093969293,162.09928643537393
476500.0,airleak_nox,600.0,0.0,0.8381454820899796,210.21640948317759
477000.0,airleak_nox,604.2021506286552,0.0,2.0629186371917694,184.40231279001375
477500.0,airleak_nox,600.0,0.0,0.2507385249348135,164.2647932206939
478000.0,airleak_nox,632.1468661296298,0.0,0.7329200849552984,172.57423794681037
478500.0,airleak_nox,641.5953027814363,0.0,0.6638664949735144,184.3597064413925
479000.0,airleak_nox,606.5799680170742,0.0,1.7297440852856505,204.35661852534713
479500.0,airleak_nox,639.3407260558417,0.0,1.0921413471783614,216.75335668053597
480000.0,airleak_nox,750.4978723132435,0.0,1.3879912304121407,199.34334319941377
480500.0,airleak_nox,793.6493226201294,0.0,0.48412006315291567,213.883494758793
481000.0,airleak_nox,815.5426309357055,0.0,1.8718014950360686,190.4040275698511
481500.0,airleak_nox,813.5937335808782,0.0,1.8497350551849179,218.5757137172251
482000.0,airleak_nox,862.5888878382968,0.11030083093848,2.4651696032555783,230.87704468540224
482500.0,airleak_nox,805.4318195282335,0.0,2.845728477840928,220.01876458239022
483000.0,airleak_nox,793.7901782541802,0.009064571172279243,1.0231319003953598,228.92224292639847
483500.0,airleak_nox,792.708003644236,0.0,1.5622060913172906,246.9924216602935
484000.0,airleak_nox,800.4924004679264,0.0,2.1415140460139814,183.1020764038744
484500.0,airleak_nox,739.7512983796378,0.0,2.81339472313733,213.4272171440231
485000.0,airleak_nox,1181.7044118529247,7.296619576641298,0.34598868637103075,290.39530808380425
485500.0,airleak_nox,1101.5428678095986,6.333581819476531,-0.5574976381287255,262.9308299448901
486000.0,airleak_nox,1055.6342897838092,5.7514688399881555,1.2027459054579042,240.35490877720028
486500.0,airleak_nox,938.6854587831959,5.245870563552455,2.063750926368037,246.5329775901979
487000.0,airleak_nox,966.8797350037358,5.748513071570854,1.2191482227885808,231.1555679362662
487500.0,airleak_nox,1047.8924315002193,7.692890153372082,1.528564945905434,250.40740894598125
488000.0,airleak_nox,1133.5873372435688,7.968,1.8700894946841846,226.167518644123
488500.0,airleak_nox,1113.5791953135529,7.968,1.2127040508017035,248.48410292338858
489000.0,airleak_nox,1169.917580257624,7.968,2.7562522112576593,276.8661946791432
489500.0,airleak_nox,1189.5831089096207,7.968,-0.05219175428603329,241.81137104407827
490000.0,airleak_nox,1243.6245268359914,7.968,1.9779465006681451,244.70265700863118
490500.0,airleak_nox,1063.0656612036566,4.356136553167501,1.8815014731050543,242.96053118153426
491000.0,airleak_nox,1042.6438101135668,3.7376754734524136,1.6185938845705063,229.540994725035
491500.0,airleak_nox,979.4436852386331,3.1265418361980974,2.9050776188806955,224.84465843192908
492000.0,airleak_nox,945.5079220612826,1.534222166694362,1.4984140424822614,211.3308209101193
492500.0,airleak_nox,807.2861210393831,0.0,1.7618824544805665,226.81912021979795
493000.0,airleak_nox,853.231203747559,0.0,0.0053633102533638954,192.7227732493335
493500.0,airleak_nox,711.897699854396,0.0,1.2107941936881834,217.52012112414812
494000.0,airleak_nox,738.0386760339891,0.0,2.9684739964640325,191.52959816819586
494500.0,airleak_nox,763.2504641546824,0.0,0.39297574570108273,226.15492219656588
495000.0,airleak_nox,690.4379466109422,0.0,1.0412004130403125,224.51723941509755
495500.0,airleak_nox,617.3692779102673,0.0,0.9381502311527967,198.2609008354066
496000.0,airleak_nox,651.2084275928622,0.0,0.39472342682694206,212.58112183574647
496500.0,airleak_nox,600.0,0.0,2.3682443690764714,201.20730863505395
497000.0,airleak_nox,600.0,0.0,0.5245646229404839,172.6641040671674
497500.0,airleak_nox,622.4719190677563,0.0,1.00696882711779,191.25433163829692
498000.0,airleak_nox,600.0,0.08727911576372133,0.03219825165412682,202.42464491369452
498500.0,airleak_nox,600.0,0.0,2.166136359576744,196.8159740811821
499000.0,airleak_nox,611.3759152139655,0.0,1.328773581788935,208.9288004334241
499500.0,airleak_nox,651.5564648909399,0.0,0.4956172148006762,150.38679754635038
500000.0,airleak_nox,709.3405133837567,0.0,0.8437387427313192,173.02712125181998
500500.0,airleak_nox,749.4759455328498,0.0,3.8525760191762473,188.9577651683005
501000.0,airleak_nox,772.1274499905626,0.0,0.9796233988586995,190.91503217314778
501500.0,airleak_nox,791.8371750627675,0.0,2.4007328278009976,175.8555579234423
502000.0,airleak_nox,803.8271449282672,0.0,1.5024806662675692,191.17378279016853
502500.0,airleak_nox,883.4944313772424,0.0,-0.011210486596224811,185.2573212672479
503000.0,airleak_nox,817.4981239240614,0.0,1.0251677885424275,164.26915717283268
503500.0,airleak_nox,780.9810799232753,0.0,1.7630178754064256,194.71484277361265
504000.0,airleak_nox,778.503752925939,0.24253517565622507,1.233972963475054,198.61584092590013
504500.0,airleak_nox,821.645353098061,1.0371861462766543,1.5378351810672721,199.06079740602965
505000.0,airleak_nox,823.8565722455081,2.2119587733720927,1.3557444803406857,235.88359229534387
505500.0,airleak_nox,751.0526984636966,1.9776194138244,2.0715375835771694,190.42553931364014
506000.0,airleak_nox,657.0709210798432,0.9855745244985871,0.9999741543436138,228.6472685315095
506500.0,airleak_nox,609.9453333401816,0.144003254286929,0.933855719816165,207.53466370081821
507000.0,airleak_nox,663.0891346925883,0.4486888909994727,2.313109433354916,217.65016255060436
507500.0,airleak_nox,714.86325582623,2.079327670462355,0.2965315660894766,193.3469414361433
508000.0,airleak_nox,786.503340663023,4.294434363503974,1.715915437618078,223.22586747943163
508500.0,airleak_nox,814.5934404918465,3.539502159774308,1.1387672112086393,202.37121320154353
509000.0,airleak_nox,901.8083268692476,3.9184001209752077,0.48146100969070116,216.05886786476748
509500.0,airleak_nox,739.4959245783565,1.9677676624132543,0.4750567484833037,203.37331446091898
510000.0,airleak_nox,718.7519366428553,0.5842423763254307,0.4745425023757557,193.32123933117222
510500.0,airleak_nox,758.6808548994985,0.0,0.8923621595674103,202.1024634324322
511000.0,airleak_nox,820.2984602751513,0.0,1.6425226777954849,192.16910350990258
511500.0,airleak_nox,780.6053141620484,0.0,0.30366052496741625,161.4691632968853
512000.0,airleak_nox,820.3412729053734,0.0,2.8093989267454282,167.7530372165816
512500.0,airleak_nox,882.0794474779323,0.0,1.7330774288856117,172.68301472944324
513000.0,airleak_nox,827.0163567391404,0.0,1.5931183336573627,207.97917242691238
513500.0,airleak_nox,802.843577581242,0.10104980973667736,0.23063288798426818,187.13395244559908
514000.0,airleak_nox,744.6936336590251,0.0,1.2744939858187512,149.8445741771906
514500.0,airleak_nox,764.3276917280319,0.0,0.2296647394803042,174.39838459146458
515000.0,airleak_nox,1220.3078607196057,7.330240095661655,0.39615868434343104,248.80236501871113
515500.0,airleak_nox,1130.0834200932277,6.819532626833542,1.3700817340522136,266.8443855435162
516000.0,airleak_nox,1019.0432875750583,5.736879333491231,2.3130870484921293,216.5562999289831
516500.0,airleak_nox,825.1656016606089,3.634681243270519,0.07325403198174918,182.1759182806759
517000.0,airleak_nox,707.4867635474088,2.631832671488862,1.973948399694241,235.74841970546686
517500.0,airleak_nox,720.327583021643,2.7885380884852196,1.1024789013289,220.92718160010767
518000.0,airleak_nox,720.4270021224501,2.1335002663413434,0.6441431015239183,204.14583900660887
518500.0,airleak_nox,773.5467035222937,2.837286832877148,1.5223607683588938,239.03096941700807
519000.0,airleak_nox,689.8433398936722,1.9472048832555533,0.27325267297038935,232.95829212909737
519500.0,airleak_nox,840.0518517170176,2.249066123071434,1.9625330930014975,204.05020796966954
520000.0,airleak_nox,920.7119157481111,2.8090067314848883,2.9554793681115497,253.70643279990097
520500.0,airleak_nox,743.0360583748882,0.0,0.5527868154442022,257.59525663630893
521000.0,airleak_nox,786.2206627567103,0.5862846205022217,1.7939685016598497,199.2868268269562
521500.0,airleak_nox,1010.1095497648269,3.047737974769347,1.6056046151309067,215.23221796432196
522000.0,airleak_nox,1039.4690978451354,3.865340110842538,0.42931334421613265,219.43637248161852
522500.0,airleak_nox,1031.8314024253546,3.4441059027927303,0.240867141730445,220.03770756144215
523000.0,airleak_nox,942.9756208887713,2.402678251896064,0.8048444978435105,178.5662702692022
523500.0,airleak_nox,950.0461232784346,1.5963197582970228,1.72822362125267,180.36932509992315
524000.0,airleak_nox,931.792939578005,2.0388439044388185,1.119949094969616,190.89950371219243
524500.0,airleak_nox,867.3186722412835,1.6885118092205942,1.4088236312865032,187.69402414518663
525000.0,airleak_nox,849.9889699194345,1.291391251614346,1.2875419189036184,182.9760847857522
525500.0,airleak_nox,648.3838265315225,0.0,1.2998797850182722,199.31859477397992
526000.0,airleak_nox,661.3732790086838,0.0,0.7182004783687813,141.08276244865397
526500.0,airleak_nox,615.0898629930597,0.0,1.2302223305611941,184.5307938965949
527000.0,airleak_nox,600.0,0.0,0.6955961089072686,146.34429286715016
527500.0,airleak_nox,753.8487721073967,2.548094158075941,1.6872407231953164,176.89393346232723
528000.0,airleak_nox,791.4390297858575,3.922364666060811,1.3631386568228385,216.1152357947484
528500.0,airleak_nox,920.7454376467393,4.199078556607371,0.9691504970845783,231.46080156572845
529000.0,airleak_nox,795.772458944882,2.87527961528456,2.1211709939848977,220.2585304375229
529500.0,airleak_nox,774.7344283068502,1.4963966451699822,-0.14949659248271874,213.52898069786005
530000.0,airleak_nox,727.8838676006445,0.0,2.404513051241727,212.39757685337472
530500.0,airleak_nox,739.6973999160709,0.0,1.9411773189711947,230.88766028451536
531000.0,airleak_nox,731.9791165023424,0.0,2.2241869424208622,212.336300150669
531500.0,airleak_nox,802.3778688855737,0.0,0.5609594041142926,217.01610200766606
532000.0,airleak_nox,798.714344287086,0.0,3.1639431246067717,220.74224013747138
532500.0,airleak_nox,755.2837492372905,0.0,2.1115505864087996,201.27241931263964
533000.0,airleak_nox,763.3575160695985,0.0,1.6015905159557982,221.99316012724978
533500.0,airleak_nox,800.275960598214,0.0,1.8715882778777713,252.20841771580166
534000.0,airleak_nox,734.0740562874239,0.0,1.3011363813746342,200.10433349231053
534500.0,airleak_nox,706.4717188331368,0.0,1.8706583846597606,192.59261524881296
535000.0,airleak_nox,677.7891932234136,0.0,0.6638960371197734,200.57152412333846
535500.0,airleak_nox,628.7241017242491,0.0,0.5412983143827343,186.06010482401254
536000.0,airleak_nox,600.0,0.0,0.37280597055477216,181.49573956238262
536500.0,airleak_nox,607.3676074744599,0.0,2.7836319862894836,174.99314300407772
537000.0,airleak_nox,600.0,0.0,2.0331019902302097,157.94499230605427
537500.0,airleak_nox,600.0,0.028150304256321416,1.3319950118913113,190.02602847349272
538000.0,airleak_nox,612.1233178915664,0.0,2.7721751755830946,166.80412208421924
538500.0,airleak_nox,600.0,0.0,1.7395401407845856,185.82506836131097
539000.0,airleak_nox,600.0,0.0,1.8559128957569437,161.79139411651948
539500.0,airleak_nox,613.4954775645853,0.0,1.2623379910449182,196.0444731775154
540000.0,airleak_nox,754.4831479693892,0.0,2.5089058493731535,210.42805722633352
540500.0,airleak_nox,750.1218835115204,0.28552316239438125,0.9061843017946108,181.63211402342446
541000.0,airleak_nox,993.9197735250742,2.619105768947262,1.7059050468221084,221.9824449533978
541500.0,airleak_nox,1060.7689170262563,3.6327448750029743,0.7979302105745796,216.58522968627202
542000.0,airleak_nox,957.5315254773435,3.045409461174764,0.4595011697395138,221.12616325882883
542500.0,airleak_nox,900.9840976552799,1.3093618682305384,1.1051623343542643,217.35412302422594
543000.0,airleak_nox,951.5945280389196,1.5247992686520595,-0.9365851933422382,229.4995333300924
543500.0,airleak_nox,829.9831797343709,0.9411787895213464,1.2783448093498608,263.5213131959161
544000.0,airleak_nox,908.3892926353817,1.673525124760487,2.599389304103146,256.67649604233804
544500.0,airleak_nox,907.7514239876486,2.242230346702502,0.5592250258057456,225.0897230981742
545000.0,airleak_nox,1251.7619481217869,7.968,0.7224748086863896,263.45647951754273
545500.0,airleak_nox,1174.26340607276,7.968,1.1402767404208762,260.5919662598354
546000.0,airleak_nox,1166.6631434475112,7.968,0.8156967871166428,217.83874676511482
546500.0,airleak_nox,1087.2361508512297,7.968,2.240352691565901,223.55787927317635
547000.0,airleak_nox,1091.7013047950663,7.968,0.4583034752426053,262.3217854990619
547500.0,airleak_nox,1081.103613956961,7.968,1.7575397715548589,225.30292366506043
548000.0,airleak_nox,1139.6630486121092,7.968,0.5143633422937224,206.9889057270192
548500.0,airleak_nox,1073.3481854920315,7.968,0.06437464973428586,215.77885916023604
549000.0,airleak_nox,1080.3020063809283,6.884883964541958,1.7386872698723277,214.62211735298493
549500.0,airleak_nox,908.4010622752343,3.83083267453179,1.1262096081564468,195.85779340432734
550000.0,airleak_nox,836.5178500324527,2.7898060916975345,0.5416449117379244,217.60319581289414
550500.0,airleak_nox,754.5046960684751,0.0,1.239015575091507,175.50718575104753
551000.0,airleak_nox,714.949436224407,0.0,2.376778063712328,177.635355083724
551500.0,airleak_nox,795.7742205707924,0.0,0.03881938029623333,212.08883542986086
552000.0,airleak_nox,773.9018519981892,0.0,1.834483616159319,164.55638984397325
552500.0,airleak_nox,811.5462653404406,0.0,3.576965138666106,199.61322774688657
553000.0,airleak_nox,813.893559021552,0.0,1.014642681891624,248.42591800310223
553500.0,airleak_nox,780.1875419580895,0.0,2.290989638582702,229.49698446716062
554000.0,airleak_nox,746.0056568451035,0.0,1.5441398885829294,193.1310161485793
554500.0,airleak_nox,751.6998799243354,0.21400942988875407,0.9056032238074281,233.17686203224844
555000.0,airleak_nox,691.094470393528,0.2455362976209644,-0.285792937961175,198.39971054494814
555500.0,airleak_nox,685.8334758878838,0.0,0.6257990419681602,195.45046502506008
556000.0,airleak_nox,613.4461463623817,0.0,2.2162464563821604,219.1809440293521
556500.0,airleak_nox,635.6304196897504,0.0,1.529541481919799,257.4092542180816
557000.0,airleak_nox,618.3820650433572,0.0,1.8726305769176013,175.67835837059135
557500.0,airleak_nox,600.0,0.0,0.04799187431562979,186.62189564242885
558000.0,airleak_nox,616.8794773141422,0.0,0.8823811649862365,194.79649723736358
558500.0,airleak_nox,600.0,0.0,0.38267588418536047,209.91518993857
559000.0,airleak_nox,600.0,0.0,1.5711512490124282,209.28248693102427
559500.0,airleak_nox,667.5002727762983,0.0,1.7381199972865202,196.58207289910953
560000.0,airleak_nox,798.2019265392254,1.2210950780371275,0.8842251536998095,203.41340929810957
560500.0,airleak_nox,975.7333215582144,4.117094556480635,0.006500452563729109,202.70609576467388
561000.0,airleak_nox,1221.8393082557493,6.60867672646095,2.3312327947735803,188.9246373198619
561500.0,airleak_nox,1219.3402145198052,7.223025411364378,1.0246586336577712,233.51558538778994
562000.0,airleak_nox,1179.712083957104,5.934470051863645,1.4331203426851364,224.00572089526582
562500.0,airleak_nox,1019.4636158425762,3.7479543953112935,0.9564241640027575,191.08641569594224
563000.0,airleak_nox,968.0580340000204,1.8136729208337703,1.5521582168168289,199.27212832485344
563500.0,airleak_nox,763.7212328983421,0.8512735891183361,1.5433834246658666,192.70903911852665
564000.0,airleak_nox,775.1615587810651,0.4095457929814306,2.7154754821853286,209.0255397296254
564500.0,airleak_nox,744.2854341998186,0.0,2.4906754496735655,190.85015421219566
565000.0,airleak_nox,718.3928823267781,0.0,1.811344647600354,182.93569419947772
565500.0,airleak_nox,661.3197555417099,0.0,1.0384231869988254,201.48089208373045
566000.0,airleak_nox,689.9021966197513,0.0,0.6938092132541157,221.35336923491664
566500.0,airleak_nox,603.3729222512051,0.0,0.3935580903506446,192.95367065432907
567000.0,airleak_nox,600.0,0.0,0.859251841928965,206.2477301837335
567500.0,airleak_nox,643.3197673608404,0.0,1.9529421882054794,197.53141726884886
568000.0,airleak_nox,600.0,0.0,-1.2772521907926264,208.39307238623246
568500.0,airleak_nox,612.695443782119,0.0,3.3040376308215764,215.34114229212494
569000.0,airleak_nox,617.3560334854117,0.0,0.4432439192037655,201.41782988900832
569500.0,airleak_nox,686.9315392287125,0.0,-0.30623537055729066,189.58919132601767
570000.0,airleak_nox,731.3533340382344,0.25649682839796045,1.80150603382616,216.29334438320987
570500.0,airleak_nox,778.8739296644752,0.2144359398212717,-0.9257631654990646,172.5950956829492
571000.0,airleak_nox,726.7928711361301,0.18277609292207153,1.4853838566813657,179.06943919362934
571500.0,airleak_nox,801.1121298948494,0.0,1.0332418858804344,166.02163527143844
572000.0,airleak_nox,814.4449605565574,0.0,2.3532087073776147,171.856491670012
572500.0,airleak_nox,889.3801211799032,0.0,1.1511597561791471,169.40915324124413
573000.0,airleak_nox,834.3502088254845,0.0,1.7152447968424076,219.73463205100197
573500.0,airleak_nox,821.951397424903,0.0,0.7515612902054164,207.6481728681024
574000.0,airleak_nox,771.7839181334043,0.0,1.4606922521104098,175.12638444655477
574500.0,airleak_nox,718.9501521656888,0.05563684600961426,0.5526207848395126,176.19431018213064
575000.0,airleak_nox,1145.851779356509,7.968,-1.2174221124105213,243.39879412662395
575500.0,airleak_nox,1180.2946402563814,7.742636122032761,0.20586106580346897,265.82205970410854
576000.0,airleak_nox,1112.0598061096334,7.284636340373786,0.3246589440937091,256.2002706840488
576500.0,airleak_nox,1119.9459287754903,7.758771379332022,1.3686834333971132,280.89569286748434
577000.0,airleak_nox,1092.0345843077985,7.968,-0.5169151401200456,226.1854090269617
577500.0,airleak_nox,1052.95854066922,7.968,-0.12845704176238804,240.47545275836376
578000.0,airleak_nox,1110.995951515251,7.968,2.190629382635012,271.30385723462337
578500.0,airleak_nox,1125.4970129120609,7.968,1.253708661306731,267.11883174656174
579000.0,airleak_nox,1168.083021428997,7.968,2.3547606326716872,276.0305828114913
579500.0,airleak_nox,1225.574868966853,7.968,1.1869826742810834,267.1760982232595
580000.0,airleak_nox,1172.6478549522128,7.968,1.721277730949759,266.83189974900466
580500.0,airleak_nox,1060.0288540862086,5.05148550461971,1.625263419645099,253.76739950041352
581000.0,airleak_nox,1077.842832498279,5.18037447129342,1.6836112124371352,251.6689981697414
581500.0,airleak_nox,1028.2624227475012,3.0846948357565833,0.212851377344224,261.2035690136437
582000.0,airleak_nox,911.8358507670875,0.4641057449075377,1.6013642778945627,212.54491102074303
582500.0,airleak_nox,820.7161951110309,0.0,2.2150556709131863,195.0984274703612
583000.0,airleak_nox,790.1627911924647,0.0,0.3961936443461317,161.03654271245776
583500.0,airleak_nox,843.5746205892051,0.0,1.5334991950501418,180.81954598237942
584000.0,airleak_nox,813.0610879303946,0.0,2.1320343785663343,207.67425966693372
584500.0,airleak_nox,753.9146877274446,0.0,1.1995843397000734,163.7156930456418
585000.0,airleak_nox,699.5343027574777,0.0,1.070214527682784,161.2149336359408
585500.0,airleak_nox,621.7828361171759,0.0,0.5690608025659073,186.04268935229908
586000.0,airleak_nox,629.4226115056076,0.0,1.8248577273226076,195.42158328754678
586500.0,airleak_nox,609.9524438684945,0.0,1.9667426316750585,182.27780374083298
587000.0,airleak_nox,600.0,0.0,0.8996572023792644,184.39955051845052
587500.0,airleak_nox,600.0,0.0,2.124091090329366,187.7357766340978
588000.0,airleak_nox,600.0,0.0,1.6203276522531438,184.74357884453107
588500.0,airleak_nox,604.595908275091,0.0,1.6349406995195643,227.58585204437563
589000.0,airleak_nox,623.5959265575336,0.0,0.12565404957425907,219.9139535448635
589500.0,airleak_nox,655.5946913300334,0.0,1.337163081527558,234.86641256523387
590000.0,airleak_nox,751.046781666161,0.0,2.083072432643397,216.22828112237434
590500.0,airleak_nox,726.8847354463923,0.0,1.1037089445255097,210.9934003052722
591000.0,airleak_nox,776.6670073927543,0.0,0.3773520560953352,232.34435652016464
591500.0,airleak_nox,812.8774826200262,0.0,1.3731343051280414,197.02475668110256
592000.0,airleak_nox,824.1666956094443,0.0,2.276437805193967,234.58398319712535
592500.0,airleak_nox,850.4892242277274,0.0,-0.4053643822982642,227.49232098561836
593000.0,airleak_nox,835.9930534220973,0.0,-1.2596905245666359,220.66731523701617
593500.0,airleak_nox,957.538639357138,2.70984343793055,2.519855985170232,255.29410115759327
594000.0,airleak_nox,1097.431100081766,4.835283125711737,0.5164022824262526,260.72455874627224
594500.0,airleak_nox,1024.8856623179022,4.398601738054901,0.7667344610805932,202.7036908495227
595000.0,airleak_nox,913.8102708599196,2.8016042139694917,2.4846153389114822,194.6714273646791
595500.0,airleak_nox,798.4977087746207,0.9986098885509902,2.430633803261291,179.9566529552652
596000.0,airleak_nox,629.795550802265,0.0,1.683769412257068,195.9246674520923
596500.0,airleak_nox,600.0,0.0,0.7361181067393932,166.0881010206435
597000.0,airleak_nox,615.4185418080797,0.17617713725653514,-0.31230055091737174,163.58752828631359
597500.0,airleak_nox,664.4647301628681,0.8473979462751806,2.1410496384465154,176.3258646997088
598000.0,airleak_nox,678.922498259614,0.6966803600505816,0.8214257342133651,173.12615759992292
598500.0,airleak_nox,622.4571661604583,0.5427357047022264,0.25972627840041995,149.36780238676732
599000.0,airleak_nox,703.7636951715107,0.11255313685478095,1.318022631270772,199.6232273507418
599500.0,airleak_nox,736.2339376313914,1.5083235228003578,1.6951877856029012,216.46269191093418
600000.0,airleak_nox,961.938114813109,3.5821602944219206,-0.2831210868535685,208.62947475935187
600500.0,airleak_nox,1015.2904538525003,4.5884824830838475,1.549113813196129,252.5428596552206
601000.0,airleak_nox,994.5140224599126,3.481489199275761,1.2851209179956977,258.71003489242145
601500.0,airleak_nox,1009.8135683453028,2.327686144116726,0.2513573371473158,252.21832246988893
602000.0,airleak_nox,862.445920009584,0.0,2.1335374007946317,194.67228098120935
602500.0,airleak_nox,826.7589187518038,0.0,1.8643627350210157,237.4805082552381
603000.0,airleak_nox,781.0175211218841,0.0,1.4465689334709735,208.25541972929713
603500.0,airleak_nox,830.6243031010026,0.0,2.0979457495052865,201.41661560766394
604000.0,airleak_nox,750.2301114752488,0.0,1.1134689119514547,202.5911693422486
604500.0,airleak_nox,730.7262317212101,0.0,2.1079079971181454,220.90155609022452
605000.0,airleak_nox,888.9353554909038,2.7486720864592344,0.3920070557917681,232.2759346132931
605500.0,airleak_nox,863.5301645635988,1.9584542651583525,-0.07976057636997447,215.4923203471738
606000.0,airleak_nox,758.3164184493023,2.4416684200656285,2.7629800557329167,202.56659099955024
606500.0,airleak_nox,942.2586065694118,4.4003663425824575,0.808379752363684,233.49129689638403
607000.0,airleak_nox,1048.8722452991112,5.819350977726024,0.49598607786343385,197.9659462112861
607500.0,airleak_nox,906.5018067100577,6.127368653097948,1.781866169407062,200.36456575524585
608000.0,airleak_nox,900.2866469635683,5.555121750658251,2.10040316748535,234.38782087317293
608500.0,airleak_nox,872.3400106751066,4.123839707105073,1.8146217922849095,198.72165249302006
609000.0,airleak_nox,831.5249830308989,3.2772942029952987,0.8524749613821533,185.36903492827184
609500.0,airleak_nox,958.3426114319187,3.687225267547058,2.5962775259143913,195.54218210283702
610000.0,airleak_nox,1063.509402208827,5.78340251979355,2.5135802927121254,203.66784861777896
610500.0,airleak_nox,755.6297034382357,0.0,0.977281752883769,211.41699130669912
611000.0,airleak_nox,782.0113675172953,0.0,0.28502802413431727,190.287888082784
611500.0,airleak_nox,825.2853487607186,0.0,1.3430033133211856,195.1911394049834
612000.0,airleak_nox,806.6164628142322,0.0,2.746024779724717,200.19567989008561
612500.0,airleak_nox,859.7374493396209,0.10272330172179188,1.75577007919292,216.71660684890546
613000.0,airleak_nox,957.0146833108769,1.7708482361292708,0.5851596092188162,214.31141546069685
613500.0,airleak_nox,1021.9323820357951,3.241957302242081,1.91270561243619,232.80019871653312
614000.0,airleak_nox,1024.556502025102,3.7033559263005915,0.7207674529561451,240.57061039763624
614500.0,airleak_nox,888.3200769218653,2.199985699534491,2.1770113537120253,246.2550238738628
615000.0,airleak_nox,693.0450681985869,0.9099199461473483,0.2257458897150273,221.72697396470844
615500.0,airleak_nox,664.8190002577521,0.0,1.4886654421885717,208.4275826802205
616000.0,airleak_nox,607.6872518501496,0.0,2.5179753661256408,199.74373987445404
616500.0,airleak_nox,708.813441621432,0.5667725170874417,0.5542127906737511,200.4202554769345
617000.0,airleak_nox,732.9870245856285,1.8456552841353218,1.7483481627032105,226.4236767625638
617500.0,airleak_nox,746.5092750358559,2.5124593703169,0.39706430917694335,225.0923846088394
618000.0,airleak_nox,722.2806699356961,2.5556299205798747,2.482363154969589,210.20004373214823
618500.0,airleak_nox,600.0,1.1762626880288996,0.8808883407525953,203.39664628382542
619000.0,airleak_nox,670.9829843502704,0.9965973689680593,0.5728001408709722,177.68221478603826
619500.0,airleak_nox,706.9146231365603,1.391500953668179,0.9044285466047046,205.425751772806
620000.0,airleak_nox,785.5370169942145,1.4898990210084417,1.0459109739528318,172.5030403928737
620500.0,airleak_nox,768.9094063230037,0.894599139550354,1.3258652230863504,181.06274833922316
621000.0,airleak_nox,774.2265710156925,0.0,1.2740504943241011,157.2543340036838
621500.0,airleak_nox,776.7648103175721,0.0,-0.0901556519391753,210.10863624927802
622000.0,airleak_nox,762.2875476525419,0.0,0.5160591211785857,194.99001797540598
622500.0,airleak_nox,842.0263941681247,0.0,3.1945493242840026,205.9576417529198
623000.0,airleak_nox,783.8581605450468,0.0,0.9124838451347083,225.52676818889546
623500.0,airleak_nox,788.0539985148183,0.0,1.7412279224804141,192.87395316589198
624000.0,airleak_nox,700.6922470941408,0.0,1.1769145577150524,204.42740352993187
624500.0,airleak_nox,753.7289163737673,0.0,2.157752200655099,210.06635968844503
625000.0,airleak_nox,760.0304776882608,0.0,0.12484766530667013,216.69359684458524
625500.0,airleak_nox,664.637651284256,0.0,1.4021291671372291,228.0396231705932
626000.0,airleak_nox,617.8386589589539,0.0,1.2465178177269214,223.36751889915877
626500.0,airleak_nox,600.0,0.0,2.5343845760394776,201.3557924908275
627000.0,airleak_nox,600.0,0.0,1.370407297960385,222.94045876165842
627500.0,airleak_nox,637.0027283341041,0.0,1.0795867635017884,231.8872879409799
628000.0,airleak_nox,600.0,0.0,0.8866740604447434,226.67534334653425
628500.0,airleak_nox,646.0091647389991,0.0,2.046089992951618,225.77311256352456
629000.0,airleak_nox,600.0,0.0,2.518859035675911,205.60234054737083
629500.0,airleak_nox,681.0242401583434,0.0,-0.00566073811231016,177.6071195555663
630000.0,airleak_nox,652.6847632422968,0.0,1.719427585955853,209.03200142714198
630500.0,airleak_nox,686.1599059551343,0.0,1.8740823716505424,199.11129567712047
631000.0,airleak_nox,818.6173250805484,0.3641955146259352,1.5885599645152715,226.04810968139822
631500.0,airleak_nox,925.8569241142491,1.551349302672212,-0.2965421810527844,197.70129403528182
632000.0,airleak_nox,989.5459730777592,2.1864452850365392,1.4485716219413733,231.95352426242155
632500.0,airleak_nox,1077.318023961379,3.58497852453088,0.9121927893813618,208.7766063361937
633000.0,airleak_nox,1226.1708535771502,5.650058188259475,1.6605999726778133,212.56138515506797
633500.0,airleak_nox,1155.7547910693302,6.259139137118201,-0.30751964003238896,209.06790683872762
634000.0,airleak_nox,1147.4942631922772,6.245275228775885,0.8354993130438821,248.8665228777874
634500.0,airleak_nox,972.5742251589489,3.703848219378188,0.5826058256906428,221.45637252082074
635000.0,airleak_nox,1230.9540927620146,7.968,1.2198579708375061,271.98437373049853
635500.0,airleak_nox,1183.7590857190783,7.8556135355607735,0.27927636655981014,270.6526318100839
636000.0,airleak_nox,1110.1655239167756,7.281011508777244,2.1301632247038627,259.59771092699697
636500.0,airleak_nox,1116.1722714930418,7.8668791292379385,-0.2336429319596396,248.57529861369463
637000.0,airleak_nox,1088.6528042518007,7.968,-0.06194475937129651,262.241250530373
637500.0,airleak_nox,956.595056212542,7.261424816075979,1.9356508149975369,238.47848852194232
638000.0,airleak_nox,1058.0151959767613,7.06066378948533,-0.3508549784694224,241.27378852575382
638500.0,airleak_nox,1027.6998159220916,6.027671480992012,1.7418780120424333,235.36614734660367
639000.0,airleak_nox,1048.921764069568,6.3398850716859485,0.8231830941617255,260.2786665983376
639500.0,airleak_nox,1139.468109695169,6.9313878071106,2.317665614901113,290.0264490924362
640000.0,airleak_nox,1189.917731272348,7.509648286217996,2.561467003203399,274.5830870465578
640500.0,airleak_nox,687.87441160013,0.0,1.2121267734859937,196.79777642176833
641000.0,airleak_nox,812.3999435382143,0.0,1.153420351836082,246.79482999432102
641500.0,airleak_nox,796.5067255235243,0.0,1.7412945762092376,215.193482921117
642000.0,airleak_nox,867.0563291881172,0.0,0.3808756196915566,190.74433415572258
642500.0,airleak_nox,835.7425374121849,0.0,-0.6222508171596981,195.15452396372794
643000.0,airleak_nox,809.4106283782335,0.0,-0.8003738166803633,198.46138858719695
643500.0,airleak_nox,771.4288134582883,0.0,1.2272360390034085,169.80685213744317
644000.0,airleak_nox,782.2003716828615,0.0,0.8730054055349915,179.6414163950626
644500.0,airleak_nox,797.8753149225785,0.0,2.49226528999782,174.35177561258783
645000.0,airleak_nox,699.5433799757556,0.0,0.2812930728421239,180.421409642831
645500.0,airleak_nox,709.814910621556,0.0,0.7115477395544926,193.76422039789392
646000.0,airleak_nox,600.0,0.0,0.9291726623141601,165.97304162671293
646500.0,airleak_nox,601.0104257659855,0.0,0.4491341189148984,183.8322294145791
647000.0,airleak_nox,600.0,0.0,1.5418006444194217,167.50805285682114
647500.0,airleak_nox,610.6097352949408,0.0,1.1144264133762838,160.4541211326678
648000.0,airleak_nox,633.5886612202248,0.0,1.5308016213037516,160.58779874008613
648500.0,airleak_nox,600.0,0.0,2.3594984895274647,192.5982334584463
649000.0,airleak_nox,633.1112543901621,0.0,0.9890151406551748,209.7846322937807
649500.0,airleak_nox,765.0952034914451,0.7551859128056571,-0.01602348764321504,219.84434350995747
650000.0,airleak_nox,872.9637206109281,2.587613042974452,2.0700666162447305,234.85076386232063
650500.0,airleak_nox,959.2606898762192,3.9184094685488255,0.8467976225222702,270.5737686010245
651000.0,airleak_nox,1074.82738250976,4.510794962198575,0.003467048014467178,255.57547520280113
651500.0,airleak_nox,951.29483213356,3.0388667232538293,0.5339816835615301,277.06798020447536
652000.0,airleak_nox,1061.4499653330927,3.438492758777762,1.5562368135603406,273.3732691979153
652500.0,airleak_nox,990.4181850335559,3.5499810660883737,2.1176004739553966,283.64275470803676
653000.0,airleak_nox,941.3772719237413,2.922316289442027,1.875553821410696,208.70114051462664
653500.0,airleak_nox,1014.1114642250058,2.642723331260045,1.2461232806470992,220.85187189180658
654000.0,airleak_nox,826.7678251257299,0.8623522147139439,1.2898485682356124,242.31319424122384
654500.0,airleak_nox,671.6596807973261,0.0,1.3090980078779608,185.9629792729291
655000.0,airleak_nox,715.0221318112388,0.0,1.2309858988676348,201.23809669708237
655500.0,airleak_nox,687.8186679145012,0.0,1.4164143995148433,175.8523648570317
656000.0,airleak_nox,606.3234090255263,0.0,-0.005218465069072087,206.3905450821362
656500.0,airleak_nox,600.0,0.0,-0.46329955796611677,158.33193351428133
657000.0,airleak_nox,600.0,0.0,2.761687565905027,153.26040381812035
657500.0,airleak_nox,621.0594344211001,0.0,0.39060924660089213,155.048483501612
658000.0,airleak_nox,600.0,0.0,1.0756483883177628,184.88676365115796
658500.0,airleak_nox,630.6772955632163,0.0,1.3862527041751627,136.25070781733564
659000.0,airleak_nox,600.0,0.0,1.6423695875194257,180.1817114862126
659500.0,airleak_nox,601.0397527789194,0.0,1.451405796591964,201.59677218089533
660000.0,airleak_nox,764.739847474302,0.0,1.410069789024205,197.95810696053798
660500.0,airleak_nox,670.0003095172847,0.0,2.8691872493507864,202.91604988945875
661000.0,airleak_nox,760.0543833981986,0.0,0.8398812145049921,186.99109535631297
661500.0,airleak_nox,785.5878274590718,0.0,1.939042151679668,214.4309884510258
662000.0,airleak_nox,855.8161840255499,0.0,1.4877650052540765,243.6870771142485
662500.0,airleak_nox,805.0918960713876,0.0,2.109855625809834,231.87702502204752
663000.0,airleak_nox,813.3214966277158,0.0,2.4276075107482824,205.1145069394368
663500.0,airleak_nox,786.1235278867251,0.0,3.0640329721647044,211.54259770414316
664000.0,airleak_nox,773.5381842438561,0.0,0.8551800043551236,245.46640255223917
664500.0,airleak_nox,838.6588613863457,0.0,0.1773786930952106,210.84451619742336
665000.0,airleak_nox,1211.348118806776,7.968,1.3245242523074245,303.42662846267694
665500.0,airleak_nox,1199.0741130098215,7.968,-0.3290436920459505,242.17616739222055
666000.0,airleak_nox,1121.083199120813,7.968,1.657633456122281,251.90782150184896
666500.0,airleak_nox,1105.2593827364135,7.968,-0.6148780010075272,235.69548934872873
667000.0,airleak_nox,1089.889906981531,7.968,0.6707550828177117,240.20666930850442
667500.0,airleak_nox,1141.6727425698825,7.968,2.368453481299147,256.8151467304561
668000.0,airleak_nox,1092.9436455889593,7.521833625125883,1.8894511945833616,228.19740839972664
668500.0,airleak_nox,1087.7194248143119,6.909135376828544,-0.7548415202347105,240.02892711969793
669000.0,airleak_nox,1144.591399560227,7.607861888694011,2.5072333679111485,229.2018096940203
669500.0,airleak_nox,1180.0284211045414,7.968,2.824789173612251,243.5250723017171
670000.0,airleak_nox,1283.0453670089728,7.968,1.1800438376493236,248.89466631653588
670500.0,airleak_nox,939.4597731411228,2.7225227228718754,2.440564921545591,249.9159018092244
671000.0,airleak_nox,887.5590034895826,2.5131335851837253,1.3658546991915022,207.404510128269
671500.0,airleak_nox,882.7346278920713,1.8078379917293228,1.6251321163124055,212.72464601074807
672000.0,airleak_nox,1010.4647643470556,2.2468092323878848,2.512912632001279,239.45010751592767
672500.0,airleak_nox,1006.356525069221,3.1569164185587937,1.2229570118174646,214.88495152384894
673000.0,airleak_nox,950.9668844423784,2.5154530140815448,0.214918830287109,210.33588786871218
673500.0,airleak_nox,913.2978708969439,1.7496097211247201,0.04303766933509401,214.39137807164957
674000.0,airleak_nox,769.5871290951851,0.0,0.8329648069224379,226.30218333756685
674500.0,airleak_nox,748.6987224862784,0.0,2.055610307940008,216.33558545808975
675000.0,airleak_nox,717.1271778061405,0.0,0.6667010020412125,172.624167001618
675500.0,airleak_nox,600.0,0.0,0.6443140952171936,221.32753138930798
676000.0,airleak_nox,623.0798033800537,0.0,2.66165588516637,237.707568956699
676500.0,airleak_nox,600.0,0.0,0.08375901328427537,194.36296502059162
677000.0,airleak_nox,600.0,0.0,1.1231972429165347,198.81184270023655
677500.0,airleak_nox,600.0,0.0,2.5361468682508157,168.81592897920305
678000.0,airleak_nox,600.0,0.0,1.509532409306512,221.01575576721595
678500.0,airleak_nox,600.0,0.0,1.3667388312922395,169.73276152702417
679000.0,airleak_nox,608.880439733527,0.0,2.8987285773513753,209.92418308577354
679500.0,airleak_nox,655.844719352215,0.0,2.328242431381784,196.6277075514534
680000.0,airleak_nox,759.5484902566905,0.0,1.446695735054575,195.23516277052812
680500.0,airleak_nox,741.5460688737786,0.0,0.5985063849472938,219.09748773443346
681000.0,airleak_nox,791.8211162842479,0.0,0.243432590643339,180.07712308130533
681500.0,airleak_nox,806.4060423586595,0.0,1.1864778551131303,174.24313497993418
682000.0,airleak_nox,821.453454259332,0.33357603193766205,1.7668158657977835,183.64650215565118
682500.0,airleak_nox,825.863103089948,0.0,1.2154309686531855,208.16393665961309
683000.0,airleak_nox,803.5857589790329,0.09987320459141585,1.6449954255411847,189.70215756869064
683500.0,airleak_nox,894.4606870746791,1.5038574028916538,2.6887979952006438,219.39786380015616
684000.0,airleak_nox,888.7009630920521,1.5997066090605918,1.4322086891987282,214.1213808892168
684500.0,airleak_nox,823.7495851633173,0.7405009386067809,2.2301780468821986,173.70822966864986
685000.0,airleak_nox,776.9273588834701,1.0318874726474931,2.048507323942647,227.94239163907562
685500.0,airleak_nox,699.149915191117,1.4632456327540866,2.9333622137478055,216.33156692745544
686000.0,airleak_nox,715.9879667743936,1.7988842122412485,1.336375017840255,206.84305718753285
686500.0,airleak_nox,694.6074355986087,2.274783557045955,1.7626479719144605,198.16926500530977
687000.0,airleak_nox,709.9345459040103,1.517764066385812,2.6896060622729587,191.19590046771296
687500.0,airleak_nox,600.0,0.016419312360121868,0.8066378222662044,207.73622839143638
688000.0,airleak_nox,600.0,0.0,3.2193078666144457,191.58794364397772
688500.0,airleak_nox,607.6736931474636,0.0,2.0847504784125936,202.292635157199
689000.0,airleak_nox,768.6495287637082,1.4882093683366557,2.1255767413427167,170.92267549361722
689500.0,airleak_nox,934.3828925232119,3.4181862586712732,0.6376454968728321,251.07733213594355
690000.0,airleak_nox,1025.7730850799446,4.649811615622104,1.345106676834261,251.92467684629236
690500.0,airleak_nox,1061.082268003329,4.510420180775949,0.3174997044780081,234.02456233750056
691000.0,airleak_nox,969.857772266523,3.0341948445128493,1.6197854408933374,201.8586828669217
691500.0,airleak_nox,857.0473561306103,0.9136282307426417,0.8840659931783226,184.08073220224892
692000.0,airleak_nox,824.5963086479992,0.0,-0.4682305202468886,181.67473102118052
692500.0,airleak_nox,857.287603987816,0.0,1.2907541713385218,170.85927144871593
693000.0,airleak_nox,739.7458554998883,0.0,2.1738304944975044,198.1692515942325
693500.0,airleak_nox,789.5209285159583,0.0,2.765192717036351,182.95730770493913
694000.0,airleak_nox,760.7548793185407,0.0,1.7297247573605405,184.5939270110061
694500.0,airleak_nox,835.8362903148089,0.0,1.2057587464251605,160.26241729517406
695000.0,airleak_nox,639.0687079234613,0.07064774987244363,1.0102060661954824,171.3090757989163
695500.0,airleak_nox,688.6138526459827,1.0746343825475348,0.058353307110258434,182.18004588998252
696000.0,airleak_nox,904.8681860883135,3.580894657699986,-0.7277933402536712,213.7247846476043
696500.0,airleak_nox,956.3758650753381,5.927451692152576,2.214082028498401,250.86060936173433
697000.0,airleak_nox,1042.3899969880447,6.904684978338248,1.0323351483489038,240.34547285309523
697500.0,airleak_nox,1019.761910166105,6.314313022964827,2.5785656086845252,244.27099913935794
698000.0,airleak_nox,1005.965782282572,6.119996990865256,1.467754328807142,279.4628247307345
698500.0,airleak_nox,1048.6522992600899,6.373956402475171,1.3784084019208853,261.1373903058786
699000.0,airleak_nox,981.8603595933569,6.65073734818574,1.5121039320123242,279.17393822348373
699500.0,airleak_nox,1103.0317199256572,6.703157150270156,0.8442928680095415,263.9718673698279
700000.0,airleak_nox,1040.6468299848486,5.766416469517112,1.5316426565062218,282.82126314213906
700500.0,airleak_nox,768.3428993585426,0.0,1.3604549982253955,234.40152931391418
701000.0,airleak_nox,775.1078351103237,0.0,1.3754908715456724,219.52741923116673
701500.0,airleak_nox,828.0597940019348,0.0,1.3299985820290965,234.04522306435945
702000.0,airleak_nox,771.6575969972923,0.0,1.0908905403981877,209.5629617342704
702500.0,airleak_nox,781.7191772298075,0.0,1.5567783464630114,189.21253498232423
703000.0,airleak_nox,957.2025993499901,2.070289467117285,1.529012934576696,212.25235173141914
703500.0,airleak_nox,972.570868753027,3.409821651490821,0.6346895468479494,177.79618890716364
704000.0,airleak_nox,1007.941821462652,3.3234710142703348,-0.04134452187412352,242.21778848065642
704500.0,airleak_nox,1006.6763919089719,3.279774739989275,0.9644208946386861,208.92166304842422
705000.0,airleak_nox,1023.27797879387,4.264884124431817,0.929562434918102,232.72755339346566
705500.0,airleak_nox,976.3992576749952,4.863394857803195,0.798460533604096,216.69393401935216
706000.0,airleak_nox,962.2913468253329,4.955561243005271,0.5158552617395,199.4869923782264
706500.0,airleak_nox,783.4031157763144,4.3152183631357435,-0.03757714566421444,213.34723133058074
707000.0,airleak_nox,633.7891678256191,1.5039888371126944,1.871833347535532,211.49298810740683
707500.0,airleak_nox,600.0,0.0,0.6456348400088489,179.2945185220279
708000.0,airleak_nox,639.3584924073907,0.0,1.985042576922068,206.95240374130984
708500.0,airleak_nox,689.0044548992976,0.0,0.2879864725772451,208.71034768075364
709000.0,airleak_nox,631.0583145015403,0.0,1.1564158580032475,228.1957063485944
709500.0,airleak_nox,692.3192282576188,0.0,1.4810865669956361,257.5955143503117
710000.0,airleak_nox,690.7127076094647,0.005889316551218524,0.2585550307983472,227.05255666514105
710500.0,airleak_nox,813.4597275958873,0.0,-0.16950934626753766,212.00565217267769
711000.0,airleak_nox,802.0468915621584,0.0,1.7118065338113388,231.42271771594375
711500.0,airleak_nox,844.0850087607282,0.0,1.3212075438172837,246.37956399542512
712000.0,airleak_nox,802.6128835024399,0.0,1.3684358085095445,225.1443955789192
712500.0,airleak_nox,832.7013577130746,0.0,2.7674088179049283,236.5662739831085
713000.0,airleak_nox,757.3084125936318,0.0,0.7054356077432894,201.9581058667535
713500.0,airleak_nox,810.3150519457464,0.0,2.923808894400972,180.06957988098827
714000.0,airleak_nox,711.9737709218034,0.0,1.052802288098242,206.44281252261146
714500.0,airleak_nox,753.2927875276409,0.0,1.7733279072072725,188.79530806529567
715000.0,airleak_nox,654.9940384035026,0.0,1.244128887192777,214.9141770809627
715500.0,airleak_nox,641.9316170335443,0.0,-0.40274510254134177,187.771276257639
716000.0,airleak_nox,626.1941446061624,0.0,2.042038623508995,165.4112358649097
716500.0,airleak_nox,611.8743972801091,0.0,1.8840749316369947,190.79636745365502
717000.0,airleak_nox,600.0,0.0,1.1571083744935877,141.46903349451304
717500.0,airleak_nox,600.0,0.0,1.6280633790691312,213.32934144706053
718000.0,airleak_nox,600.0,0.0,1.675129671054593,174.60255721203444
718500.0,airleak_nox,603.5312598946231,0.0,-0.4298650970656437,141.63427698882836
719000.0,airleak_nox,623.7638081477602,0.0,0.1468865591626638,193.3945426380275
719500.0,airleak_nox,684.3318980523493,0.0,1.8242795075427232,188.1494168779063
720000.0,airleak_nox,634.539094023269,0.0,1.6841673627725227,165.5278814334352
720500.0,airleak_nox,724.8598711813777,0.0,1.4594779743087587,204.84468167485633
721000.0,airleak_nox,744.1126425902477,0.0,-0.45753857147993227,198.91971142119456
721500.0,airleak_nox,820.8980961633802,0.0,0.3657515633502896,200.99882155061275
722000.0,airleak_nox,981.6303333848538,2.654411066099713,0.9996249311663101,239.85394717206412
722500.0,airleak_nox,1103.7777998798679,4.857941954787812,1.4428365939311305,266.53216204698066
723000.0,airleak_nox,1155.220690485314,6.186995971298734,2.2284495444878076,232.8644372848914
723500.0,airleak_nox,1128.918912676179,5.075576382746275,3.301722342090719,295.6736927354694
724000.0,airleak_nox,1034.446591661252,4.303745936447584,1.0960207745827368,221.589761762626
724500.0,airleak_nox,851.0070056637496,2.6032537560685682,1.020689207009245,246.31546545120696
725000.0,airleak_nox,1233.650914765361,7.968,1.170068117872488,271.41865159058085
725500.0,airleak_nox,1194.7528740587993,7.968,1.031388823570533,268.32646248510406
726000.0,airleak_nox,1112.396626049807,7.968,1.0853042420274561,208.49886716995837
726500.0,airleak_nox,1056.4867706292214,7.3993184178142295,0.29515410537602516,249.50301270929708
727000.0,airleak_nox,918.3881956740984,5.420418696967376,1.8946199314070296,208.73902298703146
727500.0,airleak_nox,867.0450810786353,4.296873645303781,1.245114872630868,194.85725267217362
728000.0,airleak_nox,904.7590559275619,4.907263853534357,0.7605755659324656,193.6186463311678
728500.0,airleak_nox,1043.209642335793,6.515859550734316,1.2554330997819854,224.6231654869474
729000.0,airleak_nox,1098.5349113722666,7.968,0.6083902253853709,260.08035527768686
729500.0,airleak_nox,1234.4743913839,7.968,1.8151050961316675,225.83627950162307
730000.0,airleak_nox,1184.1291473638446,7.968,0.8709404004070577,235.1253498970884
730500.0,airleak_nox,757.43517136369,0.10797877748265035,1.6319970823005412,184.0282593853581
731000.0,airleak_nox,761.0216811597163,0.0,1.4250796091366167,174.3933963399034
731500.0,airleak_nox,762.0250977238625,0.0,0.47126928145642466,183.9807642813098
732000.0,airleak_nox,828.1282362247317,0.0,2.2177545198719404,202.89521509780442
732500.0,airleak_nox,825.2744193810103,0.0,1.5285307726227126,225.0949391622193
733000.0,airleak_nox,797.310133919292,0.0,1.6321657158402445,213.65044546415544
733500.0,airleak_nox,788.8871151732308,0.0,0.3964364995100179,218.97606276010347
734000.0,airleak_nox,795.5634731497562,0.0,0.8275994174160748,242.15467880417606
734500.0,airleak_nox,757.2930310906111,0.0,1.695453809183713,219.05668441095182
735000.0,airleak_nox,728.0468450927519,0.0,2.100137497717812,221.53315048373557
735500.0,airleak_nox,628.6993441475096,0.0,1.182584850304457,195.5069275107012
736000.0,airleak_nox,629.4668311120791,0.0,1.6579561319019178,197.18740567714926
736500.0,airleak_nox,665.8019328745294,1.4857061934043938,1.9273549954147042,195.93419211431438
737000.0,airleak_nox,690.1905178823413,1.3071280906879936,1.1260489973133527,213.91718219405382
737500.0,airleak_nox,634.3587101256346,0.6165508180708144,1.2104189587703857,199.47686530463298
738000.0,airleak_nox,622.55295186586,0.44440448665961235,0.93920443156332,185.51898787347213
738500.0,airleak_nox,721.1368904252718,1.2695725096932293,0.8545764941666403,210.76230017212058
739000.0,airleak_nox,713.3014773469326,1.527991722083496,1.5460000675358414,215.51732059969635
739500.0,airleak_nox,744.13868816538,1.8217005519710998,2.222633093042587,170.43767608069007
740000.0,airleak_nox,759.8493970397046,0.7588070936496963,2.074148693909911,197.37844759752878
740500.0,airleak_nox,725.8289592599635,0.0,1.851392981869517,159.41813874251994
741000.0,airleak_nox,765.3440793210744,0.0,0.6415499870183083,124.24740885459504
741500.0,airleak_nox,728.8959594612259,0.0,0.850200437597011,179.50025913760038
742000.0,airleak_nox,945.4991357022957,1.831325154113582,1.5175072829988474,189.54358469600504
742500.0,airleak_nox,1050.8719127891056,3.65225435254594,0.8027113603346709,213.44873248094117
743000.0,airleak_nox,1084.7183598743948,4.479201008627461,1.7457470640147719,227.25070491851181
743500.0,airleak_nox,1065.1960069181366,3.7478721154963943,0.15616455767592874,236.1016103440987
744000.0,airleak_nox,938.2369662848951,2.019413513461433,1.7564037906482053,216.16044414283067
744500.0,airleak_nox,804.7785064242848,1.2192882941239769,0.04494042909111218,227.83207853059906
745000.0,airleak_nox,767.892277357502,0.5138966296423448,2.2566646946503583,196.47831891991177
745500.0,airleak_nox,720.1122012423056,0.5873976495081423,0.45002280826293306,200.3278022353617
746000.0,airleak_nox,667.7330598019088,0.05750342828259039,0.6814380884553267,213.78677178469948
746500.0,airleak_nox,630.7085142919285,0.0,2.0261054456604843,207.08858479200885
747000.0,airleak_nox,637.8702658611481,0.0,-0.34210518342376584,223.92920214795978
747500.0,airleak_nox,600.0,0.0,-0.6718895319477127,213.26436763869714
748000.0,airleak_nox,600.0,0.0,1.263218186434183,204.7810335778259
748500.0,airleak_nox,600.5433871143812,0.0,0.6790811402051089,249.50894696203122
749000.0,airleak_nox,641.7129640847917,0.0,0.7944226050119122,204.0204219936983
749500.0,airleak_nox,607.8283212782857,0.0,1.1614214712637463,188.73639481645876
750000.0,airleak_nox,671.5737583643926,0.0,1.1538278392491133,192.38009367521238
750500.0,airleak_nox,697.2886341479715,0.0,1.7572835093496322,205.3418842722461
751000.0,airleak_nox,767.3118433764141,0.0,2.0081800285428697,204.1777242849709
751500.0,airleak_nox,835.9954679051646,0.0,1.1970050397432306,199.44177469080884
752000.0,airleak_nox,841.3293119081071,0.0,1.1261801841513444,167.6854891221846
752500.0,airleak_nox,832.9218512274965,0.0,-0.22572083734494885,189.36813776933727
753000.0,airleak_nox,771.9691464390144,0.0,2.04920512218514,170.34140360473023
753500.0,airleak_nox,760.0920194620265,0.14919604310255574,1.5485843724156447,166.50661809713267
754000.0,airleak_nox,708.4660037627428,0.0,2.076701625468239,205.76908983317816
754500.0,airleak_nox,725.8530782914714,0.0,2.766172431006276,188.64488328968946
755000.0,airleak_nox,1244.663848173236,7.968,2.5959388361365763,246.38172642672168
755500.0,airleak_nox,1167.74271411253,7.968,-0.4939318242717321,233.6355786061799
756000.0,airleak_nox,1215.8057430343542,7.968,0.5011679886917922,258.1419984461382
756500.0,airleak_nox,1139.6633844979572,7.968,1.321153935234555,235.9496547943644
757000.0,airleak_nox,1080.267863655394,7.968,1.396630394138027,229.05109290844803
757500.0,airleak_nox,1024.4790605161427,7.968,3.0218009885466053,244.15242238283585
758000.0,airleak_nox,1057.0587130880108,7.968,1.142428978608112,238.22354450701025
758500.0,airleak_nox,1108.48759000738,7.968,0.3605188332178645,280.89537300420756
759000.0,airleak_nox,1137.7392371692113,7.968,0.9385529896472504,294.0869329628087
759500.0,airleak_nox,1208.905536597434,7.968,2.9804335921167793,294.8831634467922
760000.0,airleak_nox,1215.5565650493168,7.968,2.83530251341575,276.3668380471046
760500.0,airleak_nox,739.2888035532171,0.22282222349438413,-0.4217605931219741,225.3788634332248
761000.0,airleak_nox,824.493628447409,1.3188151069266827,0.6084520523441308,222.64489051949434
761500.0,airleak_nox,974.9284305217024,3.09309667904552,1.343042888979904,196.3733862661287
762000.0,airleak_nox,1164.5616318111365,4.888699212236734,1.0685479888578748,236.79894423008676
762500.0,airleak_nox,1223.2383959760607,5.313248113965546,1.3129556267566804,255.61831400791488
763000.0,airleak_nox,1093.7497746394495,4.1575373069501005,0.8253187183596404,196.9023587461837
763500.0,airleak_nox,810.7735605583084,1.219982977132189,1.8520038762632511,193.30925280836777
764000.0,airleak_nox,741.0891109924826,0.0,1.0310276194826504,195.44852549245806
764500.0,airleak_nox,714.4439641944233,0.0,1.41685083725522,194.70220279149498
765000.0,airleak_nox,669.3677373033025,0.0,0.8304352997961306,148.5763576886976
765500.0,airleak_nox,647.4495945757911,0.0,2.139272590459357,144.35020775587952
766000.0,airleak_nox,600.9465114930873,0.0,-1.1977986650174959,173.38511360444124
766500.0,airleak_nox,617.9100614883345,0.0,1.389857220512002,164.27778718765302
767000.0,airleak_nox,642.5758698258247,0.0,1.431696315935117,178.87871303472264
767500.0,airleak_nox,600.0,0.0,1.3069027728885134,213.86698977235602
768000.0,airleak_nox,618.8094512765956,0.0,1.0531888413598243,173.31507906955073
768500.0,airleak_nox,622.5272159500024,0.0,3.1734794364718173,202.49152370594675
769000.0,airleak_nox,696.5091857361119,0.0,2.0487424346816963,235.07225684743418
769500.0,airleak_nox,627.345279304722,0.0410464997617185,2.6167579911361862,239.80328195859263
770000.0,airleak_nox,680.6828447159461,0.0,2.2604215621706705,220.9813283103948
770500.0,airleak_nox,747.5482920861864,0.07849354681904411,2.3905609912076935,248.43285890307348
771000.0,airleak_nox,748.7317827378611,0.0,1.3453540137137825,213.3749631005699
771500.0,airleak_nox,713.6780556818971,0.0,1.888427700409376,204.81119051769178
772000.0,airleak_nox,811.7427675768257,0.0,1.1459435943233645,212.76842850864614
772500.0,airleak_nox,822.265080942655,0.0,1.5442586532960942,203.18897525569386
773000.0,airleak_nox,873.8626106673973,0.0,3.0546841908732882,218.9324396529363
773500.0,airleak_nox,843.211277524289,0.0,-0.3251501726549806,244.13260256619452
774000.0,airleak_nox,683.0175852337919,0.0,1.3779880840903602,218.6484206048449
774500.0,airleak_nox,769.494587410981,0.0,0.9614659419394005,174.1139807465045
775000.0,airleak_nox,849.6821612672845,2.148432569980033,1.556891290837287,219.30833525945005
775500.0,airleak_nox,973.1185739275863,4.560399034652043,0.8203295878023538,218.80726951401763
776000.0,airleak_nox,946.8968489673027,4.647542350686695,1.2058020968217376,191.9979136993147
776500.0,airleak_nox,813.8212868418914,4.475987421622249,0.8971814877940967,202.53198206948187
777000.0,airleak_nox,831.5534005950318,3.2620159356978484,0.8233982638599877,189.73511667356513
777500.0,airleak_nox,700.7745979660265,2.2083234007943853,0.6872804271619611,178.9369256562114
778000.0,airleak_nox,711.8926207073713,2.4390784201313838,-0.3474333530492695,191.32861529364888
778500.0,airleak_nox,814.1554075889727,2.4151166112820825,0.7412752372539378,180.87707218758442
779000.0,airleak_nox,802.6281002394937,2.2908420738413815,-0.49459572348395864,181.2700400181052
779500.0,airleak_nox,704.3367251890877,1.2817750135592485,1.7337420288450125,175.2537565896538
780000.0,airleak_nox,726.0587089179553,0.0,0.49405244547902993,206.69085424353122
780500.0,airleak_nox,688.2606930452181,0.0,1.61231457203067,175.11970489720835
781000.0,airleak_nox,844.3474106041158,0.0,1.593783842436232,210.2195606550943
781500.0,airleak_nox,806.5955528739079,0.0,1.663045155505663,219.62285118219086
782000.0,airleak_nox,785.6314532065659,0.012565025088121119,0.7840605387459537,248.6592859261807
782500.0,airleak_nox,879.492805662933,0.40320569160135167,0.658768603336738,231.5313133817972
783000.0,airleak_nox,800.7714411947128,0.0,0.9738925449598859,221.59852692429268
783500.0,airleak_nox,777.5619515172806,0.0,0.052047409511452924,216.15739400245454
784000.0,airleak_nox,681.1034809743751,0.0,-0.29711214112524575,210.07413400062293
784500.0,airleak_nox,800.3919752872998,0.0,1.816200817044967,200.9426778047786
785000.0,airleak_nox,892.051877450726,3.793633778541501,1.1621790817749513,207.07942682009286
785500.0,airleak_nox,918.9752314469615,4.453337958897015,2.0644177822092473,191.65519842588043
786000.0,airleak_nox,852.0190377575434,4.033312190941114,1.4285829069773142,255.850423256589
786500.0,airleak_nox,761.7888189347932,2.8687648938710217,0.4461797571317544,193.96133609145232
787000.0,airleak_nox,712.333144596643,2.936946719521049,0.7056992874850977,189.51462218020401
787500.0,airleak_nox,792.0699438489949,3.4234034566804845,0.8306050497805249,189.9780401736313
788000.0,airleak_nox,801.8673018960799,4.9506020955558006,1.3550032673412284,183.1080256932979
788500.0,airleak_nox,1004.2335023907597,7.186770255033068,1.6277885985877711,242.69101386568434
789000.0,airleak_nox,1141.6611600357562,7.301140411881715,0.4090813085012015,242.61794732933103
789500.0,airleak_nox,1082.7293456382513,6.492106936810662,0.740253878150642,198.70229613052885
790000.0,airleak_nox,1029.8757855521428,4.651615227727874,-0.5083395012819312,236.34117345468152
790500.0,airleak_nox,762.309527053382,0.0,2.964852623531427,214.7515442475711
791000.0,airleak_nox,758.0514963176643,0.0,1.2344159594307758,238.31972144593368
791500.0,airleak_nox,833.0994146663833,0.0,2.5660146770599273,213.36651072051734
792000.0,airleak_nox,799.9184866191172,0.0,1.5988048280556817,209.40307246080275
792500.0,airleak_nox,810.9456895503605,0.0,2.500197079951751,233.52687852744523
793000.0,airleak_nox,797.7054715499929,0.37881789381407055,1.4579924539508533,231.5900336828876
793500.0,airleak_nox,916.9801950983897,1.6386673545732418,0.9515109127889405,220.50741408631916
794000.0,airleak_nox,877.1406810741262,2.4020307057450436,1.8514448285293046,220.7059559655939
794500.0,airleak_nox,1033.4423082534618,4.736340632394749,2.1466915992869517,237.68691202831442
795000.0,airleak_nox,1104.45994063078,6.319141019699864,0.4013837467790654,248.88559566707198
795500.0,airleak_nox,1055.0433912065355,6.0933279471039,-1.3982864388545568,285.7200010700904
796000.0,airleak_nox,992.1571598053882,5.463131692373206,2.53321022401765,259.64508212122746
796500.0,airleak_nox,759.8822003713698,2.4334956479358496,1.0768040787363646,182.5585602195306
797000.0,airleak_nox,600.0,0.0,1.2965927112409155,190.30197197169227
797500.0,airleak_nox,600.0,0.0,0.825681959237184,182.91604295689731
798000.0,airleak_nox,600.0,0.0,0.705608206801776,189.70623050324195
798500.0,airleak_nox,600.0,0.0,1.4983955931139352,198.40341381269448
799000.0,airleak_nox,633.0167002961524,0.0,1.667963984646203,209.80219639948294
799500.0,airleak_nox,707.6040287904258,0.0,0.9933684906322015,210.2294021059214
800000.0,airleak_nox,646.7546983762447,0.0,0.6693964522761142,123.2953718953704
800500.0,airleak_nox,707.6571971933697,0.0,0.6792267051848598,215.28904069583132
801000.0,airleak_nox,748.685483457681,0.0,0.597119281617294,169.98345638877288
801500.0,airleak_nox,819.4055111327922,0.5158339127528278,1.6589517466419892,191.76295975439405
802000.0,airleak_nox,785.0606700807284,0.7757272211285665,1.1719732118290995,211.79418200239922
802500.0,airleak_nox,777.9163733839913,0.0,2.681741273980566,191.6361323748422
803000.0,airleak_nox,790.4193917658022,0.0,1.2258373469342947,172.03344112314346
803500.0,airleak_nox,822.999309778125,0.0,0.6267430312222817,170.0127622008707
804000.0,airleak_nox,774.3097031686417,0.0,0.5164287810910329,197.25999620187105
804500.0,airleak_nox,729.8859054565097,0.0,0.9550475080825087,187.36132551195405
805000.0,airleak_nox,722.1247565590159,0.0,0.9022882399622703,208.1754563900862
805500.0,airleak_nox,639.4811123991263,0.0,2.3039496524001075,193.62347314075754
806000.0,airleak_nox,649.6206210791985,0.0,1.367690825322604,223.1785468371626
806500.0,airleak_nox,606.3646094395178,0.0,1.0502468625384578,208.12315473780296
807000.0,airleak_nox,622.0810939261992,0.0,0.914221831051582,220.94655057135637
807500.0,airleak_nox,600.0,0.0,0.3571775980896369,186.96058112051716
808000.0,airleak_nox,600.0,0.0,0.4174213392441254,201.01102255001294
808500.0,airleak_nox,686.8961174253543,1.0808434433289746,1.236560976940791,211.58383077863002
809000.0,airleak_nox,798.7467943340005,2.559827124247137,0.29511601041380287,248.91782477002408
809500.0,airleak_nox,715.0938517549611,1.570004998096921,1.258086038684496,237.43170652871757
810000.0,airleak_nox,691.8402214459969,0.0,1.7312423763804143,202.98053476523995
810500.0,airleak_nox,762.3751088331554,0.0,1.8788040562965822,224.01277783307967
811000.0,airleak_nox,727.3108809987866,0.0,1.0241354588448455,175.04073517142717
811500.0,airleak_nox,785.8172584153878,0.0,0.9625021088735587,185.678841992789
812000.0,airleak_nox,903.1899888718222,1.1982000424205497,0.8942295711338175,204.68368534431738
812500.0,airleak_nox,964.3142523526562,1.322178631152176,0.8283620032467127,177.3106796441703
813000.0,airleak_nox,807.4803790031225,0.23451353596082342,0.7403127513658976,193.88715362141218
813500.0,airleak_nox,931.4598286581597,1.0641601596850823,0.5712870684041668,210.17633140354403
814000.0,airleak_nox,899.2304730587609,1.4612549787385665,2.2093289455442946,205.32691664778034
814500.0,airleak_nox,961.6648343772947,2.9861578706337704,1.5574811217696494,206.08187813222295
815000.0,airleak_nox,1190.8520980776013,7.968,0.18000556079189778,264.13334135604276
815500.0,airleak_nox,1210.1916133530526,7.968,2.1092227960524372,249.78829859447973
816000.0,airleak_nox,1149.4551833881314,7.968,1.1046387298755778,262.1391168807029
816500.0,airleak_nox,1051.0709802095162,7.968,1.7597793256812415,271.50255064433793
817000.0,airleak_nox,1061.5921782491898,7.274433737972771,1.140953709365382,238.44156014379303
817500.0,airleak_nox,1018.9185464710448,6.76972847853097,1.7032694924480352,246.2678416401763
818000.0,airleak_nox,1086.515656423909,7.305989683414415,1.4653314658317824,271.07091779127717
818500.0,airleak_nox,1136.4118078372383,7.072881982146971,-1.1830764772696511,233.32453161789238
819000.0,airleak_nox,1047.2266127133998,6.625911833127249,0.770440256777854,240.0779344239072
819500.0,airleak_nox,979.1215351961679,5.385939749931972,1.2624058054217335,226.61038350440552
820000.0,airleak_nox,1022.4526629419094,4.222566996903202,0.7289523483444551,273.6497468120448
820500.0,airleak_nox,740.4684221827046,0.0,1.24359420112794,207.73481298746748
821000.0,airleak_nox,779.2960272831423,0.0,0.47824818475708153,190.68060700073067
821500.0,airleak_nox,796.2093893615794,0.0,0.9116183405468308,208.93525573859964
822000.0,airleak_nox,842.4214143979016,0.0,0.9971165032981488,189.18838425378704
822500.0,airleak_nox,721.2361739573101,0.0,0.6261889912727567,168.05729641948275
823000.0,airleak_nox,836.8603792312836,0.0,0.2320457157129696,182.6935944455559
823500.0,airleak_nox,742.6091073178742,0.0,1.6389938228729077,186.02088734639725
824000.0,airleak_nox,812.0723436953795,0.0,-0.5122236769550965,167.57639275888218
824500.0,airleak_nox,757.2102425675655,0.0,0.5909715315929257,193.3786780271821
825000.0,airleak_nox,699.8917577273447,0.0,0.9852399203898934,190.05409417375546
825500.0,airleak_nox,708.1830070407262,0.09408429137794456,0.9145065202849112,181.7112261885606
826000.0,airleak_nox,651.5742187660779,0.0,2.2111513381215344,144.5406160714183
826500.0,airleak_nox,681.6485769801974,0.0,0.3305741963670399,194.75809512333296
827000.0,airleak_nox,600.0,0.0,2.3335355406393505,184.50780345988264
827500.0,airleak_nox,685.164604096459,1.157684967380777,2.711158923772392,182.9920776790776
828000.0,airleak_nox,744.5658263586628,2.8873458805694785,1.5556014385359225,223.0449557650751
828500.0,airleak_nox,800.8510789147615,2.7090100337264755,0.0493636434418645,200.91768017407995
829000.0,airleak_nox,714.9573740034144,1.5613052017495284,0.4493795990107393,220.3892753003507
829500.0,airleak_nox,656.9046397496284,0.0,1.0214988677311811,190.74688751567464
830000.0,airleak_nox,774.8194974586189,0.0,1.7715029206396227,222.36161299317314
830500.0,airleak_nox,740.3599259295789,0.0,1.87666166566064,217.1799051161573
831000.0,airleak_nox,680.6534253368199,0.0,0.6827462309437926,197.37326593902847
831500.0,airleak_nox,909.3430428091046,0.8240902328140746,1.4918108651140358,225.5146945288285
832000.0,airleak_nox,931.1539821806009,2.1263443795421306,0.8988953759722296,254.8956035627117
832500.0,airleak_nox,1025.346148761596,3.000715697258109,2.585870428615337,269.7099899894624
833000.0,airleak_nox,931.1363865777145,2.3575194942117985,-0.42380082979419176,218.20660319177117
833500.0,airleak_nox,968.6552189028112,3.086454291799074,1.199790804755219,232.57809217922494
834000.0,airleak_nox,1060.3252615096706,4.073997860707857,1.342175131141909,233.79891858238636
834500.0,airleak_nox,1084.2344583883328,4.944539770346604,2.089704417125782,238.27378130021194
835000.0,airleak_nox,1028.4915192607834,4.227527397228469,0.20726853984315396,228.40171438181437
835500.0,airleak_nox,841.9925516553469,2.066856577730467,2.341130546755985,232.31653368392404
836000.0,airleak_nox,730.749190294895,0.0,1.0975638416830007,196.05463614296238
836500.0,airleak_nox,600.0,0.0,1.531026672449211,184.5147698075711
837000.0,airleak_nox,605.168421001872,0.0,1.5264036347959842,198.43412000957755
837500.0,airleak_nox,600.0,0.0,1.376458269143507,191.45697846609536
838000.0,airleak_nox,600.0,0.0,1.3450144354484634,194.7379440773442
838500.0,airleak_nox,600.0,0.0,0.5510804716514462,190.59205121027466
839000.0,airleak_nox,629.1965865777078,0.0,1.4161453446477843,202.23054270956072
839500.0,airleak_nox,676.7434442401476,0.0,1.2514049023332088,204.32178044666858
840000.0,airleak_nox,706.8297072416616,0.0,-0.22509262851893674,175.82049484358845
840500.0,airleak_nox,694.833719223779,0.0,1.347981079226475,194.76624550089795
841000.0,airleak_nox,692.742591090911,0.0,0.20690818935924438,216.02369048468515
841500.0,airleak_nox,827.62651584929,0.0,-1.426234312118074,185.57003414233515
842000.0,airleak_nox,824.1316515241936,0.0,1.2387255416706178,204.30022216856156
842500.0,airleak_nox,800.658346255592,0.0,0.22522183575184274,202.30945966164603
843000.0,airleak_nox,811.7169323556743,0.0,0.8224714646321902,259.0688720730727
843500.0,airleak_nox,769.3444005593907,0.0,2.0236060941851908,228.58583895660752
844000.0,airleak_nox,784.5607623969071,0.0,0.788615590750311,206.99968170385577
844500.0,airleak_nox,728.7994346229888,0.0,1.8403787409788124,216.42921008657544
845000.0,airleak_nox,1071.5765035525442,5.953917603318368,1.3641819293338922,256.87428590446086
845500.0,airleak_nox,1135.8553911869933,6.801156261613762,1.528487401892605,266.3003500356182
846000.0,airleak_nox,1118.1851426605954,7.79122620210396,2.6938753021271795,254.13524645389322
846500.0,airleak_nox,1099.590976173276,7.968,1.2775081314064294,239.55268742499473
847000.0,airleak_nox,1146.5620376442173,7.968,2.6471157205380904,229.6501621180346
847500.0,airleak_nox,1099.2029717353557,7.968,1.3284842189127397,258.14145201663695
848000.0,airleak_nox,1116.9015556175896,7.968,0.05070754326262561,230.31682710568543
848500.0,airleak_nox,1104.7546865283718,7.968,1.5974533082384328,259.9428684407992
849000.0,airleak_nox,1172.3903962799818,7.968,1.2375980425990605,204.54643216280562
849500.0,airleak_nox,1130.0718988289816,7.968,0.764415796944018,229.69426885706181
850000.0,airleak_nox,1215.1896554763453,7.968,0.21861190758794935,256.9392329015212
850500.0,airleak_nox,822.066935489004,0.7396529856133252,1.106407083653926,185.70116975543897
851000.0,airleak_nox,876.6579513282009,1.8615285927905112,1.5216400430249022,197.20240756073702
851500.0,airleak_nox,919.2234972296394,1.700942911912121,1.6834553322067447,237.10661698804802
852000.0,airleak_nox,959.4284290390409,2.127667037617419,0.5976390151206444,204.52339843752145
852500.0,airleak_nox,838.5857437668761,0.397887776054088,2.379117016377162,236.2853049075781
853000.0,airleak_nox,883.6460659074272,0.0,0.16088856625673853,206.7081833594087
853500.0,airleak_nox,806.50768661639,0.0,0.5958841802031813,212.23374021794106
854000.0,airleak_nox,793.8650348698133,0.0,0.7658123504629673,230.78542548344126
854500.0,airleak_nox,740.4431521675215,0.0,2.0953852627118503,221.61338084009213
855000.0,airleak_nox,691.5766461272005,0.0,1.3183305809191146,201.42221033827568
855500.0,airleak_nox,628.3578179169292,0.0,1.5072935465783486,229.2245886728594
856000.0,airleak_nox,653.7347467835742,0.0,1.5401673849206672,170.76290609591018
856500.0,airleak_nox,602.7048758842805,0.0,2.1111303939449657,220.25921247086188
857000.0,airleak_nox,600.0,0.0,1.106165495688491,198.9913245067803
857500.0,airleak_nox,600.0,0.0,0.9872628513980839,190.77154468881773
858000.0,airleak_nox,600.0,0.0,2.888429792400595,186.5039958701894
858500.0,airleak_nox,600.0,0.0,1.724222321750875,177.47150666906307
859000.0,airleak_nox,622.2596901495588,0.0,0.6990708402288729,178.41318538305217
859500.0,airleak_nox,600.7645801191069,0.0,1.5265534722205496,170.826684835972
860000.0,airleak_nox,708.9106754245202,0.0,1.8854336953772393,196.62627761752952
860500.0,airleak_nox,736.6787910624172,0.0,0.9196851654134293,189.99914283917906
861000.0,airleak_nox,810.8250528770358,0.0,2.1875545966695613,169.27782229476676
861500.0,airleak_nox,779.1265282485716,0.0,1.6655001776887077,180.42126851774034
862000.0,airleak_nox,824.4835324990436,0.0,1.5321311125164971,196.33818523944527
862500.0,airleak_nox,838.6987984612989,0.0,1.2066904097387492,218.60596121316885
863000.0,airleak_nox,784.7629351742995,0.0,1.0913435796246613,202.11271913023103
863500.0,airleak_nox,806.3601674191362,0.0,2.0175742696272265,209.23493569048756
864000.0,airleak_nox,823.6239666620525,0.0,0.012216625985516094,235.68390392268307
864500.0,airleak_nox,790.6114089817368,0.6182131461632704,0.2536772941060149,200.48449826124585
865000.0,airleak_nox,846.4827972916153,2.091390749935677,2.047765560424179,237.37223937962597
865500.0,airleak_nox,841.7016112207955,3.3374133481193637,3.202265268122585,214.62558469131912
866000.0,airleak_nox,906.2622802027211,3.8178135282959547,2.841365501531199,256.55621861489425
866500.0,airleak_nox,860.8516603124658,4.156664881423456,1.3184585151067352,242.96513841518387
867000.0,airleak_nox,891.738943733394,4.684929230438747,0.644907532460953,232.42659761714975
867500.0,airleak_nox,860.3479960906373,5.144228067749447,0.26357142380464416,265.1374427851949
868000.0,airleak_nox,852.843324957889,4.524973628625133,-1.8193358892032205,222.4546216225595
868500.0,airleak_nox,818.3784692058009,2.944545051379841,0.27138830263661806,213.32587527574057
869000.0,airleak_nox,655.6608739975759,0.0,0.329808912845577,174.29578516984947
869500.0,airleak_nox,649.8193816542075,0.0,0.7838929123650848,234.56277273726403
870000.0,airleak_nox,678.9778119770098,0.0,1.5380769343601026,172.97958362389247
870500.0,airleak_nox,720.2194659619229,0.0,0.3875238588315898,199.35928621591123
871000.0,airleak_nox,832.4236438486719,0.0,1.0438961092275099,198.49091420202254
871500.0,airleak_nox,840.3533307445017,0.0,3.1912152111683554,162.2583288347811
872000.0,airleak_nox,803.4428959748758,0.0,2.313513714904758,195.61708029819533
872500.0,airleak_nox,867.1440283282286,0.0,1.6076790115570052,189.1521851899982
873000.0,airleak_nox,862.5181411652104,0.0,-0.6372966544712821,158.83123019138625
873500.0,airleak_nox,824.3936153344949,0.0,0.7074758006670393,174.85601667181908
874000.0,airleak_nox,756.2441991137721,0.0,2.310598562506372,173.88643396338247
874500.0,airleak_nox,756.2664895361972,0.0,2.7764066677999653,196.19042786679944
875000.0,airleak_nox,1138.3196770839031,5.7396886554414,0.8405492431952793,258.49361176701655
875500.0,airleak_nox,965.3925137978888,3.2702795109501386,1.5350099515395152,260.1350053361681
876000.0,airleak_nox,649.9803158082516,0.7128444287080975,1.5406972908250125,204.36078801461468
876500.0,airleak_nox,600.0,0.0,-0.03271702224358908,173.41520945909602
877000.0,airleak_nox,600.0,0.0,0.6979664546737522,201.26058524573867
877500.0,airleak_nox,757.0742211523859,2.3784768046411626,1.4501810274048506,200.45988197363798
878000.0,airleak_nox,797.0897895169154,3.769491844384578,1.2248225719921446,247.45834056955627
878500.0,airleak_nox,928.1078446196502,4.845827800778619,-0.15364734766751953,247.2633088456594
879000.0,airleak_nox,936.1837731204021,4.462891681933286,2.7391977652017094,255.0851750936357
879500.0,airleak_nox,1040.9793267893713,5.645286164851124,0.4130299669378066,261.41222867470185
880000.0,airleak_nox,1157.5435064452818,6.686638211322128,2.4491862298664935,265.4586640803544
880500.0,airleak_nox,763.198825099895,0.3965028663075556,1.7012089230529506,246.23503278238266
881000.0,airleak_nox,884.5790306509733,1.5825072345119469,0.7179151538205361,205.63737886188449
881500.0,airleak_nox,945.4168911886355,1.9698834810809975,1.5067232493371714,233.46247168696738
882000.0,airleak_nox,852.0893473626757,0.0,-0.3699763767000477,206.3387912833305
882500.0,airleak_nox,836.2570262706448,0.0,1.2494580466900354,226.98483035332245
883000.0,airleak_nox,831.8888575323742,0.0,0.8533620694928539,213.01953827492105
883500.0,airleak_nox,742.1047983068503,0.0,2.1895341887076056,177.54760117803104
884000.0,airleak_nox,856.451965054792,0.57773782043528,0.806828956331932,180.48342875021817
884500.0,airleak_nox,909.6683740613926,2.5176522001192794,0.048481364929291226,190.35268985224204
885000.0,airleak_nox,901.8921078524146,3.3355897632502574,1.3460318531503186,176.93538138774406
885500.0,airleak_nox,855.6772706764809,2.5413418723710515,1.0185590830398545,210.62122914431464
886000.0,airleak_nox,785.3713082765518,2.3291602213320792,2.455271646745115,201.46906850459897
886500.0,airleak_nox,735.8619868258828,2.2469883569688274,-0.5611956511867224,175.99166568182602
887000.0,airleak_nox,779.1890562097691,2.8286406975144045,1.656103869082319,199.09139102355425
887500.0,airleak_nox,758.5601814476692,3.0249825610328074,1.5282399411289993,227.43416555365812
888000.0,airleak_nox,767.5000896443757,2.8131285964847477,2.8986637172790415,212.78912459916472
888500.0,airleak_nox,626.1338170070492,1.306771067343853,1.922067324129248,210.44498529829445
889000.0,airleak_nox,646.6679453696032,0.0,1.2942183984693427,175.33385252330402
889500.0,airleak_nox,764.2952504801252,0.0,0.9361435194975087,177.53436382052203
890000.0,airleak_nox,716.1168598204123,0.0,1.4767519238326876,247.47197196439942
890500.0,airleak_nox,665.1525315242056,0.0,2.193076380835446,189.54889563029155
891000.0,airleak_nox,804.5261002331788,0.0,0.4659151079926377,220.94999752038737
891500.0,airleak_nox,775.0824884579662,0.0,0.7929337103777072,202.64517379225583
892000.0,airleak_nox,794.8025377424206,0.0,1.4318840996552464,213.30675547124235
892500.0,airleak_nox,802.8453967541276,0.0,2.630246154001626,201.05410239060132
893000.0,airleak_nox,803.8717376276378,0.0,0.7386846297000379,225.2220406954547
893500.0,airleak_nox,751.6495505896995,0.0,2.079055034326879,196.19150098226257
894000.0,airleak_nox,761.0158413555127,0.0,1.729849808422067,244.12325135234474
894500.0,airleak_nox,679.1105423721672,0.0,1.252191119442106,193.69637727158977
895000.0,airleak_nox,720.1683003316998,0.0,1.1676979216856465,174.1704745784773
895500.0,airleak_nox,718.7738968610854,0.0,0.695140207110157,169.96749060947744
896000.0,airleak_nox,637.1600171431417,0.0,1.7990762596129564,155.04154572265386
896500.0,airleak_nox,600.0,0.0,1.897742146026625,154.91142855206581
897000.0,airleak_nox,650.3994713522359,0.0,1.664983318446795,125.94055819655154
897500.0,airleak_nox,606.4699193953306,0.0,3.0273268611683664,191.47382135980547
898000.0,airleak_nox,641.705009203936,0.5894561789926506,1.6064821781448184,173.6350651845263
898500.0,airleak_nox,773.203569298368,1.0864719490925423,1.5445790784750297,186.3939953055237
899000.0,airleak_nox,693.1250697304048,0.3392240227865826,0.24704550879692821,185.15737926338468
899500.0,airleak_nox,731.2551026197683,1.136134360168154,0.9269033274769223,199.45713495048957
900000.0,airleak_nox,658.9967270835601,0.6376591480579478,2.9164698692214133,168.66339499044054
900500.0,airleak_nox,874.2785990228496,1.7512254892706847,-1.3149012176632104,224.39110045554733
901000.0,airleak_nox,872.8892797881886,1.1201502762149242,1.4914125939312919,197.3122482075854
901500.0,airleak_nox,841.6231926053831,0.12131927694839462,0.39903031240286857,238.08905206576438
902000.0,airleak_nox,817.8560767201776,0.0,2.166257565611651,193.16408477589528
902500.0,airleak_nox,765.9450170287033,0.0,0.40813792875352917,216.0883454334714
903000.0,airleak_nox,749.157676529825,0.0,1.0564637656416933,201.61592072941968
903500.0,airleak_nox,795.6868915798768,0.23788086094316324,-0.6742843969627152,218.82443053117908
904000.0,airleak_nox,970.9056054946545,3.169880213666942,1.7915336948585439,239.04229701245634
904500.0,airleak_nox,998.9379494737578,4.822358175008271,1.2351643762489146,275.0132520182601
905000.0,airleak_nox,1254.2967241470697,7.968,0.34386748438399517,293.93085729936996
905500.0,airleak_nox,1161.3540317911231,7.968,1.5690765856612432,237.84011881681727
906000.0,airleak_nox,1109.1110096667426,7.968,2.0680921543152833,263.77475888367303
906500.0,airleak_nox,1098.7554522780256,7.968,0.8239388543029899,204.44114548247578
907000.0,airleak_nox,1153.2746410818656,7.968,1.1435436751799193,244.21973034037737
907500.0,airleak_nox,1135.973754215642,7.968,0.9166749873196558,229.4051048123674
908000.0,airleak_nox,1092.2912216868085,7.968,0.8983854440521374,219.20769600927227
908500.0,airleak_nox,883.3854672081904,4.291337141959928,0.8262355778465285,184.84446401431595
909000.0,airleak_nox,704.4025945135335,1.6793381291591392,0.5950957880096467,179.1168040390204
909500.0,airleak_nox,763.7206886142448,1.0184534126781286,0.8064537813426843,178.47597985117056
910000.0,airleak_nox,801.4227118841758,2.181564175329989,1.6908940718832581,214.34427141514684
910500.0,airleak_nox,715.9670307100936,0.0,2.0197604035385957,196.7610862470566
911000.0,airleak_nox,754.4608603357296,0.0,2.4642285605727583,189.31626330401474
911500.0,airleak_nox,750.8943845201031,0.0,1.0468316961393072,204.71928981442338
912000.0,airleak_nox,767.1711924825611,0.0,3.1401929107223108,238.51762381461646
912500.0,airleak_nox,777.1109434522749,0.0,-0.4361439920926031,180.78521053524105
913000.0,airleak_nox,769.4265004217644,0.0,1.3927627386735209,205.90927082277048
913500.0,airleak_nox,739.2253114206937,0.0,0.8994397215637896,197.35583763880928
914000.0,airleak_nox,822.678698155354,0.0,1.7933043430544733,224.83856134388435
914500.0,airleak_nox,749.2782135323639,0.0,3.2699806257923916,214.03179490637615
915000.0,airleak_nox,641.7219146911153,0.0,0.44558464544962284,238.0177663091702
915500.0,airleak_nox,682.6828671792365,0.0,2.2565114102066204,228.2388294338296
916000.0,airleak_nox,613.7315344565085,0.0,-0.11500680796617457,208.5136380143432
916500.0,airleak_nox,600.0,0.0,0.25074582327381223,207.6614307944637
917000.0,airleak_nox,600.0,0.0,0.49922037964040844,200.8370580565228
917500.0,airleak_nox,600.0,0.0,0.6680758087817178,196.64863028936708
918000.0,airleak_nox,638.2948392071692,1.3218094114912624,1.5256516550432557,196.29390843369194
918500.0,airleak_nox,677.0405703878107,1.1321198403233534,2.233993580412707,200.84383386086398
919000.0,airleak_nox,659.5944659098203,1.0264971484218015,0.06910835163920348,190.66131183985354
919500.0,airleak_nox,755.0964812665394,1.7167920829018606,0.020618148583050333,195.63369673438808
920000.0,airleak_nox,924.8120150222977,2.6822471689262946,0.7701693590629823,202.65194440995216
920500.0,airleak_nox,976.226334401693,3.9980635744345765,1.0728829152363557,203.05147488020535
921000.0,airleak_nox,1013.0062035448684,4.033104740901623,1.5766356219690871,261.3067940983247
921500.0,airleak_nox,940.8838911259558,2.3338085278121357,0.784479022582145,218.85706105275082
922000.0,airleak_nox,872.0673001923304,1.0372998434211458,1.0928480661504518,199.3181617437223
922500.0,airleak_nox,803.9061345642842,0.1361723333282188,1.089564684724566,183.69188255467276
923000.0,airleak_nox,831.8042392704969,0.7111547844244896,1.10431213333409,188.1710930029988
923500.0,airleak_nox,973.9832844893773,2.488896162879064,1.238456403117866,234.41162234726602
924000.0,airleak_nox,985.3698273103685,3.133870317233609,0.47503772263531807,248.1360325817947
924500.0,airleak_nox,954.8983827227507,2.8006298656189093,1.411737030985245,246.95295910015415
925000.0,airleak_nox,723.4186737810601,0.9261227717620729,2.287425327038667,224.30975715901982
925500.0,airleak_nox,602.9964947238833,0.0,1.767365000692264,194.16876607253246
926000.0,airleak_nox,705.3923553448649,0.0,3.1980583173185133,225.65473223966083
926500.0,airleak_nox,650.6674468656947,0.0,1.2370850787506453,208.39987819933876
927000.0,airleak_nox,600.0,0.0,0.6744426749480129,234.4912005447495
927500.0,airleak_nox,600.0,0.0,2.13319139267628,203.51542641690588
928000.0,airleak_nox,600.0,0.0,-0.014032262437738696,211.0937896628418
928500.0,airleak_nox,600.0,0.0,1.2678184463017252,218.83001783435205
929000.0,airleak_nox,630.4236733103442,0.0,2.069325670884627,158.74652302115703
929500.0,airleak_nox,617.6630112304991,0.0,2.6785899672405664,192.33218241707743
930000.0,airleak_nox,729.0558752426717,0.0,1.028177956624896,216.47667226890576
930500.0,airleak_nox,740.7616243710964,0.0,1.6202667799601589,192.57984595048205
931000.0,airleak_nox,767.5721481033597,0.0,-0.9058282378735174,203.07668217690173
931500.0,airleak_nox,798.0630700523765,0.0,2.110071342536677,206.20693161452687
932000.0,airleak_nox,793.4924150665113,0.0,0.14751163550295465,189.23672938035273
932500.0,airleak_nox,787.3693337870532,0.0,2.148325665718343,183.1803255065607
933000.0,airleak_nox,825.135652899586,0.0,-0.4682117032070552,171.04318592559758
933500.0,airleak_nox,825.2392738383778,0.0,2.183424481268777,232.53408474685637
934000.0,airleak_nox,767.421624923807,0.0,2.446434990562282,161.80537637937255
934500.0,airleak_nox,787.0558366081399,0.0,1.0999185834997651,171.27877815094052
935000.0,airleak_nox,901.184015991141,3.948344569164681,0.7030828820656015,214.63980373234858
935500.0,airleak_nox,1010.2253496497052,3.9726712650723597,0.972688505325866,198.7983171543165
936000.0,airleak_nox,1070.6687012200275,5.895841976090455,0.9204286375342481,218.3591128538743
936500.0,airleak_nox,1176.5180261312585,7.968,0.26350273304057004,254.45406761239585
937000.0,airleak_nox,1132.7231651674924,7.968,1.1150345482092323,255.21051526533267
937500.0,airleak_nox,1093.1155316664187,7.968,0.1220758181208057,264.86138626981386
938000.0,airleak_nox,1070.346248418499,7.968,2.036393614068265,254.84250908857052
938500.0,airleak_nox,1087.3262105688243,7.968,1.7796728357676366,295.13434171899684
939000.0,airleak_nox,1181.6526863156,7.968,1.1818614575430548,242.89551766225784
939500.0,airleak_nox,1217.2069124876734,7.968,0.7033018964150276,280.1251662316337
940000.0,airleak_nox,1198.596426847891,7.968,-0.18076435388863032,260.0211801512281
940500.0,airleak_nox,849.2384648637192,1.492569790876762,0.39690187366699414,204.56333249620388
941000.0,airleak_nox,794.6476889945617,0.4753784300095276,0.4274132467613503,227.11100010103624
941500.0,airleak_nox,822.664317997038,0.0,0.1646520257869395,222.14228077522012
942000.0,airleak_nox,869.8424409575714,0.0,1.2079384645836408,199.00693516300848
942500.0,airleak_nox,789.6637371093453,0.0,2.2803449967690503,199.64417250117268
943000.0,airleak_nox,797.1138063207976,0.0,1.4875960853286596,201.94088041356855
943500.0,airleak_nox,812.1471981395634,0.24508744992831924,0.2826869092758194,179.8221153608042
944000.0,airleak_nox,868.2596553208441,1.5612153600771461,1.4310769655632987,183.53664438686798
944500.0,airleak_nox,852.3851552866004,1.4541278445754722,1.884489466084811,187.6665737538533
945000.0,airleak_nox,719.5255972737841,0.5169845111894287,1.1826336644077595,175.5337492706211
945500.0,airleak_nox,682.1669710667511,0.0,0.7457633981193531,193.0241314924168
946000.0,airleak_nox,605.5117708105493,0.0,0.9982658002511594,167.73273282168088
946500.0,airleak_nox,641.3255456817259,0.1958541741209663,-0.5891391559135799,192.76641882819794
947000.0,airleak_nox,609.7993138260451,0.0,1.860305232541764,188.69956952306975
947500.0,airleak_nox,652.1709889087556,0.0,2.9747881497529676,184.6269912326184
948000.0,airleak_nox,600.0,0.0,-0.19981235145941234,192.7218385604283
948500.0,airleak_nox,600.0,0.0,2.508220143032775,199.29821574036373
949000.0,airleak_nox,600.0,0.0,2.7269967705133538,216.40338353633757
949500.0,airleak_nox,708.7259987674943,0.0,1.4285117986262086,206.70061508775552
950000.0,airleak_nox,673.8784323826364,0.0,2.0699517625334156,196.42238163133518
950500.0,airleak_nox,722.5799077871945,0.0,0.10029196637721438,221.85397264855106
951000.0,airleak_nox,782.1990364922875,0.0,1.6194062324195793,245.8594796703616
951500.0,airleak_nox,769.0578082922476,0.0,2.7260258076580244,243.63214953526992
952000.0,airleak_nox,853.7844809259277,0.0,0.05128607460379908,272.53419341849326
952500.0,airleak_nox,848.9251950345977,0.0,0.204832566554618,227.69194393230305
953000.0,airleak_nox,837.6066741597659,0.0,1.9926810800899746,190.93403625833568
953500.0,airleak_nox,791.8309269960723,0.01965561057882074,2.2855983510211937,186.98279964530008
954000.0,airleak_nox,802.5505629670406,0.6716672473493243,2.2618467148489625,230.4567147951972
954500.0,airleak_nox,797.1286125669874,0.0,0.9734924672070437,232.3509046411118
955000.0,airleak_nox,714.9124975402941,0.0,2.861953310894329,173.2925362029676
955500.0,airleak_nox,656.2721953407734,0.0,0.8997544866418199,182.8149371219328
956000.0,airleak_nox,627.9560106724302,0.5862925262613359,0.8205974617312166,185.6501844429181
956500.0,airleak_nox,757.2011163122727,2.282233971780899,2.2557888242880657,183.3968547818734
957000.0,airleak_nox,883.6862946834937,4.412047845870492,0.7488530980177028,217.16370049620042
957500.0,airleak_nox,887.0544553848947,4.775138886532329,1.7661138537438106,217.60079160910226
958000.0,airleak_nox,802.3631038904275,3.4812555239604555,3.2476033781176215,202.86074350985746
958500.0,airleak_nox,685.9935268817195,1.7871729332952404,0.4939391172165234,212.79778513053995
959000.0,airleak_nox,673.4728354700519,0.8040271108027502,1.9998585220934566,181.00992927392738
959500.0,airleak_nox,724.9890740021038,0.5626392346700428,2.145656681498313,208.30072940291657
960000.0,airleak_nox,746.5818785859395,1.0874214246177374,0.4520207876925867,232.13790040835386
960500.0,airleak_nox,755.7899686254337,0.6972205349375244,0.879285015247957,210.74020531944657
961000.0,airleak_nox,823.7076753363432,0.16805345080690218,-0.06216713717970501,246.33442329562249
961500.0,airleak_nox,774.175684265407,0.027894728290219394,0.9328542814241795,233.23354078458226
962000.0,airleak_nox,852.0641916186842,0.25052935293780043,1.8278230956868784,207.47332264512477
962500.0,airleak_nox,817.2211421145199,0.01973328716037681,1.0641068711670223,219.0561044339606
963000.0,airleak_nox,796.7543268745773,0.0,2.161297996917522,207.8532909096967
963500.0,airleak_nox,836.148827446057,0.0,2.0849405543584036,220.6032114713663
964000.0,airleak_nox,787.3759581749424,0.0,0.20804646911134794,256.80272871858574
964500.0,airleak_nox,782.309939965975,0.0,2.2483222404822825,182.61134542070621
965000.0,airleak_nox,967.3292429698976,3.714934866227834,1.4756068984716957,240.44491626359385
965500.0,airleak_nox,829.7192277496141,2.078852722777757,2.670711381661579,183.3151782790904
966000.0,airleak_nox,728.7138012783348,1.4056908097331335,2.97412039200304,206.02166618199587
966500.0,airleak_nox,721.4446099111985,1.8128880039482675,0.7600397211760392,216.13456630512198
967000.0,airleak_nox,694.673791485475,2.2108744731455476,1.4168801341863537,212.10869162365083
967500.0,airleak_nox,663.7998180384872,1.2774880854081314,-0.5870530371967368,175.89492159578836
968000.0,airleak_nox,708.3675319015578,1.5452231614314846,0.9134796810193154,187.3400864544527
968500.0,airleak_nox,778.3011161558659,2.1996259009527326,1.9767976396624056,195.94032481908783
969000.0,airleak_nox,862.669763072048,3.8588385482792646,2.140226229732229,202.0538283470499
969500.0,airleak_nox,1125.4119208055542,6.710307665184203,2.5987226580282448,241.84875270589012
970000.0,airleak_nox,1210.47694794627,7.968,2.187351968980667,197.19478079162246
970500.0,airleak_nox,914.418945556103,2.237195879525588,2.6613071323100685,220.82533276808658
971000.0,airleak_nox,867.9815839951675,1.997562207742281,1.6693086264382782,180.94725239958834
971500.0,airleak_nox,858.7528128139118,0.8734103758383207,0.9883887407875382,174.5873265753732
972000.0,airleak_nox,824.9303376169765,0.0,1.380964205053008,207.92624104010736
972500.0,airleak_nox,820.5083683127349,0.0,0.7878153443216606,206.68068050005726
973000.0,airleak_nox,870.7959357776906,0.0,0.4847206877191089,231.82919265419073
973500.0,airleak_nox,757.0883175113329,0.0,1.5402765254816202,234.06825886252636
974000.0,airleak_nox,765.7717682190078,0.0,0.5914594753362961,225.42881021802745
974500.0,airleak_nox,656.9865716653746,0.0,0.4083432665629585,202.6019170281158
975000.0,airleak_nox,728.0728505082172,0.0,0.0493003376152068,247.45511923182715
975500.0,airleak_nox,615.8665569057541,0.02844757097940854,0.8690542738666921,213.6623104966463
976000.0,airleak_nox,754.8861064191009,2.488749360094715,0.2283706337257747,239.6261432978851
976500.0,airleak_nox,929.8553229688665,4.992026021851436,2.828028875919353,234.13658210293065
977000.0,airleak_nox,994.4302651771469,6.2206543479670735,2.668779094613191,243.75775948771826
977500.0,airleak_nox,923.4120006346863,5.607626987832866,0.7312841843014186,227.11052889065363
978000.0,airleak_nox,821.7250165315797,3.4697430108181595,0.7967901962753414,238.28984021791385
978500.0,airleak_nox,685.4509139288392,1.6017304114692852,1.5876272688605346,201.1842787809694
979000.0,airleak_nox,623.1036540171361,0.07754730256307642,0.7478584594781823,185.82029459690216
979500.0,airleak_nox,683.8318697721529,0.0,2.253534501337711,152.97500780466362
980000.0,airleak_nox,709.3696199737547,0.0,0.9973334399683669,152.1119958946784
980500.0,airleak_nox,694.0963325407378,0.0,2.0398607221862237,179.22977714368423
981000.0,airleak_nox,759.6963359461585,0.0,-0.15978580180237523,177.48139694913422
981500.0,airleak_nox,820.3991755249986,0.0,0.7718196637274926,187.04898711781632
982000.0,airleak_nox,857.3201737570786,0.0,1.2404914511501837,175.0425698866294
982500.0,airleak_nox,846.4244455879465,0.0,1.5509351316182345,209.92653306144175
983000.0,airleak_nox,889.4020812896421,0.0,0.8687645861884563,186.86750806794686
983500.0,airleak_nox,791.5157504876659,0.0,0.33577407505062074,183.28261228786772
984000.0,airleak_nox,830.137128923537,0.0,1.9298398016947025,207.17518701761654
984500.0,airleak_nox,755.7319812992416,0.0,-1.028812978819606,183.2295960356063
985000.0,airleak_nox,767.2471572950852,0.0,3.107547360409825,212.11050316596143
985500.0,airleak_nox,628.472977500438,0.053664421857187894,2.197001797596589,190.05376839342267
986000.0,airleak_nox,620.5718703152289,0.0,2.3332493881765854,196.3303145194391
986500.0,airleak_nox,615.1516022358819,0.07542463813757143,1.6664625580369696,200.2011132805306
987000.0,airleak_nox,600.0,0.0,1.145201632248268,213.70665196754132
987500.0,airleak_nox,600.0,0.0,0.38011172797524306,197.49969895737587
988000.0,airleak_nox,600.0,0.0,1.39028439089817,192.0592342289507
988500.0,airleak_nox,600.0,0.0,1.8065318263646133,205.98137359888176
989000.0,airleak_nox,661.6006341663929,0.0,1.8966650459333505,231.78740467709895
989500.0,airleak_nox,663.1940016859588,0.0,1.4854375215504423,177.3614572490739
990000.0,airleak_nox,875.3030619883765,1.894344337487989,0.013338400797685335,246.29117014108107
990500.0,airleak_nox,931.011996827168,2.090416062910319,1.7248829910756633,224.13912244939212
991000.0,airleak_nox,840.0256028244614,1.8919320392042835,1.655728944226114,223.28242454710508
991500.0,airleak_nox,858.0842879598285,0.870954026503461,2.280899100845386,224.74317118749545
992000.0,airleak_nox,913.6564487374932,0.4865962571021871,0.4905669226332505,145.70113306627445
992500.0,airleak_nox,922.7289832913893,1.3943816146921766,0.8570969460649664,207.64605482004177
993000.0,airleak_nox,906.4713583396773,2.014611058858336,2.0149644715061514,192.9242686518295
993500.0,airleak_nox,980.5958963018379,3.1730800758178836,1.6630569566020879,220.57998480570788
994000.0,airleak_nox,959.6006651404678,2.5478884051670607,3.059915498558132,187.31806551944086
994500.0,airleak_nox,816.315647738881,1.6691375153906212,3.4642309258131396,177.40725811153087
995000.0,airleak_nox,1244.978101942456,7.968,1.6049726330012997,254.22162960675826
995500.0,airleak_nox,1182.4300786825618,7.968,1.1802598010262324,251.57262973967852
996000.0,airleak_nox,1166.953191528238,7.968,1.6356709615826324,227.75645933250635
996500.0,airleak_nox,1117.3568287560074,7.968,0.5411817739742936,254.16602594253118
997000.0,airleak_nox,1051.4450256676753,7.968,0.7996735235026056,277.40243106477567
997500.0,airleak_nox,1143.3923156795197,7.968,1.714901905438919,246.77908678124007
998000.0,airleak_nox,994.0521886927199,5.952015292222882,1.1237932598264586,230.21063663304017
998500.0,airleak_nox,964.8506960251059,4.754098331514394,1.7264926246413355,244.26940052190884
999000.0,airleak_nox,876.4642668889172,3.3008238041495743,1.447057256194439,212.50649111229012
999500.0,airleak_nox,877.6232963200039,3.6396834724698324,1.6890429632146406,222.19905154443828
1000000.0,airleak_nox,963.8052151810357,3.4671874511278857,-1.1610733959044346,201.61913191111827
1000500.0,airleak_nox,770.2153127441986,0.0,0.8006007886711383,235.16264233108785
1001000.0,airleak_nox,787.2377836854762,0.0,1.7932228461728164,244.80022738740342
1001500.0,airleak_nox,759.3043394972942,0.0,1.0521816187829014,230.43241505147998
1002000.0,airleak_nox,861.5657490937305,0.0,3.462935865587107,180.53792561437487
1002500.0,airleak_nox,804.5279465774498,0.0,0.8565630573869254,192.5820018499867
1003000.0,airleak_nox,861.2825432745194,0.0,0.4373283248833486,187.40867966809606
1003500.0,airleak_nox,804.2506650828476,0.0,1.0423874423734578,195.40577046493325
1004000.0,airleak_nox,715.5953619798374,0.0,1.1065711057456153,183.06796621705152
1004500.0,airleak_nox,739.6846940355683,0.0,1.1788186462645758,183.05187451967413
1005000.0,airleak_nox,717.0212699673216,0.0,-1.7209157156559445,156.98353860819432
1005500.0,airleak_nox,652.1581696659398,0.0,0.9186632190788334,213.20132119209188
1006000.0,airleak_nox,681.5556034476069,0.0,0.593685853198371,180.0305751163093
1006500.0,airleak_nox,661.0719936461307,0.0,0.01217320901513208,203.27401678953854
1007000.0,airleak_nox,600.0,0.0,0.13500743516021751,193.73754239204894
1007500.0,airleak_nox,600.0,0.0,2.5312565277376846,164.64902847461795
1008000.0,airleak_nox,600.0,0.0,0.10785191548661754,194.64211012864772
1008500.0,airleak_nox,600.0,0.0,1.527924310415859,201.19286381643028
1009000.0,airleak_nox,866.3700550354755,2.9949320352317765,0.407952613174559,234.45994169015424
1009500.0,airleak_nox,1083.5985590291205,5.7340603214017705,0.5115699331536859,223.10176178931272
1010000.0,airleak_nox,1169.0711184256309,6.861753796119789,2.860891464494192,281.9446673102636
1010500.0,airleak_nox,1144.749120642621,6.120100038552158,2.80708969351456,257.76361812163424
1011000.0,airleak_nox,960.347761908117,3.7858976427906805,1.323532906300226,227.26715259758592
1011500.0,airleak_nox,942.3795751925724,1.5669457210832558,1.2174836644713014,262.347225723908
1012000.0,airleak_nox,903.0935681057471,1.1515658123978612,1.0371541383945124,267.74811377167003
1012500.0,airleak_nox,786.1703659339042,0.0,2.3320769105456907,214.33804981594832
1013000.0,airleak_nox,805.5846674050429,0.0,0.3249570710625296,214.80439051752307
1013500.0,airleak_nox,798.2486619557432,0.04521250723364564,2.2895610775095463,217.37611119232838
1014000.0,airleak_nox,765.7596400154255,0.0,3.091496252207963,211.4266337619117
1014500.0,airleak_nox,765.6061060362946,0.0,0.7043758470261767,189.0739303278476
1015000.0,airleak_nox,668.4296867549837,0.0,1.4981525469917671,182.31281792793354
1015500.0,airleak_nox,644.3199269564786,0.0,2.719533342082004,175.73531321131838
1016000.0,airleak_nox,711.1881457379109,1.5566401817490898,1.2932907538354192,181.09520694456512
1016500.0,airleak_nox,723.1674782535649,2.185567384211261,-0.04132604910247273,175.79228732826178
1017000.0,airleak_nox,619.9146278970445,1.1172892335162883,0.04039901369673293,206.46629433519567
1017500.0,airleak_nox,600.0,0.0,0.10078234385652629,178.48176374906245
1018000.0,airleak_nox,600.0,0.0,3.5046898520891845,207.43997687471526
1018500.0,airleak_nox,600.0,0.0,1.168584329559784,198.43959044167565
1019000.0,airleak_nox,602.6065353189668,0.0,1.8946613415188407,154.91418557472414
1019500.0,airleak_nox,690.2411171397719,0.0,0.051704855027374874,212.23407535365513
1020000.0,airleak_nox,711.8744580392837,0.0,0.9040137464012558,199.6420306043537
1020500.0,airleak_nox,703.0035861877191,0.0,0.9196245844984823,195.42050731512356
1021000.0,airleak_nox,741.0791063471238,0.0,2.76003403701512,197.41419288895563
1021500.0,airleak_nox,807.4098870164423,0.0,1.3573553554658702,219.59022011337325
1022000.0,airleak_nox,786.2608941824831,0.0,2.2446180654426793,199.22414579648284
1022500.0,airleak_nox,779.5333942098362,0.0,2.118479435485087,194.66272323450013
1023000.0,airleak_nox,771.4442003301127,0.0,1.2664708933223174,242.53385847448553
1023500.0,airleak_nox,787.7148445696256,0.0,2.166845199179986,239.16098464543902
1024000.0,airleak_nox,760.3450968651072,0.0,1.1122463785869914,241.15642781446013
1024500.0,airleak_nox,716.0792316446739,0.0,1.8732656415812818,237.61947894225762
1025000.0,airleak_nox,1097.203590142733,5.495558168704204,1.829371532194843,288.45929508749623
1025500.0,airleak_nox,1103.919907294608,6.816421546068552,-0.3599524985770646,247.3555479818488
1026000.0,airleak_nox,1150.4828029234375,7.968,0.8218663625846849,213.9911499462566
1026500.0,airleak_nox,1101.548294411709,7.968,1.2431867968805386,218.4447360364373
1027000.0,airleak_nox,1129.2917493862806,7.968,2.6097363210665896,259.3999368238634
1027500.0,airleak_nox,1068.141829425584,7.968,0.8064841318097118,184.83816825003532
1028000.0,airleak_nox,1046.7456607961346,7.968,1.7665407850043497,225.4749480109973
1028500.0,airleak_nox,1110.4947023418463,7.968,1.2455053514914376,228.0561092646862
1029000.0,airleak_nox,1191.5070464444452,7.968,1.2065840229265368,244.12884813004897
1029500.0,airleak_nox,1200.5308686888973,7.968,3.7388787861556008,243.85032074316848
1030000.0,airleak_nox,1268.3121300486246,7.968,1.493321105117292,249.20121264946403
1030500.0,airleak_nox,871.9916666278255,2.6175743818727772,0.24616924907142423,199.15720293163835
1031000.0,airleak_nox,815.2100247633444,0.6209352429615637,1.8873923372166737,169.66238370656492
1031500.0,airleak_nox,820.8584330911317,0.0,0.678001019361942,197.95692989891106
1032000.0,airleak_nox,795.5085804187586,0.0,1.6587806564247196,192.71159982230876
1032500.0,airleak_nox,776.0739914049934,0.0,0.027895906283107008,224.1601492780943
1033000.0,airleak_nox,814.7790789438943,0.010354198149311612,1.7006969605144224,213.47932333663303
1033500.0,airleak_nox,849.3486806309295,0.5140917636908111,0.950880490475497,261.2039829052319
1034000.0,airleak_nox,787.3686420019344,0.10038441805689834,2.7563799252569696,219.81974625581546
1034500.0,airleak_nox,721.2543023898686,0.0,2.911050691158584,213.95821148669506
1035000.0,airleak_nox,688.2548702169995,0.0,0.3245834611637787,213.13651302490936
1035500.0,airleak_nox,660.1185820110736,0.0,0.44986036165068455,225.73165505379745
1036000.0,airleak_nox,635.9315862012135,0.0,1.0613776095696579,220.72147156646315
1036500.0,airleak_nox,600.0,0.0,1.109998914939324,206.7007398437513
1037000.0,airleak_nox,611.7724836196132,0.0,3.838684446313015,209.03034259739144
1037500.0,airleak_nox,600.0,0.0,1.5837538013895418,219.7067891564515
1038000.0,airleak_nox,600.0,0.0,1.7179739433507615,207.1954804284584
1038500.0,airleak_nox,600.0,0.0,1.0505140667595017,203.41954950631532
1039000.0,airleak_nox,667.5924516415116,0.0,0.8862695390677873,166.09670918006282
1039500.0,airleak_nox,614.7569931125338,0.0,1.4759949747664256,168.8584090180228
1040000.0,airleak_nox,687.3027420578916,0.0,1.3985755597112361,161.50632035967854
1040500.0,airleak_nox,744.2236077731785,0.0,1.9857023737087083,151.6211678881605
1041000.0,airleak_nox,706.1406614708284,0.0,-0.07506468725094129,177.83093204663763
1041500.0,airleak_nox,811.9462110657795,0.0,1.7745826417709254,203.4680371907473
1042000.0,airleak_nox,797.1552735258203,0.4176436111395973,0.9653357243976082,196.83132915609588
1042500.0,airleak_nox,981.0782235341161,1.7278141304801036,2.0090726587796564,215.43237657166384
1043000.0,airleak_nox,984.8064136665348,2.350738514795957,1.6455863386753364,203.2214770700462
1043500.0,airleak_nox,944.4079932934305,1.28277444646153,1.270685952877122,212.35425140357665
1044000.0,airleak_nox,843.435674592176,0.0,0.6261741265937408,177.48079984049883
1044500.0,airleak_nox,771.6079304609996,0.0,0.7656413578563477,205.36711500867696
1045000.0,airleak_nox,683.5846432012326,0.0,0.6830702722412617,203.08516115731362
1045500.0,airleak_nox,693.7128153741954,0.0,0.1648367714865384,207.10275413792527
1046000.0,airleak_nox,688.5785092526398,0.009679216416445518,0.9264500475180595,208.6639764790877
1046500.0,airleak_nox,733.5391822622123,0.911192279322901,3.329484339783641,215.95993877588043
1047000.0,airleak_nox,715.7962294040314,1.697826975152601,2.2907155069742817,224.93196961598315
1047500.0,airleak_nox,682.5957393336482,1.4744746777761746,-0.4681044131432741,201.072020806896
1048000.0,airleak_nox,718.5874056653784,2.540040759087836,2.891515043452281,211.60154538590356
1048500.0,airleak_nox,930.4246102040954,4.322873305599066,3.1462192730329446,246.62140409710952
1049000.0,airleak_nox,1022.6089211917624,6.099670514324278,-0.4245832630354287,248.3792333778479
1049500.0,airleak_nox,1018.1693942552384,5.967333362623244,1.0415178757822992,267.264449691283
1050000.0,airleak_nox,1031.4325048481694,4.2875105997805045,3.582546029857275,245.71599952140218
1050500.0,airleak_nox,854.8418294648078,1.7481152510537041,1.6393502478496538,184.25418795071604
1051000.0,airleak_nox,818.6433697209202,0.0,0.5081294693531748,192.90553559383244
1051500.0,airleak_nox,816.6609340044943,0.0,0.22097856849325193,172.25518924219497
1052000.0,airleak_nox,870.1405389575215,0.0,0.7604563955619743,165.29237583813813
1052500.0,airleak_nox,791.7576369933612,0.0,0.7420122015940049,235.9737606028949
1053000.0,airleak_nox,798.6093529158471,0.0,3.192242753192918,192.76679222751144
1053500.0,airleak_nox,806.8288157812864,0.0,1.6424727358165814,202.92102774441165
1054000.0,airleak_nox,839.9373560174427,0.0,1.5379804380714834,211.89770764796188
1054500.0,airleak_nox,717.3811765206646,0.0,1.2077961356294509,143.3519130431393
1055000.0,airleak_nox,1012.5178025307,4.095886807925841,1.9887701775360955,218.28664875076308
1055500.0,airleak_nox,981.5036516218032,5.8743978584766525,1.345885412199697,242.13659556143384
1056000.0,airleak_nox,1109.8315503584608,7.010997574841093,2.360026174133409,242.55802723849666
1056500.0,airleak_nox,919.0136192953049,5.834677499618126,1.2608235737227316,230.52755033170473
1057000.0,airleak_nox,849.6575083912385,3.7672527230778865,1.9437096264410545,199.5001285832734
1057500.0,airleak_nox,677.2873373782459,2.489980331903415,1.3566524191828684,231.89861982190862
1058000.0,airleak_nox,734.1002382825731,1.497754898695918,0.7280215959886257,210.5759113170008
1058500.0,airleak_nox,813.3586531129445,3.0733296808650388,1.635031393774882,235.16538154192563
1059000.0,airleak_nox,944.7230411509657,4.212609664298981,1.976737431510038,294.5331252132299
1059500.0,airleak_nox,1060.57492506095,6.005538614371518,0.3401758372195689,258.23498363557866
1060000.0,airleak_nox,1043.553646388637,6.440178460786068,1.4269157199080331,251.45419611856732
1060500.0,airleak_nox,806.4025266153445,0.0,1.5814027087835403,214.9303785667225
1061000.0,airleak_nox,747.6320744859833,0.0,-0.025177331214020215,182.8836170750568
1061500.0,airleak_nox,790.2630368819028,0.0,1.3848136703601144,227.80569794284926
1062000.0,airleak_nox,880.9120593131555,1.0893779249710673,2.7945823078279903,235.5812749995686
1062500.0,airleak_nox,913.5817132525584,2.087402797305666,1.813761386064031,189.23626988288711
1063000.0,airleak_nox,972.6191969270578,1.9212037825489212,0.8309556013065473,173.10313417124132
1063500.0,airleak_nox,906.6874946269506,1.4946802976802287,0.9968966609425791,177.71315333584886
1064000.0,airleak_nox,694.7364017155857,0.0,0.539273437395674,176.57903605666039
1064500.0,airleak_nox,699.7723611867646,0.06901759475799739,0.2949693528473736,169.7877572834914
1065000.0,airleak_nox,750.0898922527464,0.487631753399502,0.7480297653196997,170.51457889915815
1065500.0,airleak_nox,729.2569847077775,1.7947319488682039,0.494044888640615,196.71964094569176
1066000.0,airleak_nox,842.3053381927089,3.6561052835444916,2.494057411335702,189.05584494617713
1066500.0,airleak_nox,898.6453893629492,4.117154940135983,1.0190309022427506,197.91265940112626
1067000.0,airleak_nox,803.7195493018712,3.0407562761710465,2.2231294601023044,211.8154618391246
1067500.0,airleak_nox,786.7355235482436,2.696236300426847,-0.7744992242929678,180.39505200080032
1068000.0,airleak_nox,637.9388209936056,2.030564821736411,1.2732111544636837,175.6176669431383
1068500.0,airleak_nox,725.0122393592161,1.8428574917621359,2.438192736698363,189.8869943499404
1069000.0,airleak_nox,744.2904300455731,1.8456388089908398,0.8691882449035061,204.8326313456686
1069500.0,airleak_nox,719.600628964183,0.27996988948063056,2.115036837671923,211.21191791598488
1070000.0,airleak_nox,750.7699085223431,0.0,0.4507256956552106,233.2540610382489
1070500.0,airleak_nox,658.1694309576285,0.0,0.9521679565064816,170.45149754443105
1071000.0,airleak_nox,875.7668909240084,0.0,1.1726522703880335,235.17607124126755
1071500.0,airleak_nox,770.421331163924,0.0,2.967532386841812,201.53006070509338
1072000.0,airleak_nox,769.8411007847615,0.0,2.18084388375585,200.25403535814087
1072500.0,airleak_nox,801.7345286095616,0.0,0.574057755969865,233.39913736551065
1073000.0,airleak_nox,826.5445653236994,0.0,0.17058126660129824,254.89529340690828
1073500.0,airleak_nox,797.3497276855769,0.0,1.1185266520972565,200.62786303791114
1074000.0,airleak_nox,724.010784504132,0.0,2.294255602852239,221.35628406716742
1074500.0,airleak_nox,777.955784879411,0.0,1.2872163098297482,177.3452847446725
1075000.0,airleak_nox,750.5858956933241,0.0,2.294665571319766,190.84093292614926
1075500.0,airleak_nox,627.3901413000787,0.0,-0.0828796487537975,189.55860999033408
1076000.0,airleak_nox,610.0796454668566,0.0,-0.25668730611447055,181.87427787612944
1076500.0,airleak_nox,608.2705580101612,0.0,0.3608668234556871,176.90927447359255
1077000.0,airleak_nox,600.0,0.0,1.4620075568699038,157.58642833002378
1077500.0,airleak_nox,600.0,0.0,2.0322751316823333,160.02308754887386
1078000.0,airleak_nox,600.0,0.0,4.197272338079524,147.97256124523602
1078500.0,airleak_nox,600.0,0.0,1.386944040451533,136.1151194376671
1079000.0,airleak_nox,668.1995474202874,0.0,0.5913098622895168,196.53047620895893
1079500.0,airleak_nox,684.2894470523843,0.0,2.1071221910182105,178.1871489233951
1080000.0,airleak_nox,783.0649440454595,0.7121818749214601,1.7560394150480567,219.97160522596613
1080500.0,airleak_nox,826.1800737628546,1.4471390306621046,2.6235702301405306,221.54464555870376
1081000.0,airleak_nox,912.1255252868202,2.4059390296048977,1.5218142323958612,202.97835480243822
1081500.0,airleak_nox,1043.4435435172245,4.21740101018,1.7336080346312315,261.23161201859807
1082000.0,airleak_nox,1186.228018729852,5.566316405472914,0.6946318450694062,243.6608757370354
1082500.0,airleak_nox,1096.7864142288993,5.405276601022627,-0.08971584594068438,250.01379500481818
1083000.0,airleak_nox,1023.9633076318015,4.084930154786647,0.7375227481844913,250.479643433508
1083500.0,airleak_nox,864.0947503679257,1.4404654599901698,1.3245509661142705,222.77502632006752
1084000.0,airleak_nox,733.3339935586166,0.0,0.48906094294654423,227.40908009060885
1084500.0,airleak_nox,706.4690503060443,0.0,1.5576008313673884,239.83149406474723
1085000.0,airleak_nox,1185.5169319183456,7.641640963680837,1.3415228034786095,281.73445809115896
1085500.0,airleak_nox,1190.0403670396072,7.968,1.1229294568243255,239.72785792110506
1086000.0,airleak_nox,1185.4491588936612,7.968,1.145558980320082,276.23826723487394
1086500.0,airleak_nox,1124.9834932459512,7.968,2.3792831370468495,241.01190302081625
1087000.0,airleak_nox,1069.1625859356006,7.968,0.780720233777884,221.12552195625148
1087500.0,airleak_nox,1164.39097053208,7.968,-0.9391699305040961,207.15850507028557
1088000.0,airleak_nox,1142.1675767510144,7.968,1.474112165215363,239.95002050387978
1088500.0,airleak_nox,1214.8827906222427,7.968,0.8024033873314391,215.6208353019115
1089000.0,airleak_nox,1187.7079970317852,7.968,2.485054795454138,237.658151558076
1089500.0,airleak_nox,1175.128452302879,7.6333231428882735,0.10637386822620121,242.8253967210635
1090000.0,airleak_nox,1038.6642160744534,5.253672235898218,1.8266539646264173,230.0908597887071
1090500.0,airleak_nox,737.9370498248052,0.021546196039555997,0.46355116823318177,188.33246338507993
1091000.0,airleak_nox,817.9120076292241,0.0,-0.7558349426494493,225.32705182453617
1091500.0,airleak_nox,827.2343879570562,0.0,-0.3732816697971355,206.53972753604307
1092000.0,airleak_nox,805.3600312392743,0.0,1.3744502301366253,171.81907969195424
1092500.0,airleak_nox,807.5873101287866,0.0,1.808348775134158,203.06220006736797
1093000.0,airleak_nox,843.3545892555347,0.0,0.9679152650963425,203.14302900044984
1093500.0,airleak_nox,738.4927415127341,0.0,0.2969190274652651,215.07241088822914
1094000.0,airleak_nox,752.7870911929684,0.0,1.5177940779381802,231.49060447915818
1094500.0,airleak_nox,743.9122287318714,0.0,1.6548544942064738,242.09108922462295
1095000.0,airleak_nox,692.1707506833056,0.0,1.9438622509031034,223.647591427683
1095500.0,airleak_nox,641.2424107616772,0.0,0.8035636267491801,227.75125795297595
1096000.0,airleak_nox,638.8956650360901,0.0,0.34446720563068745,216.04208551067865
1096500.0,airleak_nox,631.3613990057254,0.0,-0.11924656416831247,208.0695271908118
1097000.0,airleak_nox,600.0,0.0,-0.008700057806803052,201.78631625224583
1097500.0,airleak_nox,600.0,0.0,1.5748633220274975,183.3919233074528
1098000.0,airleak_nox,600.0,0.0,0.322649401290969,189.41560467800974
1098500.0,airleak_nox,600.0,0.409559356824303,1.3418835194534338,215.25104660486113
1099000.0,airleak_nox,887.5314561356505,2.8591902002486775,3.953865352693531,190.01343906878446
1099500.0,airleak_nox,883.0521561685506,3.258433505809028,2.113618961349854,230.51443633030158
1100000.0,airleak_nox,887.1441692322514,3.04786980888747,1.7855473698004736,193.91206336671289
1100500.0,airleak_nox,920.2206888940831,2.5314805233366817,2.6675509878444874,249.6885724786694
1101000.0,airleak_nox,1013.3774622988756,2.317652367242354,1.510123015933322,204.78063745599238
1101500.0,airleak_nox,1068.8207343272043,3.3358157919124034,0.3352357818784708,251.87497408396297
1102000.0,airleak_nox,1017.8127372120892,3.5993852635918886,1.8898908268452894,209.01337532152138
1102500.0,airleak_nox,1003.126622024703,2.514777745403909,1.7848019316056423,197.2725824755155
1103000.0,airleak_nox,914.9686393012503,0.9778957094097024,0.3147101276689659,221.34044951164165
1103500.0,airleak_nox,851.5676282644664,0.0,1.9623193547861488,197.66697668875088
1104000.0,airleak_nox,833.5742848175599,0.0,3.194284518119364,194.0441622038122
1104500.0,airleak_nox,667.5145739432079,0.0,0.7195524478562629,203.46218513283563
1105000.0,airleak_nox,712.2210362839174,0.0,-0.3411664062155748,193.8547611513978
1105500.0,airleak_nox,737.5823991649366,1.985485795595382,0.7163654827978334,217.6133700816968
1106000.0,airleak_nox,703.2362569248809,1.8553136981662686,1.011797670477101,225.32659829924626
1106500.0,airleak_nox,739.3569511150813,1.0947640486067545,1.5849593036046972,211.75769439734887
1107000.0,airleak_nox,600.0,0.0,-0.0649089493207533,232.55315220725439
1107500.0,airleak_nox,600.0,0.0,1.7000238046365443,205.44108539264622
1108000.0,airleak_nox,600.0,0.0,0.6971125795569267,187.87265624217744
1108500.0,airleak_nox,600.0,0.0,-0.29417518077469174,214.46676443716774
1109000.0,airleak_nox,644.1584023843136,0.0,1.1892037248821108,215.6628365618724
1109500.0,airleak_nox,694.3935573098812,0.0,2.1837746380125527,218.3941593341335
1110000.0,airleak_nox,748.9023623751227,0.0,0.8608476218431104,216.68382652241874
1110500.0,airleak_nox,720.2351147011734,0.0,0.8474960618658196,146.245788489814
1111000.0,airleak_nox,784.286183556996,0.0,1.150195340961104,185.55795627173114
1111500.0,airleak_nox,790.8328701545942,0.0,2.0009543207030744,161.44833896961342
1112000.0,airleak_nox,844.2703788286987,0.0,2.478532275164598,179.92833044748224
1112500.0,airleak_nox,863.3502933645348,0.0,0.1865237299085254,194.64938015403544
1113000.0,airleak_nox,826.6365152165449,0.0,1.7829200639685987,186.93241609696042
1113500.0,airleak_nox,862.0928736982953,0.5300965922736488,0.5224700781806275,207.31834812799207
1114000.0,airleak_nox,743.3499653832745,0.1372020000927181,0.18991674227938193,220.3009544938872
1114500.0,airleak_nox,763.4945982953667,0.0,1.2371128073914919,164.88795388567758
1115000.0,airleak_nox,1150.3747679106853,7.968,1.1223334795045063,251.94958239824967
1115500.0,airleak_nox,1132.4939969550167,7.968,1.7644593835099927,251.49712869409746
1116000.0,airleak_nox,1178.5590675506658,7.968,2.3470965359718843,278.16057362535344
1116500.0,airleak_nox,1005.625613094142,6.5811245262517835,2.5128228465811793,232.8338406596954
1117000.0,airleak_nox,997.8215115153831,5.500531963961535,1.4285358170338605,242.18721939749094
1117500.0,airleak_nox,951.7396190649928,5.924260678906741,0.01620566280429725,245.51922709028514
1118000.0,airleak_nox,1129.674013594274,7.702034663475255,2.9172419076982106,278.83684582703046
1118500.0,airleak_nox,1169.0952852600599,7.968,1.1560959461212914,274.43407751102905
1119000.0,airleak_nox,1179.4050622010548,7.968,1.1141581641758496,278.5197959780823
1119500.0,airleak_nox,1210.695329969067,7.968,-1.79370570863433,229.62072469300398
1120000.0,airleak_nox,1270.6796896146504,7.968,1.0297362334972977,303.3288422368674
1120500.0,airleak_nox,960.5161181413534,3.4587712740549015,0.5045892337826973,263.3981199281396
1121000.0,airleak_nox,957.4139317614472,3.683214899465345,0.15417650768457625,267.24514336516074
1121500.0,airleak_nox,1054.6307638966011,4.0630164784181195,2.490851221294076,223.77110169211272
1122000.0,airleak_nox,1067.3392387281124,3.5511399443587055,1.8102843707497842,210.9877866361309
1122500.0,airleak_nox,958.5134162219683,1.8853704066905503,1.234132710261212,255.76204952362417
1123000.0,airleak_nox,775.7730076468889,0.0,1.1906188934789572,183.42351777010643
1123500.0,airleak_nox,830.3229132599421,0.0,1.9726447218556546,152.7986668076868
1124000.0,airleak_nox,760.4251381553546,0.0,0.9025561609860355,198.15498948910104
1124500.0,airleak_nox,757.4004662252873,0.0,1.4897681095434452,158.6357821114118
1125000.0,airleak_nox,724.3324342110731,0.0,0.547248793111193,156.70554760150176
1125500.0,airleak_nox,689.4797527897543,0.0,0.5225212589840637,152.53446027046922
1126000.0,airleak_nox,617.2566471823642,0.0,1.1052562485913346,185.0365173680264
1126500.0,airleak_nox,600.0,0.0,1.357135969435989,177.87269844382686
1127000.0,airleak_nox,600.0,0.0,2.0621942633110275,153.01055403231442
1127500.0,airleak_nox,604.312250842453,0.0,0.4716193176982313,163.80450612561827
1128000.0,airleak_nox,615.349709255792,0.0,0.6011681070599181,189.49267268293892
1128500.0,airleak_nox,624.5147276939672,0.0,0.985506444334456,175.6171394624897
1129000.0,airleak_nox,623.6351903108639,0.0,0.1571942183168913,189.59659482842565
1129500.0,airleak_nox,642.8685908731157,0.0,1.3250987547672342,180.76001230118203
1130000.0,airleak_nox,612.1178111069556,0.0,2.501001631282381,210.5890011088882
1130500.0,airleak_nox,776.1626920721732,0.0,2.5928609240967266,199.350621005774
1131000.0,airleak_nox,752.6367462499211,0.0,0.8792182804942469,208.95048729472757
1131500.0,airleak_nox,802.1704637240136,0.0,1.594795571980209,218.71448392238906
1132000.0,airleak_nox,803.579691399888,0.0,-0.7114334559263176,176.6405662548525
1132500.0,airleak_nox,801.0876698971574,0.0,1.4952425260115574,230.93195925868747
1133000.0,airleak_nox,772.9500112965567,0.0,0.8597399877726033,246.8265003799462
1133500.0,airleak_nox,780.9895859230987,0.0,1.410457478806741,204.00900281964076
1134000.0,airleak_nox,729.3709544773548,0.0,0.21273816815647462,206.8224066765557
1134500.0,airleak_nox,712.6881839193577,0.2860818837294889,0.799736383748809,193.03679170294706
1135000.0,airleak_nox,732.5342604529613,0.6426577984149442,0.1438389900965189,194.94766365031398
1135500.0,airleak_nox,740.730189843979,1.0688532381560547,1.0097469961079923,189.39110749137876
1136000.0,airleak_nox,634.4842019319253,0.33731657616382443,2.277331362627445,187.47482573185425
1136500.0,airleak_nox,651.9087052770457,0.0,1.7093418866011114,222.02045638750073
1137000.0,airleak_nox,600.0,0.1617548082967947,1.150980003805037,167.69745868883837
1137500.0,airleak_nox,624.8478883967686,1.0470891173125216,0.13999893290583687,207.80086918694016
1138000.0,airleak_nox,808.0951662711188,3.350914463642483,1.1710132276483045,182.52475956306589
1138500.0,airleak_nox,984.9443501686484,5.465519199798343,0.4774831722109554,238.24505673188142
1139000.0,airleak_nox,1007.3898840759188,5.865303432214749,1.7700424872322227,218.74029005612783
1139500.0,airleak_nox,889.9047179093146,4.419618743658574,0.3109348901250253,208.02049768001348
1140000.0,airleak_nox,801.4645303797075,2.235991301088112,0.9505855515441923,227.9976607036626
1140500.0,airleak_nox,779.2566703572303,0.388185118015283,0.4835114950949949,229.89061386672856
1141000.0,airleak_nox,818.8343319875992,0.0,-0.17566121519852929,195.4340874683993
1141500.0,airleak_nox,745.2446959233393,0.0,0.645685707086424,191.8223113556014
1142000.0,airleak_nox,804.1199353873151,0.0,0.5458515770146081,215.97385964047817
1142500.0,airleak_nox,863.809492813493,0.0,1.2522190532474275,223.43186544587687
1143000.0,airleak_nox,820.2661159909604,0.0,-0.11900444906364238,245.02459159438686
1143500.0,airleak_nox,795.8911581401608,0.0,0.3276361496333945,233.54591343954638
1144000.0,airleak_nox,766.4372009502405,0.0,1.0118954865933625,246.83347043411155
1144500.0,airleak_nox,724.1493741462973,0.0,0.37301847948267,216.7599639524472
1145000.0,airleak_nox,1117.2891508717253,6.620922700288631,1.8973324633296762,263.99802169955575
1145500.0,airleak_nox,1185.1099843452043,7.968,-0.3093333272498555,232.55550831783617
1146000.0,airleak_nox,1077.6885884083633,6.563454584622382,1.0489532487461752,226.6184545574229
1146500.0,airleak_nox,1014.011765303472,5.730018072515404,1.8256419611781358,211.55093407960172
1147000.0,airleak_nox,874.2328011124447,4.905859011908827,2.5413181740963506,196.53360654197562
1147500.0,airleak_nox,901.7302074072722,4.521397177248636,0.6285365297057861,216.02944318585295
1148000.0,airleak_nox,843.0390179449957,4.116727052872775,2.9528031861379445,185.97591334309323
1148500.0,airleak_nox,889.6347873182214,3.9146905103657805,0.9973741247943878,208.2047771214888
1149000.0,airleak_nox,750.4950151184621,2.982161845779363,2.0787278681704215,203.13821636411905
1149500.0,airleak_nox,763.3991470423828,1.6843674706995988,0.7175992825655203,206.36957964824273
1150000.0,airleak_nox,832.0119665283053,1.6211385258241215,0.6631175569916671,221.40372466101613
1150500.0,airleak_nox,695.1242069237703,0.0,2.378117322472775,180.12597999325854
1151000.0,airleak_nox,795.0733348081028,0.0,3.014594120069731,235.987755131591
1151500.0,airleak_nox,715.2851939318433,0.0643545519083972,2.40887728987687,173.70257153428793
1152000.0,airleak_nox,955.1472028592095,2.7529908962489147,1.0366462500311688,221.04457260097064
1152500.0,airleak_nox,1047.9747648477926,2.918756685821581,0.8445014067181061,218.8620184933694
1153000.0,airleak_nox,1074.3506148227711,3.7545143166703308,0.988623413902575,261.26073253508275
1153500.0,airleak_nox,964.8945724694588,3.194460995348764,1.4923131957013502,236.40675003868756
1154000.0,airleak_nox,914.5813311524769,3.495676244301903,1.7986691099182615,224.53387578609218
1154500.0,airleak_nox,907.0500341881346,3.4972789116792278,0.6733695200272515,236.27271155793306
1155000.0,airleak_nox,935.0891140277461,3.4701166417549505,1.2471236675178854,229.37457496390306
1155500.0,airleak_nox,863.674168572002,2.3305014888446673,0.6402426481750373,235.55680164236134
1156000.0,airleak_nox,644.7284002904433,0.6290447742777183,1.520852351641559,218.57739818696075
1156500.0,airleak_nox,600.0,0.0,1.499974615023172,191.59276309047686
1157000.0,airleak_nox,600.0,0.0,1.5204382852059821,182.87302285520798
1157500.0,airleak_nox,600.0,0.0,2.1179756825316463,204.3244296277503
1158000.0,airleak_nox,703.3744453458285,1.3737221993892823,-0.30567267685932054,189.8264622078389
1158500.0,airleak_nox,761.2615335977473,2.2039972126109975,3.338120243308437,201.38782549837256
1159000.0,airleak_nox,747.7595194258544,2.208934827061722,0.08626245321559955,184.52509366574589
1159500.0,airleak_nox,674.7471871806803,0.37190472270758806,0.45644768347577136,180.63823082480357
1160000.0,airleak_nox,666.0163868294788,0.0,1.7908651362175332,187.94103920111692
1160500.0,airleak_nox,683.0200057202362,0.0,-0.46504279663764025,169.0219102029339
1161000.0,airleak_nox,777.9071752382931,0.0,1.6912237380569957,160.26541834965906
1161500.0,airleak_nox,826.8230691275583,0.0,2.208624596590786,195.61864768419014
1162000.0,airleak_nox,802.7201224093419,0.0,0.6390052520447964,193.3555529331367
1162500.0,airleak_nox,813.6245050118374,0.20698661167748403,0.8151105426509067,176.01207051871626
1163000.0,airleak_nox,767.4510457191109,0.05978044875899979,0.5557717019915133,201.62215658200563
1163500.0,airleak_nox,815.5186836060597,0.0,1.2173155802760263,180.89485477580044
1164000.0,airleak_nox,765.1055078597919,0.0,1.1985890841820075,190.52678780443807
1164500.0,airleak_nox,756.2544861158846,0.0,1.6458703007598654,209.0525599041536
1165000.0,airleak_nox,686.4136215871383,0.0,0.6908128343087994,216.21522961455264
1165500.0,airleak_nox,665.953204096514,0.0,-0.39502864802110027,207.19449012906784
1166000.0,airleak_nox,600.0,0.0,1.5165642424938386,219.40357196377127
1166500.0,airleak_nox,616.0467212154382,0.0,1.259584570873539,228.22415503994904
1167000.0,airleak_nox,660.2822603393386,0.0,1.1654977381836074,228.78061564307387
1167500.0,airleak_nox,600.0,0.0,-0.13192400702810425,234.3688326056942
1168000.0,airleak_nox,600.0,0.0,1.1396557064967008,206.64805678369228
1168500.0,airleak_nox,600.0,0.0,0.8708891427838652,189.03414518491832
1169000.0,airleak_nox,620.2796790545633,0.10945966305072714,0.3840443260477945,207.85565342496758
1169500.0,airleak_nox,656.7038609277225,0.0,1.436228922843436,224.3020518938137
1170000.0,airleak_nox,727.4084086762836,0.0010183034317354537,1.6068328286826,215.24588320961118
1170500.0,airleak_nox,823.4740222312054,0.44245543939801674,-0.1857170290225294,206.6476357126528
1171000.0,airleak_nox,962.3571860561196,2.965365085970443,1.154973461741267,199.01708361029807
1171500.0,airleak_nox,1081.3808290396034,4.608035224771313,2.131420569139773,185.18784186185192
1172000.0,airleak_nox,1166.1900999754232,5.138807989461037,0.5666955426839558,259.119918963338
1172500.0,airleak_nox,1030.206638540893,3.6922600221202044,1.5746761570847103,236.96475197091203
1173000.0,airleak_nox,989.8576071074815,2.1959601132525837,1.5928199431970456,175.3739958252259
1173500.0,airleak_nox,788.4584101001735,0.9121884445217688,-0.2384444822245988,220.57252471886545
1174000.0,airleak_nox,810.5851956228432,0.8574974881018484,0.8646787269804704,180.3428201475166
1174500.0,airleak_nox,799.6292558381363,0.783895708308521,1.6734769950803798,183.83313492316842
1175000.0,airleak_nox,1236.7155612924378,7.968,1.8583360213683668,288.89141808681586
1175500.0,airleak_nox,1121.9463761812751,7.968,1.2976719512016655,257.87885072065666
1176000.0,airleak_nox,1171.579503460064,7.749687782776969,2.714892663603141,239.20127402028044
1176500.0,airleak_nox,1116.5865856978207,7.3412732842300565,1.29432898586996,287.3914720640704
1177000.0,airleak_nox,1113.649548003975,7.968,0.41260031836777944,254.61866476414397
1177500.0,airleak_nox,1065.5330494386,7.968,1.6601420017622497,238.60143933058947
1178000.0,airleak_nox,1074.5165727450628,7.968,1.4695114125693722,262.22190763035127
1178500.0,airleak_nox,1109.329010654137,7.968,1.3990054723585865,279.8231715934924
1179000.0,airleak_nox,1154.6961708106396,7.968,0.9888550629517427,258.48874299450284
1179500.0,airleak_nox,1107.9088905984192,7.238296962469902,-0.035224089812908144,250.85288837306285
1180000.0,airleak_nox,1070.1286140084553,4.939070279095774,0.991885201474404,252.08702951050347
1180500.0,airleak_nox,658.7983877258861,0.0,0.780485164574332,183.2912938228479
1181000.0,airleak_nox,816.0657359203178,0.0,3.646777039997398,173.32031188164922
1181500.0,airleak_nox,776.7354133460917,0.0,-0.40575022303354147,194.22132996505576
1182000.0,airleak_nox,790.4704424872713,0.0,1.4565753143796658,212.33408067283358
1182500.0,airleak_nox,840.8533273086919,0.0,1.1486246042139856,211.0142501997332
1183000.0,airleak_nox,827.7454893139835,0.0,1.1543342973940651,176.2876762949079
1183500.0,airleak_nox,795.5229730097303,0.0,1.4103537292692192,180.02850753798333
1184000.0,airleak_nox,794.6220703799997,0.0,0.5111238448054858,206.50214301488754
1184500.0,airleak_nox,659.5007356483707,0.0,2.4694973240541103,158.57680961651315
1185000.0,airleak_nox,739.1231299550541,0.0,2.3485013744809597,174.0193648599978
1185500.0,airleak_nox,603.3519377064432,0.6222747974035321,1.456945643501919,205.76457273451163
1186000.0,airleak_nox,600.0,0.0594452429414069,1.4249996708223311,184.62335139845618
1186500.0,airleak_nox,659.2912954361663,0.0,2.1666102244566856,188.09029824384265
1187000.0,airleak_nox,678.5661693726936,0.0,1.9355566427973427,183.48883977767343
1187500.0,airleak_nox,600.0,0.0,-0.7564906562982325,188.37162988639642
1188000.0,airleak_nox,619.6145207505493,0.0,2.145407241431565,201.16624424509237
1188500.0,airleak_nox,600.0,0.0,0.31733664607700984,205.70540881264063
1189000.0,airleak_nox,628.7447626452114,0.0,0.49210458518884737,220.07792927829587
1189500.0,airleak_nox,601.0282203917371,0.0,-0.19729934763893708,188.66578369743672
1190000.0,airleak_nox,702.1455496789248,0.0,0.4079171793930003,211.80920328087933
1190500.0,airleak_nox,782.4932862847409,0.9788276987169388,1.2124830137706462,225.5643801839738
1191000.0,airleak_nox,990.5534357438822,3.4787867992601966,0.5464810835472673,227.06359290648905
1191500.0,airleak_nox,1117.7209282242004,5.562584708453492,1.281859246011777,277.7968798178619
1192000.0,airleak_nox,1181.0424919097452,5.232303185986713,0.8248640344838298,261.8774496298039
1192500.0,airleak_nox,1083.004050283175,4.354224814694838,1.3772964055429116,259.01999365524256
1193000.0,airleak_nox,978.0962057046723,2.440669828767005,0.795988384129168,242.2902511375953
1193500.0,airleak_nox,974.7716984812733,1.7289749858264298,1.6527732910504913,258.5218707237656
1194000.0,airleak_nox,819.0270672699928,1.3927907145041043,0.2909266868673286,221.5550810965747
1194500.0,airleak_nox,807.6342991137257,0.8392851138343608,4.271600188781777,165.59299734158395
1195000.0,airleak_nox,675.0637504791243,0.12373085737521324,1.272582591065665,170.06893970752128
1195500.0,airleak_nox,705.1587248502501,0.0,1.314718567772323,187.6462577498571
1196000.0,airleak_nox,617.7176093857651,0.0,1.3203688981949084,181.55971525146805
1196500.0,airleak_nox,647.1895938409011,0.0,1.2926094945942335,199.7261498612712
1197000.0,airleak_nox,600.0,0.0,0.6142294623408093,178.58132279186353
1197500.0,airleak_nox,614.8208364628476,0.0,2.5378701038524296,194.84405954531417
1198000.0,airleak_nox,600.0,0.0,-0.17356049101290227,155.67628216283555
1198500.0,airleak_nox,600.0,0.0,1.8190798762481872,188.93391907265405
1199000.0,airleak_nox,649.0545830776564,0.0,1.7287662813225868,163.98484017415245
1199500.0,airleak_nox,677.1461431032661,0.0,1.037960745188073,192.4309061346118
