time (ms.),fault_label,RPM [RPM],PEDAL INPUT [%],MAF [g/s],NOx [ppm]
0.0,healthy,657.6787179918878,0.0,1.5,19.629509082083956
500.0,healthy,873.6345598526641,1.77372711834235,1.5,17.797744952927854
1000.0,healthy,837.9668797832553,1.993928585476001,1.5,15.547292889254408
1500.0,healthy,1047.550818581454,3.3642992832394705,1.5,22.388448884888316
2000.0,healthy,1059.2314376553798,3.7768112725331076,1.5,22.164688992931676
2500.0,healthy,1138.4700119402669,4.942824131698631,1.5,25.002631463261775
3000.0,healthy,1264.5176954852084,6.389251537862556,1.5,37.33226924718318
3500.0,healthy,1117.9973781481865,5.176653369943718,1.5,31.141153073732728
4000.0,healthy,920.6704104140747,3.103881998687732,1.5,12.542742354133807
4500.0,healthy,797.6172067637301,0.2819198504942303,1.5,10.509528269031016
5000.0,healthy,1245.0987757837543,6.8037428721307815,1.5,29.542952118720212
5500.0,healthy,1067.326635413079,5.94437746771479,1.5,27.34324839547442
6000.0,healthy,1138.0498397139368,7.006511021292141,1.8523047680579239,28.747835409235687
6500.0,healthy,1146.7206452306355,7.968,1.5,33.44238827841391
7000.0,healthy,1029.0589040917619,7.968,1.5,37.65802140061973
7500.0,healthy,1098.2074397338645,7.968,1.5,44.444813755014735
8000.0,healthy,1096.9680646288875,7.968,1.5,17.98584622675345
8500.0,healthy,1125.43024755361,7.856465488234788,1.5,40.34508227839484
9000.0,healthy,1138.3343241951459,7.968,1.5,36.057602115048454
9500.0,healthy,1152.6195057621167,7.968,1.5,36.12942906735001
10000.0,healthy,1229.5111238576853,7.968,1.5,24.347909146442763
10500.0,healthy,683.0879479427067,0.0,1.5,23.25868106933063
11000.0,healthy,749.6845946067236,0.0,1.5,30.57490442649167
11500.0,healthy,814.7888854188654,0.0,1.5,26.753274092451235
12000.0,healthy,866.6427989080202,0.0,1.5,23.412738144855762
12500.0,healthy,798.7323050511366,0.0,1.5,38.787076886376475
13000.0,healthy,862.626394172755,0.0,1.5,33.49731216347856
13500.0,healthy,857.0149184789266,0.0,1.5,32.09878135701162
14000.0,healthy,750.5017412316216,0.0,1.5,28.1140103008527
14500.0,healthy,730.5150039688008,0.0,1.5,37.09949000441574
15000.0,healthy,646.297380992333,0.0,1.5,29.43764541148485
15500.0,healthy,631.4287827179012,0.0,1.5,31.99499122949481
16000.0,healthy,646.0956695323106,0.0,1.5,26.83375356223709
16500.0,healthy,685.5726128452292,0.7495887385908861,1.5,31.64058598049938
17000.0,healthy,600.0,0.3901286234305776,1.5,24.2070515137811
17500.0,healthy,600.0,0.0,1.5,19.586681043473373
18000.0,healthy,600.0,0.0,1.5,12.509071606447213
18500.0,healthy,600.0,0.44238173528353264,1.5964808388231033,5.071806982379641
19000.0,healthy,609.9025922242154,0.0,1.5,7.651224435575706
19500.0,healthy,710.1133635719209,0.6886854068397643,1.5,30.079003205012878
20000.0,healthy,886.3885331467307,2.7422148390395984,1.5,25.794002645997207
20500.0,healthy,965.2079713750989,3.1280989703484368,1.5,32.21662706861231
21000.0,healthy,903.138887813275,2.0761452636355613,1.5,19.783287995280112
21500.0,healthy,916.4621866792047,2.0782803175398996,1.5,45.64547727268118
22000.0,healthy,930.9294431658877,2.437839480513819,1.5,30.58072545156469
22500.0,healthy,1098.678361116456,3.085451217249614,1.5,29.10453950064085
23000.0,healthy,1034.8752690615534,3.204501606528885,1.5,36.88277400574611
23500.0,healthy,980.3447839380424,2.35265871944295,1.5,20.08859788120737
24000.0,healthy,825.8391343807345,0.5143360924813051,1.6659185082749015,9.107348672187578
24500.0,healthy,691.3225125476141,0.0,1.5,33.44761084426818
25000.0,healthy,740.4096696549086,0.0,1.5,25.186082142674966
25500.0,healthy,660.1999523521519,0.0,1.5,24.497135631832222
26000.0,healthy,600.0,0.15211513853358152,1.5,39.93878167945067
26500.0,healthy,644.0071606111926,0.0,1.5,10.557897665882322
27000.0,healthy,600.0,0.0,1.5,23.905524585235895
27500.0,healthy,600.0,0.0,1.5,15.84966685755834
28000.0,healthy,611.6509169427231,0.0,1.5,39.80389197903442
28500.0,healthy,600.0,0.0,1.5,15.113024971473905
29000.0,healthy,600.0,0.0,1.5,24.224657762456115
29500.0,healthy,630.6471208502285,0.0,1.5,30.21248658983923
30000.0,healthy,691.3805450345178,0.0,1.5,21.127985588345563
30500.0,healthy,726.7834372053242,0.0,1.5,9.012598190103676
31000.0,healthy,768.4289938110121,0.0,1.5,11.263375212278282
31500.0,healthy,795.0555826331881,0.0,1.5,24.74358598353116
32000.0,healthy,829.650175973049,0.0,1.5,33.49310001048964
32500.0,healthy,817.1467372933535,0.0,1.5,28.019036248280283
33000.0,healthy,800.900933793875,0.0,1.5,37.08301414001596
33500.0,healthy,780.7631273281056,0.0,1.5,30.22929651908923
34000.0,healthy,797.1173936359143,0.0,1.5,31.071691178653285
34500.0,healthy,737.1618114969834,0.03356262887542768,1.5,34.23008482535438
35000.0,healthy,1191.3981593242788,7.968,1.5,31.3240575161616
35500.0,healthy,1206.9467621094493,7.968,1.5,29.38473217360603
36000.0,healthy,1083.2271317427878,7.968,1.5,31.58599993188564
36500.0,healthy,1084.327870527198,7.968,1.5,23.857015169087358
37000.0,healthy,1096.2375838443495,7.968,1.5,26.52737873743201
37500.0,healthy,953.6163907530989,6.78800219083499,1.5,26.954028273752982
38000.0,healthy,935.2032823141354,5.730196413002417,1.5,12.629804600935959
38500.0,healthy,1010.0473255168548,6.749783537859604,1.5,29.166555028096223
39000.0,healthy,1131.2690294194142,7.968,1.5,37.05820846161914
39500.0,healthy,1122.7013329655476,7.968,1.5,42.001531212832745
40000.0,healthy,1207.3785363529973,7.968,1.5,14.822939996686785
40500.0,healthy,1095.782647485226,4.815808673822843,1.5,24.225853737487185
41000.0,healthy,962.0923387967919,4.025400743427019,1.5,31.82542389314606
41500.0,healthy,1018.9526320512189,3.5388741045753647,1.7266555809500534,39.692535957861814
42000.0,healthy,1015.5175562615132,3.6868419819206193,1.5,35.10551215624161
42500.0,healthy,997.2514607957178,3.4518181983160865,1.5,25.96545613107031
43000.0,healthy,1000.3388383185552,2.6495548601374086,1.5,33.73654469811133
43500.0,healthy,772.8159787629647,0.0107110958648981,1.5,23.129072490895943
44000.0,healthy,792.2457864326099,0.0,1.5,5.367801526642506
44500.0,healthy,730.2786844369581,0.0,1.5,11.967874234863102
45000.0,healthy,756.0758303219636,0.0,1.5,29.965562093869146
45500.0,healthy,668.3819488806892,0.0,1.5,26.16869527199098
46000.0,healthy,620.7838305510134,0.0,1.5,19.35944408527858
46500.0,healthy,600.0,0.0,1.5,20.22173107241317
47000.0,healthy,653.1166221374872,0.0,1.5,42.68898749334528
47500.0,healthy,600.0,0.0,1.5,18.739260972501956
48000.0,healthy,600.0,0.0,1.5,27.506827259929537
48500.0,healthy,607.902177727474,0.0,1.5,28.585192456469454
49000.0,healthy,600.0,0.0,1.5,22.092381324667286
49500.0,healthy,641.3614452701222,0.0,1.5,11.969729070751434
50000.0,healthy,690.664058915334,0.0,1.5,22.26093382593843
50500.0,healthy,785.0932664039327,0.016892326966235983,1.5,28.453400880168857
51000.0,healthy,700.2634641232006,0.0,1.5,30.920179460579995
51500.0,healthy,828.1017797935463,0.0,1.5,21.81648958209682
52000.0,healthy,821.3078414116592,0.0,1.5,8.053910471991678
52500.0,healthy,843.5990858912453,0.0,1.5,26.652266506443535
53000.0,healthy,770.4899434238132,0.0,1.5,9.053506213565555
53500.0,healthy,833.3348059472528,0.0,1.5,25.535919392755588
54000.0,healthy,775.122369271922,0.33109922926594043,1.5,25.270306213728226
54500.0,healthy,730.4248943947965,0.0,1.5,17.175736625588005
55000.0,healthy,752.7684655134896,0.5526334986290169,1.5,33.3454796814546
55500.0,healthy,766.6627676869438,2.3611655817760893,1.5,24.73187019747577
56000.0,healthy,767.7532978315596,3.005085636210947,1.5,34.050412379098404
56500.0,healthy,781.1668831188321,2.430023025989176,1.5,35.447624279020665
57000.0,healthy,719.2566478727433,1.8436114201755944,1.5,20.561545511843573
57500.0,healthy,600.0,0.288649829945839,1.5,28.525241369132583
58000.0,healthy,634.2684559614627,0.27872484579365825,1.5,19.24417037528078
58500.0,healthy,727.2675575057802,1.8110206290701012,1.5,31.27080298960432
59000.0,healthy,864.704103586001,3.235880661444308,1.5,29.723516370333385
59500.0,healthy,910.5742368644145,3.858347216981495,1.5,18.909431411868596
60000.0,healthy,942.628760057881,3.8682586077850183,1.5,27.700783634095817
60500.0,healthy,954.0989628543522,2.544528484469811,1.5,30.880680370835844
61000.0,healthy,869.3615268681199,0.23652333785045324,1.5,16.972716624949697
61500.0,healthy,818.1027786589545,0.0,1.5,22.475109219808807
62000.0,healthy,789.7845162176894,0.0,1.5,36.81230371694898
62500.0,healthy,832.4034983454821,0.0,1.5,25.046796646424355
63000.0,healthy,770.4268231234672,0.0,1.5,33.433691930821716
63500.0,healthy,758.9550896604007,0.0,1.5,27.168284203315146
64000.0,healthy,806.385205594413,0.0,1.5,33.10771212664394
64500.0,healthy,740.3614080510904,0.0,1.5,5.0
65000.0,healthy,922.7355331956865,3.0120113800729555,1.5,23.71659240504634
65500.0,healthy,938.9558310846979,5.1841095672478,1.5,29.138509943085943
66000.0,healthy,1050.1221889098267,6.399646832099431,1.5,21.632318612737052
66500.0,healthy,1102.1003119869156,7.616129977240986,1.5,28.496578060262713
67000.0,healthy,1008.888601789251,6.977559098128385,1.5,29.513887460114937
67500.0,healthy,860.853443773506,5.057002302027686,1.5,38.102597395717616
68000.0,healthy,805.8702780196485,4.241475305101427,1.5,32.414187807202865
68500.0,healthy,865.3872542948652,4.528156563464033,1.5,22.36505372431822
69000.0,healthy,946.1738807318595,4.345623975004338,1.5,21.079377032414058
69500.0,healthy,978.7822482186507,3.8454948944627882,1.5,37.63040724287936
70000.0,healthy,937.4191723161015,3.4546127527752226,1.5,19.994527942048812
70500.0,healthy,719.045170205792,0.0,1.5,16.98188260951941
71000.0,healthy,762.8736589416591,0.0,1.5,18.295032991241982
71500.0,healthy,787.7631935057606,0.0,1.5,29.267097899352606
72000.0,healthy,827.7444534442803,0.0,1.5,28.695766862407524
72500.0,healthy,983.2440664245111,2.6508212029470974,1.5,30.17435344583538
73000.0,healthy,1116.9477815152538,4.743349490656319,1.5,30.249820932932824
73500.0,healthy,1167.9535517448735,5.036471073774118,1.5,26.757544373114314
74000.0,healthy,1056.7510971380127,4.951041535567462,1.5,16.681535912524758
74500.0,healthy,974.3161462973483,3.860042882252792,1.5,35.64329892872661
75000.0,healthy,941.3713156131364,3.6427903779424398,1.5,22.503596198340148
75500.0,healthy,861.0877784176831,3.1223055608017645,1.5,35.15143594665161
76000.0,healthy,802.8796097593134,2.4889310768919883,1.5,27.74522892814855
76500.0,healthy,684.348295864327,1.0248041496257647,1.5,23.531320882668695
77000.0,healthy,600.0,0.0,1.5,21.360314820117907
77500.0,healthy,600.0,0.0,1.5,27.06710570107941
78000.0,healthy,600.0,0.0,1.5,18.689215179646546
78500.0,healthy,677.8630365825351,0.0,1.5,22.758801572758205
79000.0,healthy,646.8092248317969,0.7191679515487679,1.5,32.42526760779417
79500.0,healthy,782.2942709587664,1.5914104591842695,1.5,36.65513519219003
80000.0,healthy,770.4260139491819,1.1332650586898003,1.5,24.52717103893881
80500.0,healthy,718.0080496712004,0.047079569182539006,1.5,39.80530268687557
81000.0,healthy,789.4462284580627,0.0,1.5,46.67886471398566
81500.0,healthy,757.2053463960008,0.1482620708178027,1.5,15.443953575207512
82000.0,healthy,816.0634912245469,0.1048843356694744,1.5,31.072563985336036
82500.0,healthy,837.1109362307662,0.0,1.5,17.26520810220843
83000.0,healthy,834.0625029549492,0.0,1.5,20.367603128803083
83500.0,healthy,807.0682353252562,0.0,1.5,29.93852147381088
84000.0,healthy,783.3605570292855,0.0,1.5,35.39331588938515
84500.0,healthy,719.3230987875536,0.0,1.5,23.753343323581117
85000.0,healthy,720.166505008117,0.0,1.5,34.369724225075174
85500.0,healthy,657.3541864926244,0.0,1.5,8.393032188324758
86000.0,healthy,600.0,0.0,1.5,25.137863238917358
86500.0,healthy,600.0,0.0,1.5,17.132319050483215
87000.0,healthy,600.0,0.0,1.5,25.724245469663934
87500.0,healthy,600.0,0.0,1.657725643643015,22.70106919691647
88000.0,healthy,600.0,0.0,1.5,24.11826896849327
88500.0,healthy,600.0,0.0,1.5,30.150124191086185
89000.0,healthy,617.0285329526367,0.0,1.5,34.074491435866
89500.0,healthy,676.48125720003,0.0,1.5,20.67216453274783
90000.0,healthy,673.7853896271114,0.0,1.5,32.29277476985305
90500.0,healthy,737.020470605201,0.0,1.5,30.796558502828027
91000.0,healthy,719.7218193416569,0.0,1.5,34.84591565939711
91500.0,healthy,839.3645959340176,1.1306369342900655,1.5,19.262418525651253
92000.0,healthy,983.7207686257236,3.456583723934522,1.5,21.300012822287016
92500.0,healthy,1093.6576172113994,4.453251699520339,1.5,37.77440165290737
93000.0,healthy,1109.1920096362771,4.0382175647141905,1.5,36.137314250613564
93500.0,healthy,1066.6034698878705,3.515062131290361,1.5,28.80923074968589
94000.0,healthy,976.1755950386098,2.0800443910227204,1.5,11.990926097490362
94500.0,healthy,832.2374889766899,1.1428547515707355,1.5,28.239170076782948
95000.0,healthy,1223.471940557757,7.968,1.5,32.08483489531792
95500.0,healthy,1146.5705886869448,7.968,1.5,22.658959799558623
96000.0,healthy,1222.3389444120103,7.968,1.5,29.344350308258193
96500.0,healthy,1079.730636352243,7.968,1.5,37.29417057308921
97000.0,healthy,1049.7460539465221,7.453946723300135,1.5,16.355733182156946
97500.0,healthy,1000.2351364225462,7.1276607111208525,1.5,18.3747716222909
98000.0,healthy,1059.9869539526806,7.777628288462303,1.5,25.621159686800002
98500.0,healthy,1145.6858410245736,7.968,1.5,29.156622879191676
99000.0,healthy,1099.6683292277048,7.968,1.5,27.22987572055692
99500.0,healthy,1116.2530775581038,7.968,1.5,31.38406958659941
100000.0,healthy,1200.368263252648,6.98888940436858,1.5,26.923081949913943
100500.0,healthy,777.6775633048634,0.0,1.5,33.35884972937318
101000.0,healthy,801.6192535295095,0.0,1.5,22.710050279102475
101500.0,healthy,836.1234506054527,0.0,1.5,18.446204406767535
102000.0,healthy,822.9651471966187,0.0,1.5,26.839199400393497
102500.0,healthy,810.4717485103272,0.0,1.5,23.249359687826686
103000.0,healthy,778.2963980254758,0.0,1.5,24.334362318623658
103500.0,healthy,721.4587270704271,0.0,1.5,26.286502519932114
104000.0,healthy,757.5030429729367,0.0,1.5,18.789288689717157
104500.0,healthy,692.3949276449902,0.0,1.5,23.686676153526932
105000.0,healthy,706.9427925849191,0.0,1.5,16.472750799012566
105500.0,healthy,691.9203809333097,0.4580352568602176,1.5,12.085931069149906
106000.0,healthy,739.6314417799389,1.5429114138497513,1.5,18.850310382718323
106500.0,healthy,725.909976873951,1.7391635440171676,1.5,18.085508708582253
107000.0,healthy,611.5554640238395,0.22744845388676285,1.5,19.817016744292086
107500.0,healthy,600.0,0.0,1.5,20.65425785548528
108000.0,healthy,600.0,0.0,1.5,7.602668857828256
108500.0,healthy,603.0978444295953,0.0,1.5,23.915474358437994
109000.0,healthy,622.1978026505608,0.0,1.5,32.20599291562761
109500.0,healthy,683.5059279289238,0.0,1.5,31.2368259078921
110000.0,healthy,733.0019698038959,0.0,1.5,5.0
110500.0,healthy,745.7904692154365,0.0,1.5,20.82324930576076
111000.0,healthy,760.5788641059888,0.0,1.5,7.622425611697935
111500.0,healthy,910.5935198084637,1.9657521461755179,1.5,38.48613042680583
112000.0,healthy,1151.204155393991,4.764067904847177,1.5,27.83259949961733
112500.0,healthy,1178.322131121704,6.282010638101786,1.5,39.785614213986996
113000.0,healthy,1163.11957939108,6.133831924648232,1.5,43.95418443493219
113500.0,healthy,1116.5847151848834,3.9534907242486748,1.5,44.38818904149271
114000.0,healthy,949.829584976876,2.324916845007704,1.5,18.034194285370774
114500.0,healthy,799.109091503792,0.9372391612699497,1.5,37.29508940143572
115000.0,healthy,736.9882134485797,0.8412117374608169,1.5,5.0
115500.0,healthy,679.7361396654768,0.0,1.5,26.484182196327072
116000.0,healthy,607.1841897453049,0.0,1.5,26.71875861321835
116500.0,healthy,600.0,0.0,1.5,30.890944415317676
117000.0,healthy,600.0,0.0,1.5,13.158560233429712
117500.0,healthy,600.0,0.0,1.5,18.025700604969245
118000.0,healthy,600.0,0.0,1.5,22.71952635524238
118500.0,healthy,643.4080574990514,0.0,1.5,31.008169330436257
119000.0,healthy,605.7460255839821,0.0,1.5,23.89220833000187
119500.0,healthy,634.7207221424516,0.0,1.5,10.236208416117233
120000.0,healthy,655.0682561452252,0.0,1.5,13.049643482970797
120500.0,healthy,756.5217670866167,0.0,1.5,5.438028401118597
121000.0,healthy,834.7443766727943,0.0,1.5,19.96383707729457
121500.0,healthy,786.8853637616589,0.0,1.5,36.42096927862825
122000.0,healthy,729.7982255950799,0.0,1.5,38.105862623904564
122500.0,healthy,817.1066807438455,0.07707329198836874,1.5408960123039768,27.578985332187496
123000.0,healthy,792.3449143675282,0.0,1.5,16.864670309006335
123500.0,healthy,793.6641313243498,0.0,1.5,26.334035355192555
124000.0,healthy,826.4757585008007,0.0,1.5,32.60866076841476
124500.0,healthy,775.7191190063264,0.0,1.5,24.147413051676658
125000.0,healthy,1154.3260168558752,7.968,1.5,38.65332004004848
125500.0,healthy,1204.8257445798872,7.968,1.5,28.86373831138286
126000.0,healthy,1129.7435970512367,7.968,1.5,37.62467944314795
126500.0,healthy,1135.4775900196178,7.968,1.6767136161980578,28.539926178292085
127000.0,healthy,995.7977756731494,7.968,1.5,38.30011097592901
127500.0,healthy,1084.503138519361,7.968,1.5,42.07753164357938
128000.0,healthy,1095.1418017028604,7.968,1.5,48.20772447645037
128500.0,healthy,1126.3031863392696,7.968,1.5,33.2425399179478
129000.0,healthy,1169.090973602435,7.968,1.5,28.604894373160697
129500.0,healthy,1268.1548572424915,7.968,1.5,32.24210412778011
130000.0,healthy,1226.385123537713,7.968,1.5,28.953184184324652
130500.0,healthy,830.5126014457296,1.7652337021058875,1.5,34.51241461036256
131000.0,healthy,975.1612032465551,2.716932676378415,1.5,24.231681780116297
131500.0,healthy,1107.4064605233243,3.866197491646667,1.5,26.17540159194431
132000.0,healthy,1084.7995536388996,5.102293229250484,1.5,5.0
132500.0,healthy,1031.1442976429062,3.408130210695509,1.5,25.97509469090202
133000.0,healthy,889.3738056719598,1.267323743682562,1.5,31.60445901660305
133500.0,healthy,851.3884578032271,0.0,1.5,25.817362754479337
134000.0,healthy,748.877747039614,0.0,1.5,26.88173295700262
134500.0,healthy,694.2019353677545,0.0,1.5,32.97853281935555
135000.0,healthy,650.0001616123707,0.0,1.5,16.832239241972967
135500.0,healthy,652.1560499570038,0.0,1.5,12.171637940640116
136000.0,healthy,634.5223581158317,0.0,1.5,18.69851379130416
136500.0,healthy,621.7064049883294,0.0,1.5,16.027819327155875
137000.0,healthy,600.0,0.0,1.5,11.829155502122196
137500.0,healthy,600.0,0.0,1.5,13.98192643714838
138000.0,healthy,626.8626439429734,0.0,1.5,8.850718181316669
138500.0,healthy,600.0,0.0,1.5,34.5784990801195
139000.0,healthy,605.8628481777848,0.0,1.5,18.45476536246999
139500.0,healthy,600.0,0.0,1.5,12.026650118442122
140000.0,healthy,676.1922357273827,0.0,1.5,25.25419635768136
140500.0,healthy,810.3295146253788,0.0,1.5,20.009910343779797
141000.0,healthy,748.8612678380853,0.0,1.5,36.01683069306014
141500.0,healthy,789.5796854164495,0.0,1.5,27.039898404459866
142000.0,healthy,827.9128532752189,0.0,1.5,13.864764942173203
142500.0,healthy,895.7253762311668,0.0,1.5,18.162545595189584
143000.0,healthy,859.539428475694,0.0,1.5,23.21443515857078
143500.0,healthy,835.1959059954656,0.0,1.5,26.927244567604063
144000.0,healthy,772.0582683167612,0.0,1.5,15.50130537497209
144500.0,healthy,873.6584304766824,2.180154262853971,1.5,15.780087502755636
145000.0,healthy,1057.9215056803973,5.231056739204231,1.5,21.99365634205316
145500.0,healthy,1043.8948319418846,6.242229651142934,1.5,41.29745705002498
146000.0,healthy,1003.2392813270827,5.374548676039689,1.5,40.71935674731855
146500.0,healthy,842.9024963777082,4.007698550927175,1.5,23.409587574401623
147000.0,healthy,660.7367753148595,1.4735234039382912,1.5,10.20724110190766
147500.0,healthy,671.6068358375172,1.0945569917866194,1.5,24.77081724963102
148000.0,healthy,695.895212702664,1.426040000954395,1.5,39.59020522968893
148500.0,healthy,689.8201980965918,1.0127420913665375,1.5,20.777900340275018
149000.0,healthy,662.6285273120047,0.30316347712516584,1.5,26.44133736427274
149500.0,healthy,663.5366978343192,0.0,1.5,7.755284164117128
150000.0,healthy,711.0795004690908,0.0,1.5,22.652276311964535
150500.0,healthy,777.5897794456234,0.0,1.5,12.666501987180313
151000.0,healthy,830.9332286195938,0.6313025686890822,1.5,38.20958493164343
151500.0,healthy,873.9708863073969,2.166729029483335,1.5,29.517505684819135
152000.0,healthy,1012.6489260584633,2.388011916450511,1.5,11.472819293695036
152500.0,healthy,886.9522007232463,1.1221932789178144,1.5,7.983561793771951
153000.0,healthy,856.6472262496299,0.0,1.5,12.405903548336433
153500.0,healthy,802.6080681541684,0.0,1.5,24.46984197516776
154000.0,healthy,766.0426342612325,0.0,1.6618979383803794,13.860629408260346
154500.0,healthy,755.9917171005633,0.0,1.5,10.559629328344753
155000.0,healthy,1005.9117710332591,4.098360857665455,1.5,26.966342784305343
155500.0,healthy,895.0338260963922,3.2276943352971412,1.5,10.275333444427044
156000.0,healthy,808.0445754861153,2.194461789077411,1.5043286025628222,38.814116628703616
156500.0,healthy,709.326857398353,1.8931519127658825,1.5,27.245084408950078
157000.0,healthy,684.3687313370208,2.0428794601712035,1.5,27.4425434684353
157500.0,healthy,743.3184400276032,3.6215037457499237,1.5,29.779632795465098
158000.0,healthy,881.7161788373943,5.087585206913986,1.5,25.781688152766943
158500.0,healthy,1006.971397142851,6.652004010902088,1.5,31.0679358430171
159000.0,healthy,1079.8303140236414,6.6231848264832465,1.5,35.30000966866424
159500.0,healthy,1027.6288027979497,5.247179994097597,1.5,28.971500865055276
160000.0,healthy,1025.8096099057386,4.36504300135982,1.5,25.067039721414197
160500.0,healthy,710.2636103327521,0.0,1.5,35.10463912317414
161000.0,healthy,706.1521673394549,0.0,1.5,31.605123797415473
161500.0,healthy,883.6081650072149,0.0,1.5,20.111079068821162
162000.0,healthy,840.2973405782662,0.7712965319571319,1.5,15.149745213719411
162500.0,healthy,828.0410316904508,0.525764136245146,1.5,25.69280654468031
163000.0,healthy,890.1553752747452,0.7200477287540964,1.5,29.702707552330892
163500.0,healthy,904.4259485289512,1.083296462812681,1.5,22.47796607760807
164000.0,healthy,958.6933736136583,2.4068703030620364,1.5,27.07885688703472
164500.0,healthy,1016.0197839876114,3.8815050652380605,1.5,24.69567614770668
165000.0,healthy,1007.3083508888851,4.242653483347197,1.5,36.38161086361656
165500.0,healthy,885.4717758601257,4.213833259712724,1.5,33.78938928774517
166000.0,healthy,751.7946884312729,1.6203720455863047,1.5,21.469438796183336
166500.0,healthy,654.7638079319474,0.23245594891277724,1.5,19.38916491119793
167000.0,healthy,600.0,0.0,1.5,24.57181247109483
167500.0,healthy,600.0,0.0,1.5,36.61315737339141
168000.0,healthy,608.6670692602598,0.21121885635299775,1.5,24.150769474152664
168500.0,healthy,648.4508111848788,0.5940955747484883,1.5,6.391873752379805
169000.0,healthy,691.6860655176715,0.7569511698287207,1.5,32.55107494521967
169500.0,healthy,609.6771711978615,0.0,1.5,19.840232219758988
170000.0,healthy,719.7271099278429,0.15930373523662716,1.5,31.38605685012304
170500.0,healthy,762.8761923186628,0.0,1.5,19.597637288063723
171000.0,healthy,811.7333717413446,0.2158169737819821,1.5,19.575949806429115
171500.0,healthy,822.7147955853806,0.3237167422685502,1.5,22.159090181705565
172000.0,healthy,800.5555005897147,0.0,2.0091977538991452,33.92077831861368
172500.0,healthy,842.9892594723283,0.0,1.5,35.75584319286783
173000.0,healthy,818.0521287551328,0.0,1.5,14.491365757102294
173500.0,healthy,839.0730413950367,0.0,1.5,19.152092745376745
174000.0,healthy,699.7972573209116,0.0,1.5,23.4123541830162
174500.0,healthy,695.7899738534651,0.0,2.154039874971967,9.407095772071541
175000.0,healthy,771.1117684039236,0.0,1.5,11.621603909714366
175500.0,healthy,652.7641423267117,0.0,1.5,38.1796796561984
176000.0,healthy,652.5820678228944,0.0,1.5,38.4520456071146
176500.0,healthy,600.0,0.0,1.5,24.093933205699408
177000.0,healthy,600.0,0.0,1.5,24.64122158891994
177500.0,healthy,600.0,0.0,1.5,32.593276423643
178000.0,healthy,704.9634500733284,2.0279057617023017,1.5,24.10948345813774
178500.0,healthy,706.8933965520937,1.7295708041466518,1.5,30.381738299337634
179000.0,healthy,631.498955935328,0.6577984191039158,1.5,17.13951085973719
179500.0,healthy,653.3037191538366,0.0,1.5,26.822411791380684
180000.0,healthy,709.9480736362927,0.0,1.5,32.0354938647605
180500.0,healthy,760.8322639843332,0.0,1.5,22.983551213106963
181000.0,healthy,789.4766966982068,0.0,1.5,31.177439878618575
181500.0,healthy,738.297292119939,0.1383039976923432,1.5,21.424829334758517
182000.0,healthy,788.4506623284254,0.3549191454726798,1.5,33.1640376256297
182500.0,healthy,795.2750816157104,0.023596812500675735,1.5,22.563181176120953
183000.0,healthy,923.856967349038,1.4691468965026622,1.5,21.002406475854126
183500.0,healthy,934.1407526793172,1.779116257555108,1.5,34.39270905118855
184000.0,healthy,1010.58209680148,3.779098848676711,1.5,20.889750686961793
184500.0,healthy,1091.652343028887,5.709246237385518,1.5,37.51131041877991
185000.0,healthy,1252.75466248335,7.968,1.5,47.0094798849364
185500.0,healthy,1134.249142575872,7.968,1.5,33.504491328834625
186000.0,healthy,1184.2534130293377,7.968,1.5,31.768301854370307
186500.0,healthy,1119.6852672184857,7.968,1.5,33.74291343978759
187000.0,healthy,1049.7779705906014,7.274144380308161,1.6399728076575508,35.28250764265472
187500.0,healthy,1022.7330522817293,6.429503475819691,1.5,23.277487926522884
188000.0,healthy,1022.09107578651,6.733764924116779,1.5,52.43011912880573
188500.0,healthy,1033.9518298301803,6.489787157587728,1.5,27.650870350968432
189000.0,healthy,938.6175131605146,4.614730440344618,1.5,24.305469134294405
189500.0,healthy,873.7042174937476,3.898255273557042,1.5,32.21595763904201
190000.0,healthy,929.0003595184257,3.8047205607447627,1.5397664604542154,31.785992544557214
190500.0,healthy,772.1225856604116,0.0,1.5,23.951857526692876
191000.0,healthy,795.3435522430455,0.0,1.5,10.804161610791898
191500.0,healthy,836.3702245885953,0.0,1.5,36.60652801850556
192000.0,healthy,787.4881534884215,0.0,1.5,35.727344682020764
192500.0,healthy,817.4394312250927,0.0,1.5,35.17419376298522
193000.0,healthy,755.7578919573033,0.0,1.5,32.69938324392416
193500.0,healthy,816.2383414665514,0.0,1.5,22.677875044810023
194000.0,healthy,844.4617825461818,0.37083162642810613,1.5,38.233007788406965
194500.0,healthy,709.819883410361,0.0,1.5,20.438670333623087
195000.0,healthy,680.334510135366,0.0,1.5,21.050460919032773
195500.0,healthy,751.2406242726953,0.0,1.5,26.982994434274975
196000.0,healthy,664.376892708268,0.0,1.5,26.275474276579565
196500.0,healthy,600.0,0.0,1.5,26.215236362019077
197000.0,healthy,600.0,0.0,1.5,29.498387775700486
197500.0,healthy,623.4146010465853,0.3317382381128807,1.5,17.94165079276813
198000.0,healthy,672.3192459770929,1.605180463612599,1.5,33.59108385839998
198500.0,healthy,669.2974666244254,1.2304708736467174,1.5,37.63350405187961
199000.0,healthy,669.522144433213,0.4792795575114335,1.5,20.189862992805843
199500.0,healthy,670.8359190121896,0.0,1.5,23.245197737081877
200000.0,healthy,734.3139160039283,0.0,1.5,12.620715000221779
200500.0,healthy,728.4273014522701,0.14180104261838156,1.5,21.908445125000405
201000.0,healthy,873.9753133369676,2.105459908050619,1.5,24.482235656756792
201500.0,healthy,1115.230070097473,3.6817110878033303,1.5,31.71180733224532
202000.0,healthy,1106.7377942059695,4.079906559114963,1.5,25.576910595468654
202500.0,healthy,1024.3458348053439,4.0442713300424975,1.5,24.35189913668647
203000.0,healthy,1019.8721154561277,3.153180156740019,1.5,31.72873593165775
203500.0,healthy,976.8607757305581,2.9468714881759324,1.5,27.555612085686164
204000.0,healthy,1024.1102716115445,3.680186976996991,1.5,15.600649554970763
204500.0,healthy,923.6646756022132,2.505667318832097,1.945960223334397,17.90315098198828
205000.0,healthy,788.9486277538373,0.8716928149197611,1.5,21.64690547917029
205500.0,healthy,678.7816101834803,0.0,1.5,35.36142353121951
206000.0,healthy,652.3202872785935,0.0,1.5,22.67345784137666
206500.0,healthy,649.1291892088891,0.0,1.5,33.62964674395661
207000.0,healthy,600.0,0.0,1.5,15.494421067623577
207500.0,healthy,600.0,0.0,1.5,20.786717703631286
208000.0,healthy,600.0,0.0,1.5,24.349781342886946
208500.0,healthy,645.7638900035523,0.0,1.5,29.598703768674255
209000.0,healthy,654.9852594400143,0.0,1.5,17.657020377185585
209500.0,healthy,624.7431820017013,0.0,1.5,24.927485864005842
210000.0,healthy,744.3690337731377,0.0,1.67169089150026,13.680231918569369
210500.0,healthy,701.5888627398319,0.0,1.5,15.793104156820522
211000.0,healthy,795.639127444791,0.0,1.5,25.382301985920734
211500.0,healthy,848.8255538037955,0.0,1.5,29.158011484628133
212000.0,healthy,840.7448664446672,0.0,1.5,26.205778365531568
212500.0,healthy,846.2431723242046,0.0,1.5,28.385996413081763
213000.0,healthy,873.6318235598433,0.0,1.5,16.44909021771138
213500.0,healthy,759.296702070004,0.0,1.5,37.32196422032261
214000.0,healthy,800.8351908857517,0.0,1.5,23.908524342044608
214500.0,healthy,679.4012865141518,0.0,1.5,6.793755166852758
215000.0,healthy,1101.6777381179127,6.712509052656914,1.5,31.03294942657235
215500.0,healthy,1132.3265245781452,7.968,1.5,28.39196760494993
216000.0,healthy,1169.8967427503794,7.968,1.8583355343012684,31.28545343864004
216500.0,healthy,1114.3091119884784,7.968,1.5,40.4235571156689
217000.0,healthy,1047.297868680975,7.968,1.5,33.30916943520493
217500.0,healthy,1082.8468451813114,7.968,1.5,18.815126380621173
218000.0,healthy,1108.4227632607071,7.968,1.5,20.631482814741545
218500.0,healthy,1110.6679650011297,7.968,1.5,28.573995827898912
219000.0,healthy,1122.7499060575115,7.968,1.5,42.614543369730285
219500.0,healthy,1237.5607653447046,7.968,1.5,22.291253157079822
220000.0,healthy,1222.165179185248,7.789068450928555,1.5,20.520597358888544
220500.0,healthy,829.9827741774808,0.06611673235169054,1.5,28.375097644221253
221000.0,healthy,804.2317108662774,1.1376447062953958,1.5,37.24624902134741
221500.0,healthy,828.3736615365684,1.4275572375967294,1.5,33.46932630890469
222000.0,healthy,858.6487917382525,0.8533598027276588,1.5,24.536524253108514
222500.0,healthy,885.5203604783411,0.2302382449816697,1.5,23.069204522554383
223000.0,healthy,842.3146182998578,0.12443212884240627,1.5,18.75598446979842
223500.0,healthy,813.1014956252992,0.6156462738766123,1.5,26.317552166792503
224000.0,healthy,879.2446268937791,1.3117147240651,1.7136120909378396,35.14439802805258
224500.0,healthy,788.8584003134426,0.9259240873841315,1.5,25.821517519520327
225000.0,healthy,708.9670474332873,0.0,1.5,27.243616233069634
225500.0,healthy,683.1600015640767,0.0,1.5,27.963078916296606
226000.0,healthy,688.7693106619735,0.2982512470340861,1.5,20.48063874074566
226500.0,healthy,600.0,0.0,1.5,6.495822168474492
227000.0,healthy,600.0,0.0,1.5,18.408798774164207
227500.0,healthy,600.0,0.0,1.5,23.411362169869598
228000.0,healthy,622.6927508162678,0.0,1.5,33.48498788786405
228500.0,healthy,600.0,0.0,1.5,19.240761344810945
229000.0,healthy,627.8726781824107,0.0,1.5,25.22406650150285
229500.0,healthy,643.3468853170431,0.0,1.5,18.69536424439462
230000.0,healthy,679.1867990005702,0.0,1.5,27.666600737779632
230500.0,healthy,633.2484670811872,0.0,1.5,21.061946066547186
231000.0,healthy,772.7683978210841,0.0,1.5,28.89922351667039
231500.0,healthy,886.3413976131433,0.0,1.5,24.26710950231194
232000.0,healthy,789.0909851945316,0.0,1.5,21.344029587693967
232500.0,healthy,801.0319472677916,0.0,1.5,32.95273535468658
233000.0,healthy,759.9196080996608,0.0,1.5,34.341576575290794
233500.0,healthy,765.6287726809098,0.0,1.5,28.241163613323266
234000.0,healthy,807.0560590785184,0.37859281298684044,1.5,17.68013700774289
234500.0,healthy,936.7610291149435,2.8177238305517927,1.5,19.02048019801459
235000.0,healthy,922.4103334421642,3.3306094747913706,1.5,18.255373227603364
235500.0,healthy,814.9915949571697,2.529394714283902,1.5,23.212365271226197
236000.0,healthy,789.1484749452818,2.663606445949285,1.7039089892620003,5.609248256694187
236500.0,healthy,773.5760016300939,2.6847342481865573,1.5,22.777324783820728
237000.0,healthy,837.7209010566647,3.7166172377757714,1.5,24.934996881329518
237500.0,healthy,765.3708919185963,2.724039104191667,1.5,26.181116750589723
238000.0,healthy,799.8452306859115,2.6258619068394298,1.5,26.79148468893984
238500.0,healthy,615.0292358831367,0.3866071972853285,1.5,18.557967727753244
239000.0,healthy,624.18669713356,0.0,1.5,32.19038965134193
239500.0,healthy,676.2845694645177,0.0,1.5,25.02666003700845
240000.0,healthy,735.9308848331536,0.0,1.5,31.619091241313917
240500.0,healthy,773.011879174169,0.0,1.5,20.369576225404955
241000.0,healthy,827.0114915376914,1.8439737649819925,1.5,16.114576392685343
241500.0,healthy,911.5111826855532,1.7537143845533905,1.5,11.558969148091432
242000.0,healthy,853.870530014689,0.99139068516742,1.5,31.554906062189342
242500.0,healthy,802.4648199708503,0.3066807406161488,1.5,28.66328776173716
243000.0,healthy,791.9397435958238,0.0,1.5,32.88250672633068
243500.0,healthy,775.915627758391,0.0,1.5,24.224393659515584
244000.0,healthy,804.456541393074,0.0,1.5,9.746284228316773
244500.0,healthy,726.2999683691738,0.0,1.5,24.815070705044228
245000.0,healthy,848.3614246915641,2.701568723450154,1.5,29.82726048722139
245500.0,healthy,700.7408361818059,0.0,1.5,42.50678661805219
246000.0,healthy,636.4104424754404,0.0,1.5,23.65947208476395
246500.0,healthy,600.0,0.0,1.5,24.545165683610847
247000.0,healthy,661.3981686065276,1.5542057713415138,1.5,25.61099883413632
247500.0,healthy,729.1651452044213,3.4142651111078424,1.5,26.15707261698935
248000.0,healthy,901.0605623251965,5.641363844926935,1.5,35.06362326757824
248500.0,healthy,1022.953026125114,6.775447506826236,1.5,27.98669406033599
249000.0,healthy,1110.6940090079302,6.776222178742606,1.5,40.7876773833617
249500.0,healthy,1168.5333869303115,7.395368804194111,1.5,18.347754196252293
250000.0,healthy,1220.9652387802612,7.968,1.5,33.87578345698867
250500.0,healthy,774.8281716694464,1.0658774344622026,1.5,28.45226540978262
251000.0,healthy,780.1916297065609,0.5270443793342602,1.5,12.590004761607346
251500.0,healthy,743.6883465345446,0.0,1.5,33.994197086867246
252000.0,healthy,790.2737583872132,0.0,1.5,32.74228311994686
252500.0,healthy,818.3763634240605,0.0,1.5,38.10567191348155
253000.0,healthy,832.7917708945533,0.0,1.5517489898253924,12.15359727672017
253500.0,healthy,768.5482819629618,0.0,1.5,26.368637703542486
254000.0,healthy,842.0951905184952,1.2650462691980524,1.5,27.31968473643854
254500.0,healthy,956.4713816702532,3.434067692188889,1.5,20.56831327425879
255000.0,healthy,926.3053006014715,3.3796206388986674,1.5,34.32320906033356
255500.0,healthy,873.7515811994638,3.3070703643236095,1.5,21.82156304698906
256000.0,healthy,871.5191452919732,3.8270997835140714,1.5,33.55129689670053
256500.0,healthy,883.6491839646272,4.22387677343992,1.5,39.306463455423625
257000.0,healthy,905.0346264107776,4.882229454351464,1.5,26.54209461072832
257500.0,healthy,851.7285434754948,4.241540560554793,1.5,25.41622553855544
258000.0,healthy,773.3841875099822,2.7080565849819798,1.5,34.6980669703758
258500.0,healthy,646.3796688135724,0.023655635216631457,1.5,7.22219353493473
259000.0,healthy,615.1572729388181,0.0,1.5,11.520157873726227
259500.0,healthy,600.0,0.0,1.5,22.491356459466086
260000.0,healthy,651.8288364339536,0.0,1.5,30.128389563618036
260500.0,healthy,747.8385880842402,0.0,1.5,37.06479495300269
261000.0,healthy,689.3311382009632,0.0,1.5,16.915068326366562
261500.0,healthy,836.6953214805097,0.0,1.5,25.112063676408937
262000.0,healthy,797.1677427139359,0.0,1.5,35.040661187410684
262500.0,healthy,828.7365360502704,0.0,1.5,31.358627673412244
263000.0,healthy,837.5027266598527,0.0,1.5,12.818959529491918
263500.0,healthy,833.2361874489189,0.0,1.5,15.706944780488605
264000.0,healthy,748.0424415683945,0.0,1.5,26.821175729712852
264500.0,healthy,700.9503225688736,0.0,1.5,36.4462916934843
265000.0,healthy,718.9790594963456,0.0,1.5,29.139209746137702
265500.0,healthy,655.8343248051402,0.0,1.5,23.030514083141274
266000.0,healthy,600.0,0.22507276087336847,1.5,9.962202721531375
266500.0,healthy,600.0,0.03841658399340922,1.5,25.311830561376986
267000.0,healthy,600.0,0.0,1.5,10.427317742037987
267500.0,healthy,600.0,0.0,1.5,24.155591793678582
268000.0,healthy,600.0,0.0,1.5,18.21130258021461
268500.0,healthy,625.8684160202665,0.0,1.5,27.583481605891517
269000.0,healthy,646.1620189360599,0.0,1.5,25.65365525280743
269500.0,healthy,718.4879873150367,0.0,1.5,26.92975283384289
270000.0,healthy,711.1544082983143,0.0,1.5,19.642976790773282
270500.0,healthy,753.8208953752162,0.0,1.5,10.951172670663974
271000.0,healthy,681.5559338168542,0.08460610291546825,1.5,32.763564962819814
271500.0,healthy,815.5363980205692,0.0,1.5,17.47287315195204
272000.0,healthy,834.5664612170236,0.0,1.5,26.792478753335384
272500.0,healthy,817.2420741693875,0.0,1.5,18.584437000911045
273000.0,healthy,906.3420108962611,1.5932578571258105,1.5,25.44540539466267
273500.0,healthy,1054.0536413901737,3.9427170734511505,1.5,29.937564051908446
274000.0,healthy,1196.6198795678094,5.867661396328318,1.5,28.597149170546963
274500.0,healthy,1149.103166986849,6.628206983661516,1.5,28.501250990014277
275000.0,healthy,1202.2300307436947,7.968,1.5,36.31599491891111
275500.0,healthy,1178.6694668150164,7.968,1.5,44.887960865708564
276000.0,healthy,1154.9725905984888,7.968,1.5,30.541163793029074
276500.0,healthy,1140.0335302587816,7.968,1.5,26.578276640083146
277000.0,healthy,1038.5630827261298,7.968,1.5,38.64237153031171
277500.0,healthy,1065.8215292191032,7.606650744789956,1.5,35.87609168956483
278000.0,healthy,939.5530009106674,4.9690772931059035,1.5,37.54083883272974
278500.0,healthy,782.2292672228316,2.523397214918213,2.1350165651063557,22.902203560990696
279000.0,healthy,756.1089754566185,1.9145738680573097,1.5,19.021963832649085
279500.0,healthy,832.4042977032715,3.169889906084172,1.5,10.099825324728574
280000.0,healthy,1054.6517261391457,5.092853985036695,1.5,27.745418365971865
280500.0,healthy,751.0465425785233,0.0,1.5,20.862405650366917
281000.0,healthy,752.1002510378909,0.0,1.5,33.9041086001201
281500.0,healthy,796.0646696945631,0.0,1.5,35.854686202899785
282000.0,healthy,795.6982368176281,0.0,1.5,20.896499747837105
282500.0,healthy,850.6779782414126,0.0,1.5,29.69356313103814
283000.0,healthy,784.3030834169673,0.0,1.5,29.595462470629776
283500.0,healthy,802.8657880202759,0.0,1.5,21.1896467150308
284000.0,healthy,728.7338785783876,0.0,1.5,35.541000869274185
284500.0,healthy,675.6786538545225,0.0,1.5,25.894296159532402
285000.0,healthy,706.121070811593,0.0,1.5,27.181877377650014
285500.0,healthy,689.3369108844462,0.0,1.5,39.899996086416216
286000.0,healthy,616.6942619146365,0.0,1.5,31.830524192198403
286500.0,healthy,615.8553987333203,0.0,1.5,22.786871706793725
287000.0,healthy,663.6159458320499,0.0,1.5,17.82518069372211
287500.0,healthy,652.7454520011968,1.571360746803373,1.5,14.385871557628455
288000.0,healthy,748.2997123847426,2.0653637112242134,1.5,19.82258541734106
288500.0,healthy,703.6537458579975,2.3069243264431414,1.5,20.985349410583463
289000.0,healthy,830.3935560985101,3.084388689224842,1.5,41.26451729967476
289500.0,healthy,804.0279993158811,2.9911268889578064,1.5,26.906870509552853
290000.0,healthy,935.5797166275273,4.015737858160457,1.5,36.579688345888556
290500.0,healthy,1004.2137274662585,3.9436694467780287,1.5,30.496977590099846
291000.0,healthy,961.1603281336496,2.243899826499517,1.5,22.22927260424254
291500.0,healthy,844.0433650066162,0.8329189197226813,1.5,44.673329092302566
292000.0,healthy,852.6573454542562,0.0,1.5,10.621556329506001
292500.0,healthy,876.2027985656383,0.0,1.5,35.45332805583356
293000.0,healthy,835.0649522282891,0.19623375483724567,1.5,26.155049301030115
293500.0,healthy,930.2948812371609,2.4375690372295966,1.5,35.38160137507027
294000.0,healthy,921.1881048931239,2.5648652748367984,1.5,26.195868591782098
294500.0,healthy,827.1019272717812,2.140888330988901,1.5,25.17877486126802
295000.0,healthy,771.2640190139084,0.7770575599782739,1.5,32.498565159956165
295500.0,healthy,680.7469732017072,0.0,1.5,25.982719479969383
296000.0,healthy,600.0,0.0,1.5,27.309329719297004
296500.0,healthy,600.0,0.0,1.5,13.636239911860631
297000.0,healthy,669.2514731910154,0.0,1.5,23.98207807632387
297500.0,healthy,600.0,0.0,1.5,16.091539550341725
298000.0,healthy,612.3205708014963,0.0,1.5,32.4125058187754
298500.0,healthy,600.0,0.0,1.5,23.80467458055673
299000.0,healthy,619.6305723389066,0.0,1.5,29.89635813819394
299500.0,healthy,690.8250934125425,0.0,1.5,33.64606031140829
300000.0,healthy,752.2071526601462,0.0,1.5,32.481044177644634
300500.0,healthy,761.9672756176777,0.0,1.5,35.35831394490312
301000.0,healthy,769.3901396071211,0.0,1.5,7.167565489733111
301500.0,healthy,814.5399035380391,0.0,1.5165890004275533,26.723256448934652
302000.0,healthy,800.5522208190691,0.0,1.5,14.76772754470428
302500.0,healthy,831.3829502987691,0.0,1.5,33.83498675116305
303000.0,healthy,786.9469956202499,0.0,1.5,18.792622820871106
303500.0,healthy,758.3713417721625,0.0,1.5,18.812084449059256
304000.0,healthy,794.3364492600995,0.0,1.5,39.99495629852867
304500.0,healthy,657.6119188751743,0.0,1.5,14.391905252279892
305000.0,healthy,1028.2407984027184,5.341443195255027,1.5,23.00925104900788
305500.0,healthy,1154.060375790574,6.656441760232818,2.1343342835275685,27.064760154674325
306000.0,healthy,1123.903511874983,7.968,1.5,47.998039861581944
306500.0,healthy,1158.5786322287377,7.968,1.5,12.959516143538597
307000.0,healthy,1105.5688375135387,7.968,1.5,36.69502958974417
307500.0,healthy,1134.1504077441205,7.968,1.5,26.629564957089183
308000.0,healthy,1137.7483843665227,7.968,1.5,38.575896652669044
308500.0,healthy,1143.559710052375,7.968,1.5,34.10502465072634
309000.0,healthy,1168.2769059220625,7.968,1.5,31.175095592757717
309500.0,healthy,1193.4564046374649,7.968,1.5,22.431772732042994
310000.0,healthy,1242.8549072210717,7.968,1.5,32.55310862431909
310500.0,healthy,782.6036751431016,0.2984688379712709,1.5,16.409680213264707
311000.0,healthy,770.0585982461885,0.0,1.5,20.3619448584418
311500.0,healthy,779.2179909514764,0.0,1.5,19.52977548941376
312000.0,healthy,844.5964041922535,0.0,1.5,31.802169580877994
312500.0,healthy,776.1933827478829,0.0,1.5,17.469668817876226
313000.0,healthy,969.5300873183029,2.0416140741081743,1.5,28.102366130728424
313500.0,healthy,970.3785740316874,3.0872416800934612,1.5,31.318943908879167
314000.0,healthy,968.265619497077,3.398698866369068,1.5,32.602294520204225
314500.0,healthy,864.3405757622304,1.626952771691196,1.5,22.468018557134695
315000.0,healthy,717.5751770506746,0.0,1.587965801914947,5.0
315500.0,healthy,676.3516964575491,0.0,1.5,22.56048090965643
316000.0,healthy,610.8017999103388,0.0,1.5,24.991716895385007
316500.0,healthy,600.0,0.0,1.5,17.49708376433501
317000.0,healthy,600.0,0.0,1.5,30.572618888129476
317500.0,healthy,636.2900688247381,0.0,1.5,18.156285477064166
318000.0,healthy,621.9156829053145,0.0,1.5,8.277836187033092
318500.0,healthy,600.0,0.0,1.5,7.3471176087392855
319000.0,healthy,676.6329541723487,0.0,1.5,32.84000362675703
319500.0,healthy,600.0,0.0,1.5,23.901853877812137
320000.0,healthy,679.9147988327621,0.0,1.5,9.05017190235602
320500.0,healthy,763.6065454485714,0.0,1.5,14.77375082150495
321000.0,healthy,749.9991902594525,0.0,1.5,22.942187978280423
321500.0,healthy,849.2264029835519,0.0,1.5,33.403561892203655
322000.0,healthy,782.9229316522835,0.322574851892084,1.5,28.145716221082886
322500.0,healthy,767.3775386035057,0.0,1.5,24.75658366330411
323000.0,healthy,865.354719504487,0.0038238352437085328,1.5,26.10785212379288
323500.0,healthy,809.1827523313746,0.0,1.5,29.092975319213345
324000.0,healthy,839.210007919464,0.0,1.5,26.6695874095242
324500.0,healthy,682.4945297258868,0.0,1.5,24.448124370398567
325000.0,healthy,662.7306643879091,0.0,1.5,18.11184016993844
325500.0,healthy,635.4988399651237,0.0,1.5,30.502610679845915
326000.0,healthy,691.8487584509791,0.8472778085497519,1.5,19.89234830454669
326500.0,healthy,836.8035621879421,3.904721046788748,1.5,14.952438807120458
327000.0,healthy,977.8842036839771,5.3870787435881065,1.5,20.474651129743332
327500.0,healthy,884.6266646391583,4.704699388528678,1.5,38.37128812863
328000.0,healthy,800.3069225884987,3.060099135470109,1.5,27.057249537114902
328500.0,healthy,807.2211404748472,2.518417355211049,1.5560160673652266,29.809066704757747
329000.0,healthy,765.6591695345322,2.0680249363865264,1.5,18.105248072801697
329500.0,healthy,791.9811119281928,2.547872472703809,1.5,31.80240893082201
330000.0,healthy,824.5774047307144,1.9574310391340495,1.5,31.683276249716638
330500.0,healthy,778.4875412571497,0.7876155585741011,1.5,10.085267380076333
331000.0,healthy,737.512185791762,0.0,1.5,26.37291419514192
331500.0,healthy,741.336234159743,0.0,1.5,32.299131807761704
332000.0,healthy,860.7408430760091,0.0,1.5,36.309114547577444
332500.0,healthy,751.2709329050871,0.0,1.5,13.219390794086799
333000.0,healthy,839.2046863613949,0.0,1.5,20.43020574013761
333500.0,healthy,859.8035419831649,0.0,1.5,18.396336532744563
334000.0,healthy,709.6240977503923,0.0,2.017010252203067,16.1989927541662
334500.0,healthy,729.9740853450556,0.0,1.5,35.609426721594176
335000.0,healthy,886.6778863795296,3.0070364992889504,1.5,32.57282616091275
335500.0,healthy,761.155474908343,2.0100529154214,1.5,20.079213368458007
336000.0,healthy,822.9834403415758,2.6751241012186484,1.5,39.46894311258619
336500.0,healthy,812.527276547888,3.2319040930922482,1.5,42.35789115209613
337000.0,healthy,797.7031912298984,3.7399453987719444,1.5,32.810911864676
337500.0,healthy,797.9531376433748,3.1804919111935357,1.5,33.8562355603452
338000.0,healthy,801.9501011245342,3.266856933982033,1.5,35.02011521128281
338500.0,healthy,835.8741903221642,3.4205217288515124,1.5,27.05628157649116
339000.0,healthy,1046.929059800475,5.4474356198005855,1.5,36.572737841725214
339500.0,healthy,1174.5212600698455,7.968,1.5,32.99955458465503
340000.0,healthy,1275.8728197476244,7.968,1.5,31.73186584005953
340500.0,healthy,736.4906845024959,0.43412526595817624,1.5,33.568781309595465
341000.0,healthy,755.8394487935109,0.0,1.5,19.367281665148546
341500.0,healthy,757.3213939657222,0.0,1.6624607718660223,27.096711406852087
342000.0,healthy,808.7680337247241,0.0,1.5,26.802314754675685
342500.0,healthy,810.0843198317611,0.0,1.5,35.90206006031232
343000.0,healthy,838.2564412876847,0.0,1.5,26.576316234832586
343500.0,healthy,783.6084622139247,0.07390261611575799,1.5,23.080936386409057
344000.0,healthy,839.3823773916105,0.49056170223086865,1.5,27.16362210219144
344500.0,healthy,816.0035061486291,0.6170394778847362,1.5,21.85490611563204
345000.0,healthy,799.053875368417,1.5527752196288445,1.5,26.022934880260056
345500.0,healthy,803.4766788254071,3.1127298248452724,1.5,22.53225532224013
346000.0,healthy,1007.2398557382944,5.601581067612703,1.5,27.356952160665912
346500.0,healthy,1125.5208751142327,6.8438061481063475,1.5,33.748288012907125
347000.0,healthy,954.3455008170303,6.554074464644249,1.5,33.06880163822071
347500.0,healthy,821.3594085983531,3.6485501107025153,1.5,27.234778360550745
348000.0,healthy,637.3104412992406,1.4108589765926258,1.5,11.382349287550326
348500.0,healthy,600.0,0.0,1.5,35.77839253211752
349000.0,healthy,646.6105360917904,0.0,1.5,20.696626096317985
349500.0,healthy,680.3329901416237,0.0,1.5,22.894000766463307
350000.0,healthy,691.6083325677256,0.0,1.5,25.262336256254663
350500.0,healthy,726.4426734380297,0.0,1.5,18.22992299140931
351000.0,healthy,736.2907104656865,0.0,1.5,33.22258030965536
351500.0,healthy,812.8378791138343,0.0,1.5,20.278840075541737
352000.0,healthy,815.4897786326433,0.0,1.5,14.783213235311793
352500.0,healthy,792.1235708846091,0.0,1.5,29.72589052219902
353000.0,healthy,775.9528871015112,0.0,1.5,27.743930784224126
353500.0,healthy,766.624590254028,0.0,1.5,23.75155003698869
354000.0,healthy,780.6101543784176,0.0,1.5,26.70973572471504
354500.0,healthy,722.0806355756756,0.13321368476171389,1.5,16.01011056780061
355000.0,healthy,692.879293156221,0.0,1.5,25.984781436225045
355500.0,healthy,603.573517466747,0.0,1.5,21.06853559436266
356000.0,healthy,600.0,0.0,1.5,27.280322317892328
356500.0,healthy,600.0,0.0,1.5,25.47058437040659
357000.0,healthy,619.6278854656903,0.0,1.5,21.36739198863078
357500.0,healthy,627.1296285830709,0.0,1.5,17.415868342927524
358000.0,healthy,600.0,0.0,1.5,17.991984705208765
358500.0,healthy,600.0,0.0,1.5,22.21044054058346
359000.0,healthy,645.8359651323987,0.0,1.5,33.817991855043424
359500.0,healthy,744.2497608850875,1.337882522160859,1.5,31.32496459513744
360000.0,healthy,902.6543662559098,3.38013401923098,1.5,21.10686969773205
360500.0,healthy,936.006921190409,2.6399569663607227,1.5,23.40131879396077
361000.0,healthy,862.3999399169297,2.151236502923391,1.5,30.09446732402623
361500.0,healthy,922.2646686694831,1.3095586723087742,1.5,28.091034626480777
362000.0,healthy,925.9220426513314,1.6059644382913438,1.5,18.150644420732103
362500.0,healthy,981.0811967619072,2.1096010041727626,1.5,20.189047898727583
363000.0,healthy,940.4422558220305,2.0514114632683467,1.5,24.695801759812976
363500.0,healthy,866.3482330158859,1.8084180153619605,1.5,19.865439103114618
364000.0,healthy,825.3424504580092,1.0448599852560287,1.5,33.960333483369254
364500.0,healthy,712.5913192592551,0.16928877156333746,1.5,28.47397759887277
365000.0,healthy,1228.0891929919824,7.968,1.5,28.78881457056336
365500.0,healthy,1188.5762788166285,7.968,1.5,33.30003829026114
366000.0,healthy,1101.5621240592973,7.968,1.5,25.991079864997566
366500.0,healthy,1147.8089063353082,7.968,1.5,33.7797477438084
367000.0,healthy,1121.9415719279154,7.968,1.5,33.2195077403434
367500.0,healthy,1049.0691905925999,7.968,1.5,21.194594504671198
368000.0,healthy,992.6803429753543,6.039112756363989,1.5,18.923233606490726
368500.0,healthy,941.6874327137018,5.477037464142591,1.9669497698747644,12.135653753621327
369000.0,healthy,984.3026367268616,5.1555093875732885,1.5,28.648374572278197
369500.0,healthy,1024.3640436721103,6.266815302648848,1.5,20.76498260260425
370000.0,healthy,1091.8958265737185,5.493111988238182,1.5,27.88890252729751
370500.0,healthy,709.028758888656,0.0,1.5,23.920686593858346
371000.0,healthy,721.7481814921405,0.0,1.5,33.29025628558821
371500.0,healthy,712.5770895759981,0.0,1.5,28.32638166007432
372000.0,healthy,879.7871799798078,0.0,1.5,25.83173288753667
372500.0,healthy,806.6124950087718,0.0,1.5,17.353300607560623
373000.0,healthy,837.5261163737043,0.0,1.5,33.59454291204375
373500.0,healthy,805.4659112661832,0.0,1.5,36.06160866445663
374000.0,healthy,823.4335807841735,0.0,1.5,7.648601359220226
374500.0,healthy,743.192057415379,0.0,1.5,5.0
375000.0,healthy,695.5571436597149,0.0,1.5,30.02630886155385
375500.0,healthy,672.5540769765544,0.0,1.5,27.235789252852275
376000.0,healthy,663.8627706484858,0.0,1.5,18.74979174432023
376500.0,healthy,616.3706348367605,0.0,1.5,39.77974653632097
377000.0,healthy,600.0,0.0,1.5,21.84744744091956
377500.0,healthy,600.0,0.0,1.5,32.40277236686106
378000.0,healthy,600.4031368652862,0.359544465857578,1.5,43.959400968545076
378500.0,healthy,761.0251707916498,2.4106168697928623,1.5,39.9432892448893
379000.0,healthy,901.4727525603439,3.974691494734336,1.5,42.51066360823644
379500.0,healthy,1024.4764612956142,5.635699947358261,1.5,37.12574727377373
380000.0,healthy,1028.644018253841,4.912572967528585,1.5,39.388566629017205
380500.0,healthy,915.8973610140814,2.847863562133957,1.5,34.92262493189836
381000.0,healthy,840.77105332056,0.606887530766217,1.5,41.06953979902056
381500.0,healthy,793.2989015580819,0.0,1.5,28.25197284870338
382000.0,healthy,883.6836817753929,0.0,1.5,17.736276472400885
382500.0,healthy,814.8393553304613,0.0,1.5,17.17130249716919
383000.0,healthy,832.5727467189053,0.6612333089980209,1.5,23.634603702904947
383500.0,healthy,822.4457821216502,0.3975661869016663,1.5,13.190502451180546
384000.0,healthy,752.9159991054207,0.10123955876042352,1.5,17.747376967365447
384500.0,healthy,744.5426934545152,0.5737544280429854,1.5,14.663050839773312
385000.0,healthy,780.8898290395346,1.4874979300043354,1.5,20.652930181713245
385500.0,healthy,812.9784028167398,2.926140901376092,1.5,11.793768610931004
386000.0,healthy,829.5824212776646,3.0278914701930795,1.5,14.690684503360606
386500.0,healthy,792.6378336941915,2.8599733061207515,1.5,21.860361221428594
387000.0,healthy,600.0,0.0,1.5,19.742536882867213
387500.0,healthy,634.3106319437848,0.0,1.5,30.148825159269535
388000.0,healthy,634.8122322630804,0.0,1.5,12.040387508818242
388500.0,healthy,605.4824309414748,0.0,1.5,33.55755373765636
389000.0,healthy,654.372307105487,0.0,1.5,9.18881813295153
389500.0,healthy,634.21938492064,0.0,1.5,11.973713926173128
390000.0,healthy,721.947109237463,0.0,1.5,8.739319212757238
390500.0,healthy,780.2842671897586,0.0,1.5,39.072719251041065
391000.0,healthy,799.7208941872055,0.0,1.5,31.447946132138814
391500.0,healthy,823.8339227389337,0.0,1.5,29.147832714071907
392000.0,healthy,775.9855386457658,0.0,1.5,27.024767126459555
392500.0,healthy,845.335540883549,0.0,1.5,22.394371055380052
393000.0,healthy,835.3266020899863,0.0,1.5,29.35779043503049
393500.0,healthy,825.9124203177788,0.0,1.5,38.090414499108824
394000.0,healthy,732.421326987862,0.0,1.5515564714162489,27.834967717646858
394500.0,healthy,789.978229477023,0.0,1.5,9.670353369026717
395000.0,healthy,1082.9008040180627,5.360657639029682,1.5,32.43820049352846
395500.0,healthy,1059.1685257348208,6.397465859083004,1.5,26.998135551713982
396000.0,healthy,1164.750117142955,7.736304856639979,1.5,29.820672851449416
396500.0,healthy,1174.056500252373,7.968,1.5,45.041875177398424
397000.0,healthy,1056.258580519905,7.968,1.5,21.999834481524644
397500.0,healthy,1154.4079658805636,7.968,1.5,41.15246158036097
398000.0,healthy,1111.998101647651,7.968,1.5,40.79317038562804
398500.0,healthy,1142.450225015908,7.968,1.5,28.098506296603123
399000.0,healthy,1153.3605157883262,7.968,1.5,33.401520333152504
399500.0,healthy,1191.674611328263,7.968,1.5,37.834460577124
400000.0,healthy,1177.787927544267,7.968,1.5,38.0756546865776
400500.0,healthy,928.1621570925531,2.772577392128249,1.5,19.99873523318158
401000.0,healthy,813.1190809728943,0.8846239029094676,1.5,26.096753869535245
401500.0,healthy,880.7430906010811,0.827236831023589,1.5,32.88591294244297
402000.0,healthy,776.7622871801101,0.15752855485032174,1.5,24.645597737465945
402500.0,healthy,928.8903343647532,1.3769703407801337,1.5,34.34798467809356
403000.0,healthy,819.1000448966678,0.7188468636890487,1.5,36.001369293793466
403500.0,healthy,798.7287991649476,0.0,1.5,24.347464587499775
404000.0,healthy,746.5166346106207,0.0,1.633781546905534,34.671940216257525
404500.0,healthy,781.4552312394774,0.0,1.5,32.87865409160063
405000.0,healthy,714.1403731431238,0.0,1.5,13.658078203234904
405500.0,healthy,715.4958375888143,0.0,1.5,8.246471888435531
406000.0,healthy,619.5886797752024,0.0,1.5,30.848506383518828
406500.0,healthy,600.0,0.0,1.5,32.14787159973321
407000.0,healthy,627.2564548567005,0.0,1.5,21.82386080918586
407500.0,healthy,600.0,0.0,1.5,14.40513023605714
408000.0,healthy,600.0,0.0,1.5,26.51301251755106
408500.0,healthy,600.0,0.0,1.5,21.77323207235889
409000.0,healthy,684.031755850447,0.0,1.5,23.288530306924027
409500.0,healthy,670.145476038943,0.004508736769553722,1.5,28.794468431979574
410000.0,healthy,737.5638317591629,0.39160147941459345,1.5,30.434042370662688
410500.0,healthy,731.2051612808268,0.04662010587525156,1.5,24.710915193759625
411000.0,healthy,822.5978002286688,0.0,1.5434385783112394,14.692581481871665
411500.0,healthy,750.0946021155427,0.0,1.5,19.77325899846668
412000.0,healthy,772.4922983308497,0.0,1.5,9.723965693985573
412500.0,healthy,834.249918276853,0.22494123511121236,1.5,25.212014712043064
413000.0,healthy,783.9807079803633,0.0,1.5,18.829971161592972
413500.0,healthy,771.6674531163454,0.0,1.5,26.19443641265293
414000.0,healthy,712.1534335344356,0.0,1.5,32.88293424237865
414500.0,healthy,733.959796915234,0.0,1.5,14.778967541111419
415000.0,healthy,712.0160734726591,0.0,1.5,28.528719342929037
415500.0,healthy,682.0559094999793,0.0,1.5,24.585851762733142
416000.0,healthy,692.4563949940663,1.711000768144844,2.0120743651366984,18.094534981594375
416500.0,healthy,791.1695564072936,3.1922819977420533,1.5,22.909482327324444
417000.0,healthy,781.5159721188178,3.458874638722484,1.5,35.73135834806443
417500.0,healthy,881.714317116482,4.153542510654158,1.5,47.888116890085996
418000.0,healthy,890.4189268910128,4.668501374499273,1.5,20.342236388580666
418500.0,healthy,982.8076843463895,5.7955643103778485,1.5,28.938849400115643
419000.0,healthy,1002.4823113568077,5.6898176480711,1.5,33.83501323812759
419500.0,healthy,986.9749276822307,4.330920066493209,1.5,28.43206366308628
420000.0,healthy,863.7362609579436,1.5497633106920867,1.5138712998541657,45.39230341840327
420500.0,healthy,756.769773782751,0.0,1.5,28.387709199444103
421000.0,healthy,722.9816405173895,0.0,1.5,33.49460140703943
421500.0,healthy,784.8733208761093,0.0,1.5,29.061651480963764
422000.0,healthy,770.3714097345904,0.0,1.5,17.29249953633743
422500.0,healthy,847.1239175736702,0.0,1.5,35.43523716370176
423000.0,healthy,813.8832585671113,0.0,1.5,21.58331231995128
423500.0,healthy,805.7835709867566,0.0,1.5,26.625079849830446
424000.0,healthy,734.9153275503994,0.0,1.5,21.997974599616157
424500.0,healthy,788.7798418936353,0.0,1.5,26.19501288209177
425000.0,healthy,1178.1591476920207,6.791049149249196,1.5,17.46944313991077
425500.0,healthy,1129.1193378310768,7.124898593893572,1.5,40.014148630220305
426000.0,healthy,1113.0183279606888,6.6253493014888045,1.5,22.143380432328556
426500.0,healthy,913.122807835852,4.641483597763381,1.5,36.91650906150964
427000.0,healthy,798.718374001495,2.6764874349703303,1.5,22.97336425450913
427500.0,healthy,643.7853152387487,1.326700266146498,1.5,20.81945070397673
428000.0,healthy,665.2450279790982,1.0001894481050198,1.5,18.10634597879254
428500.0,healthy,679.9524094099693,1.856796558802958,1.5,5.0
429000.0,healthy,778.49490775646,3.117742220175118,1.5,21.346961009687654
429500.0,healthy,980.9712606627553,4.90926766446874,1.5,24.453224964414378
430000.0,healthy,1068.0580483420345,5.198988798130288,1.5,36.7212697033643
430500.0,healthy,754.9083359058067,0.0,1.5,22.594020682843627
431000.0,healthy,737.8565772762623,0.0,1.5,15.169371936303035
431500.0,healthy,829.7545300562642,0.35070578815024134,1.5,27.649729146931673
432000.0,healthy,1018.7202463614874,2.554156609155002,1.5,17.776583165042496
432500.0,healthy,1053.3828817374847,3.3514874839917344,1.5,29.52677253727273
433000.0,healthy,972.1219156795994,2.510753871427148,1.5,13.781048946502061
433500.0,healthy,887.3198894387091,1.4028604062087044,1.5,19.405692822686113
434000.0,healthy,713.8221264567054,0.0,1.5,29.00123902901717
434500.0,healthy,763.9968219476118,0.3974361895074043,1.5,37.183925187923165
435000.0,healthy,810.4234560617211,1.3346778220058726,1.5,11.156289978083826
435500.0,healthy,857.1517616952347,2.6045288441896637,2.0698129278710344,17.689896700610888
436000.0,healthy,849.6398067957467,3.421043900951337,1.5,28.294139412821995
436500.0,healthy,715.0637394464406,2.8211860553619545,1.5,34.05002787027786
437000.0,healthy,742.3282917088915,1.7153377993998131,1.5944453926519102,21.262603239645646
437500.0,healthy,667.1572075058912,0.9735361454830507,1.5,25.1696349333507
438000.0,healthy,727.1556607611,1.8996986123347792,1.5,40.40319843548058
438500.0,healthy,665.1025685750245,1.763753455013597,1.5,24.27566575337833
439000.0,healthy,699.6480737304006,0.8595115857519198,1.5,27.70120279922652
439500.0,healthy,673.7922747096088,0.0,1.5,12.8984599750007
440000.0,healthy,695.4759293249552,0.0,1.5,37.33313716631686
440500.0,healthy,728.109730216363,0.0,1.5,12.752958579300975
441000.0,healthy,743.8979037717584,0.0,1.5,36.75679991172022
441500.0,healthy,811.9385556809851,0.0,1.5,32.422569345560404
442000.0,healthy,807.0661658602439,0.0,1.5,18.825833630833877
442500.0,healthy,898.8093618068938,0.0,1.5,29.01100274571522
443000.0,healthy,854.7067989730398,0.024201101594918367,1.5,18.633286260330593
443500.0,healthy,748.9602482509382,0.0,1.5,13.645040686952195
444000.0,healthy,802.263500519833,0.0,1.5,23.12339088036273
444500.0,healthy,723.2523852949735,0.0,1.5,29.810883554175614
445000.0,healthy,754.9509021496982,0.0,1.5,14.392876862338394
445500.0,healthy,683.8149935559593,0.0,1.5,15.984796788538265
446000.0,healthy,655.7704966825131,0.0,1.5,34.73773246622031
446500.0,healthy,600.0,0.0,1.5,13.0104031687513
447000.0,healthy,644.9160350677022,0.0,1.5,20.669893275089446
447500.0,healthy,600.0,0.0,1.5,5.0
448000.0,healthy,678.0053702503599,0.0,1.5,24.888264242193497
448500.0,healthy,647.1659451035123,0.0,1.5,24.234811260609607
449000.0,healthy,642.8133295203611,0.5621420344572665,1.5,14.465284463264345
449500.0,healthy,801.4028746788475,1.4668251616608676,1.5,19.675716586647233
450000.0,healthy,853.0952008716131,2.036162348837928,1.5,23.226844252248853
450500.0,healthy,909.061832316328,2.5771017651851404,1.5,26.59308654205558
451000.0,healthy,1029.9213720749249,3.442064762707592,1.5,34.40517513263654
451500.0,healthy,983.156084841644,3.7908550618608685,1.5,23.525213784327306
452000.0,healthy,1078.4974474169264,4.082300523095981,1.5,31.31275564266645
452500.0,healthy,1064.5660782821876,2.700298315943701,1.5,24.4869042073395
453000.0,healthy,906.80381685809,1.1139944103026171,1.5,23.75675251209858
453500.0,healthy,817.829863850314,0.0,1.5,34.631333027810136
454000.0,healthy,773.6977774355379,0.0,1.5,27.87830601993738
454500.0,healthy,795.7087286190281,0.0,1.5,16.289527556984158
455000.0,healthy,1176.6586577548958,7.968,1.5,19.1034867292036
455500.0,healthy,1167.8945615283624,7.968,1.5,35.96339785065317
456000.0,healthy,1066.3115006652308,7.968,1.5,20.344337157749372
456500.0,healthy,1155.0029398784686,7.968,1.5,38.104696951452595
457000.0,healthy,1077.2180408709776,7.968,1.5,22.66988877408408
457500.0,healthy,1078.6200692478903,7.968,1.5,45.00241914595085
458000.0,healthy,1101.4908184817011,7.968,1.5,29.68825456374392
458500.0,healthy,1102.2483573527131,7.968,1.5,36.51412984211581
459000.0,healthy,1180.0522030694385,7.968,1.5,36.907469574748106
459500.0,healthy,964.7988091298661,5.4911136947171615,1.5,38.07454154188393
460000.0,healthy,869.982426458851,2.920141483659151,1.5,35.20565221400026
460500.0,healthy,742.5244507758937,0.0,1.5,23.327097345015996
461000.0,healthy,828.8492862443645,0.0,1.5,29.400058495599488
461500.0,healthy,789.9184045911873,0.0,1.5,28.065992262081004
462000.0,healthy,807.8979697354764,0.0,1.5,32.368334980121034
462500.0,healthy,807.537821584699,0.0,1.5,35.55018613368848
463000.0,healthy,799.654000523144,0.0,1.5,32.87076489951866
463500.0,healthy,815.064549450099,0.0,1.5,28.792628535146893
464000.0,healthy,768.7224079011124,0.0,1.5,38.763859561298474
464500.0,healthy,785.7748947713931,0.0,1.5,25.845770741179358
465000.0,healthy,711.9662485991461,0.0,1.5,29.524766694458318
465500.0,healthy,720.6020233666939,0.0637817497232606,1.5,22.356991749964497
466000.0,healthy,633.4528986685316,0.24601674893303427,1.5,18.26915202543691
466500.0,healthy,605.1976802233264,0.0,1.5,15.076137582433997
467000.0,healthy,613.0355212006771,0.0,1.5,24.85582288405706
467500.0,healthy,600.0,0.0,1.5,26.246394809600293
468000.0,healthy,600.0,0.0,1.5,14.78903733984491
468500.0,healthy,705.800773216866,0.7614818591818193,1.5,40.217449840422034
469000.0,healthy,680.1173060711764,1.644122426710406,1.5,29.35215780937724
469500.0,healthy,763.1169438963941,2.1481142974923473,1.5,22.16314620479643
470000.0,healthy,826.572701032028,1.6907549183548967,1.9818689215771217,17.480418322710005
470500.0,healthy,894.9153867584047,2.1619614084550935,1.5,18.23965730955502
471000.0,healthy,874.2638442512371,2.4661954614444555,1.5,36.312357592356356
471500.0,healthy,1026.5408439478115,3.3544958083474383,1.5,40.81310375081896
472000.0,healthy,1088.0265009212098,3.953847572980044,1.5,19.769908944360573
472500.0,healthy,984.9481068850986,2.949669371660955,1.6687676883621765,24.746268904919454
473000.0,healthy,871.4388110612178,1.1138304474024963,1.5,21.335297122842974
473500.0,healthy,801.1218617603608,0.0,1.5,26.96130185265859
474000.0,healthy,777.6345115829349,0.0,1.5,21.301584167873035
474500.0,healthy,715.6543023076102,0.0,1.5,29.310904976551548
475000.0,healthy,758.5881435164332,0.9877333265937237,1.5,21.8447041935429
475500.0,healthy,789.1388336836063,1.8612057459425235,1.5,21.531593245521087
476000.0,healthy,657.3673453859861,0.6553712685484853,1.5,13.043789054463376
476500.0,healthy,619.7764584054049,0.0,1.5,28.001663431518857
477000.0,healthy,620.433008027143,0.0,1.5,13.455398363828717
477500.0,healthy,600.0,0.0,1.5,22.421017966777615
478000.0,healthy,600.0,0.0,1.5,24.790603538936676
478500.0,healthy,621.027086611796,0.0,1.5,26.318351387904052
479000.0,healthy,687.2950682301865,0.0,1.5,23.546882580844308
479500.0,healthy,680.3724787257481,0.0,1.5,26.326757872864146
480000.0,healthy,696.23068701994,0.0,1.5,19.01390759579367
480500.0,healthy,681.1925950494112,0.0,1.5,25.31974356059679
481000.0,healthy,764.6360952349073,0.0,1.5,29.32663420064903
481500.0,healthy,784.1425070483658,0.0,1.5,26.21700501090083
482000.0,healthy,838.3362384951417,0.09193514958125727,1.5,18.077137541346854
482500.0,healthy,751.9047783976315,0.060885245726059606,1.5,15.194354739203133
483000.0,healthy,856.8543307354876,0.0,1.6824699319430207,34.15615153992701
483500.0,healthy,821.1398037253791,0.0,1.5,37.15124762821615
484000.0,healthy,754.1095489458469,0.0,1.5,30.659053307630984
484500.0,healthy,772.1945416287406,0.0,1.5,28.54063182445384
485000.0,healthy,1220.970141091622,7.227183063133238,1.5,34.67434743136463
485500.0,healthy,1157.2027194241928,7.360114779351852,1.5,28.326992442243704
486000.0,healthy,996.1017396139254,6.145516921855859,1.5,34.93822196564645
486500.0,healthy,938.7479254078971,5.089899272663485,1.5,20.96692950408731
487000.0,healthy,898.8435627490045,5.279117044284181,1.5,31.68410898800869
487500.0,healthy,1015.7777971330615,7.469279704109335,1.5,26.82232674441643
488000.0,healthy,1136.1300154785122,7.968,1.5,42.23610794639016
488500.0,healthy,1140.4590678789546,7.968,1.5,42.83657891087967
489000.0,healthy,1123.7378309024916,7.968,1.5,26.45273156373137
489500.0,healthy,1229.7083177172808,7.968,1.6114146213117526,31.29952078222911
490000.0,healthy,1231.8572568846093,7.968,1.5,34.273663982107216
490500.0,healthy,990.9260745395243,4.066969054537107,1.5,32.10552957500563
491000.0,healthy,1048.5322146658984,3.523784979579145,1.5,24.5900299657454
491500.0,healthy,1012.6112758399964,3.2274624946220567,1.5,30.459174854677492
492000.0,healthy,871.2237332241804,1.3184255700384313,1.5,29.429428793979486
492500.0,healthy,763.9100791685888,0.0,1.5,22.62784844224166
493000.0,healthy,782.3159260876967,0.0,1.5,9.449127933973296
493500.0,healthy,838.4536517367156,0.0,1.5,20.82126499275188
494000.0,healthy,808.1641401319691,0.0,1.5,22.46889764946983
494500.0,healthy,723.0070341454814,0.0,1.5,29.10839076176267
495000.0,healthy,699.9923975231181,0.0,1.5,20.533150662670902
495500.0,healthy,660.3671941691092,0.0,1.5,25.399418874529488
496000.0,healthy,625.9283978449932,0.0,1.5,10.40458445891031
496500.0,healthy,649.7462459937902,0.0,1.5,13.19035758599477
497000.0,healthy,600.0,0.0,1.5,19.84637005730755
497500.0,healthy,600.0,0.0,1.5,35.06290179980782
498000.0,healthy,600.0,0.0,1.5,27.17929097190613
498500.0,healthy,600.0,0.0,1.5,26.322037765095494
499000.0,healthy,684.9012133754358,0.0,1.5,33.42834875535307
499500.0,healthy,601.2905076335117,0.0,1.5,24.72867650753732
500000.0,healthy,725.9103806026886,0.0,1.5,16.968112858878783
500500.0,healthy,782.2991388670152,0.0,1.5,20.206861368452305
501000.0,healthy,774.5566785499742,0.0,1.5,27.795140776864738
501500.0,healthy,791.5896696902132,0.0,1.5,12.107090735155419
502000.0,healthy,780.3293763122489,0.0,1.5,31.52328987288214
502500.0,healthy,840.5734918849184,0.0,1.5,17.328998086144352
503000.0,healthy,797.190649752753,0.0,1.5,8.276849421010876
503500.0,healthy,775.3348997372174,0.0,1.5,24.060923355408416
504000.0,healthy,769.5416617999535,0.0,1.5,20.699640757360388
504500.0,healthy,818.6019406160764,1.338601029231494,1.5,22.08652999294025
505000.0,healthy,912.5265258449061,2.3945495708849975,1.5,27.245640310658892
505500.0,healthy,809.1165548407723,1.7377583404484442,1.5,27.825228881122797
506000.0,healthy,707.8192353876176,0.6362416409024253,1.5,27.638544913023516
506500.0,healthy,600.0,0.4593154190491572,1.5,19.831786173282822
507000.0,healthy,677.3157184300203,0.9584738532064465,1.5,34.50341869511314
507500.0,healthy,751.2327674863478,2.6489511505182075,1.5,35.815266079403145
508000.0,healthy,852.5395307093397,3.956299536257581,1.5,23.511901457080807
508500.0,healthy,928.2868390382608,4.505835129601471,1.5,30.496403506967326
509000.0,healthy,933.82159484309,3.905723127473957,1.5,27.591073028652662
509500.0,healthy,846.1540446924733,2.2218620053581217,1.5,11.42319640885837
510000.0,healthy,689.0137880427344,0.19836031715462868,1.5,25.21213666754486
510500.0,healthy,741.2291177211488,0.0,1.5,26.842165770376397
511000.0,healthy,787.5360093170389,0.0,1.5,28.032927933362718
511500.0,healthy,765.5753786866184,0.0,1.5,20.945494413371005
512000.0,healthy,801.5227125601124,0.0,1.5,18.140766842957532
512500.0,healthy,822.9125751230291,0.0,1.5,10.433283007460831
513000.0,healthy,844.3664984010522,0.0,1.5,38.46940726967777
513500.0,healthy,780.7088815045416,0.0,1.5,28.165623959657196
514000.0,healthy,804.4207066081073,0.0,1.5,23.542992802160377
514500.0,healthy,691.8028695595887,0.0,1.5,31.657153231875455
515000.0,healthy,1182.6668151683227,7.389705993655301,1.5,31.780898775385662
515500.0,healthy,1165.5286517800437,6.915459623870844,1.5,32.69082604221492
516000.0,healthy,930.3507809623019,5.453403278155269,1.5,13.442000656026163
516500.0,healthy,775.3032282023546,3.5892829921856926,1.5,29.0567797945444
517000.0,healthy,722.4215406762514,2.4700109192588613,1.5,16.85872603494463
517500.0,healthy,782.9156458297151,2.8370567009301952,1.5,12.661307150169705
518000.0,healthy,738.29064240758,2.7969977558306245,1.5,28.90960770909527
518500.0,healthy,771.830780747459,2.17355587853845,1.5,25.85403857268205
519000.0,healthy,724.5493578080375,1.515712552957718,1.5,9.741180511090167
519500.0,healthy,749.0446600534627,1.6637161166346157,1.5,14.90361423597694
520000.0,healthy,927.2751611122164,3.0514107626416944,1.5,38.736928191362395
520500.0,healthy,763.9006458245395,0.0,1.5,16.752233418034212
521000.0,healthy,808.8558521073885,0.6366088045850258,1.58300234741928,27.466800978463496
521500.0,healthy,965.7441287282064,3.049265279972298,1.5,30.4861766887824
522000.0,healthy,1060.3952458988367,4.143866961779977,1.5,36.07758197632362
522500.0,healthy,1068.3947744690172,3.9935327915346743,1.5,30.31885221843829
523000.0,healthy,950.0965134976425,2.9443250567477572,1.5,32.01736858137812
523500.0,healthy,913.3605566547341,1.7712700036480284,2.138766352284539,23.867699167696774
524000.0,healthy,946.3616069994038,2.006450390927271,1.5,30.123466765401474
524500.0,healthy,864.4691557797439,1.516172977325503,1.5,28.797607919301765
525000.0,healthy,666.0067651153136,0.5368086591881195,1.5,18.529185482929705
525500.0,healthy,696.5872980860779,0.0,1.5,5.0
526000.0,healthy,600.0,0.0,1.5,32.092916586776745
526500.0,healthy,614.590544660677,0.0,1.5,30.768158970493978
527000.0,healthy,600.0,0.0,1.5,30.808124223417252
527500.0,healthy,705.6882117297528,2.34720901060642,1.5,33.99651623365084
528000.0,healthy,846.5578543069041,4.009220765298066,1.5,35.99079776485874
528500.0,healthy,921.9497521045711,4.367263487338402,1.5,22.432410224446862
529000.0,healthy,901.5953637673454,3.5954009863641643,1.5,27.597946611725604
529500.0,healthy,704.2547477787234,0.8270488362345004,1.5,18.294412827119494
530000.0,healthy,710.0092255761625,0.07077488450203208,1.5,21.206063909956157
530500.0,healthy,677.3366718469141,0.0,1.5,22.832147675699304
531000.0,healthy,805.3938670801792,0.0,1.5,30.46069281783244
531500.0,healthy,751.446340773453,0.0,1.5,29.462975915162986
532000.0,healthy,849.4876225821737,0.0,1.5,36.68106244437313
532500.0,healthy,816.802174155973,0.0,1.5,13.122468445753173
533000.0,healthy,850.9906293036202,0.0,1.5,31.922123232047223
533500.0,healthy,779.2735175531448,0.0,1.5,21.868549348896114
534000.0,healthy,816.4013977185919,0.0,1.5,27.860516407941162
534500.0,healthy,734.4487495176223,0.0,1.5,33.73104477553168
535000.0,healthy,726.6690399842602,0.0,1.501961104671093,31.412858897016502
535500.0,healthy,615.4256722636242,0.0,1.5,5.0
536000.0,healthy,600.0,0.0,1.5,16.722008531198963
536500.0,healthy,620.6239387223866,0.0,1.5,30.714760417074256
537000.0,healthy,600.0,0.0,1.5,35.80686680559336
537500.0,healthy,600.0,0.0,1.5,11.676177619966172
538000.0,healthy,600.0,0.0,1.5,11.381273838221228
538500.0,healthy,600.0,0.10143756317229857,1.5,14.93830960467358
539000.0,healthy,621.4726128273861,0.0,1.5,34.691005855222734
539500.0,healthy,696.8738297162898,0.0,1.5,25.283187876019664
540000.0,healthy,728.8075845604588,0.0,1.5,21.592860308396673
540500.0,healthy,752.0448485212629,0.18701243668773757,1.5,19.94536127421442
541000.0,healthy,921.7637099240474,2.829966222581256,1.5,20.590901567876173
541500.0,healthy,967.0850812413225,3.3771411568701204,1.5,51.1535240698374
542000.0,healthy,920.9517099138068,2.932685084169873,1.5,24.163178461032324
542500.0,healthy,1005.4376508841112,2.167701566743051,1.5,10.47417416954194
543000.0,healthy,883.632949769614,0.850564479780368,1.5,24.792795215018472
543500.0,healthy,856.7682430869627,1.172729621903652,1.5,25.435131833016747
544000.0,healthy,949.5203965998103,1.93293797924866,1.5368478361148679,18.98251814391203
544500.0,healthy,852.8369733248385,2.129597253528471,1.5,18.62693382283341
545000.0,healthy,1183.7497548294375,7.968,1.5,31.083740209928713
545500.0,healthy,1164.2690622528014,7.968,1.5,14.608323031541076
546000.0,healthy,1085.829377297931,7.968,1.5,24.26842853881712
546500.0,healthy,1116.3765556696696,7.968,1.5,21.941502503194858
547000.0,healthy,1121.8970938591822,7.968,1.5,37.26145106345454
547500.0,healthy,1109.4197290510067,7.968,1.5,20.513576281301788
548000.0,healthy,1068.1113987656313,7.968,1.5,24.3933752443212
548500.0,healthy,1086.7173024241893,7.968,1.5,20.804749693764343
549000.0,healthy,1083.3023817962287,6.6647302612156665,1.5,34.07624339838073
549500.0,healthy,973.3394416199842,4.641371618625927,1.5,24.20938015242452
550000.0,healthy,952.2793147879506,3.073842609936319,1.5,30.558879135954903
550500.0,healthy,787.3083601770203,0.0,1.5,34.1273868198079
551000.0,healthy,782.9793227740175,0.0,1.5,26.51907112003983
551500.0,healthy,808.5807621401372,0.0,1.5,32.73553748884667
552000.0,healthy,827.5937130248269,0.0,1.5,25.264806600391918
552500.0,healthy,810.3349761359924,0.0,1.5,38.059435920380636
553000.0,healthy,809.7966855854061,0.0,1.5,24.948390481022052
553500.0,healthy,807.4192170301033,0.0804971154261903,1.5,12.783131019750554
554000.0,healthy,773.8037652467835,0.0,1.5,40.82177185761574
554500.0,healthy,697.0097205399024,0.0,1.5,19.235405996213355
555000.0,healthy,663.5161794709281,0.0,1.5,10.42548364481645
555500.0,healthy,702.0934056644185,0.0,1.5,5.201493729265305
556000.0,healthy,628.4435299137086,0.0,1.5,30.637140599997572
556500.0,healthy,641.1166119094695,0.0,1.5,33.82751474763613
557000.0,healthy,611.2618053782132,0.0,1.5,17.461686497726966
557500.0,healthy,600.0,0.0,1.5,20.494238907146595
558000.0,healthy,600.0,0.0,1.5,10.477281389067993
558500.0,healthy,600.0,0.0,1.5,30.302760059740166
559000.0,healthy,638.2361236908505,0.0,1.5,24.674272876330882
559500.0,healthy,630.3751611699615,0.0,1.5,20.467349273390436
560000.0,healthy,776.5804283334627,1.6208371208832253,1.5,31.328089322502674
560500.0,healthy,1050.9088811047266,4.6696642922893945,1.5,12.317019762623516
561000.0,healthy,1255.206937727211,6.946808961240611,1.5,25.27955910440519
561500.0,healthy,1262.2954300132349,7.005192179874217,1.5,29.483954499345757
562000.0,healthy,1183.7922092326173,5.610925286198428,1.5,35.808933748223616
562500.0,healthy,1006.8984352882206,3.030941640933489,1.5,19.04076471649946
563000.0,healthy,937.8512046202724,1.6157086494152157,1.5,16.79570210054299
563500.0,healthy,771.3823883798445,0.6356091404224866,1.5,19.673371072163814
564000.0,healthy,809.2750461853121,0.5096606166181988,1.5,11.741304380699878
564500.0,healthy,744.351359362448,0.0,1.5,6.6695386649858115
565000.0,healthy,646.3447129657795,0.0,1.5,40.19760209963191
565500.0,healthy,705.6831704821925,0.0,1.5,36.84727701152991
566000.0,healthy,643.3855697101346,0.0,1.5,7.210295908195231
566500.0,healthy,633.919200770094,0.0,1.5,15.522945584156812
567000.0,healthy,600.0,0.0,1.5,36.531059677295076
567500.0,healthy,600.0,0.0,1.5,39.04409658877841
568000.0,healthy,600.0,0.0,1.5,22.46241606415453
568500.0,healthy,600.0,0.0,1.5,17.54604757697077
569000.0,healthy,633.5970966618955,0.0,1.5,7.457313593681652
569500.0,healthy,617.0914354517136,0.0,1.5,18.773953553020625
570000.0,healthy,715.8907818782196,0.0,1.6198941779393654,36.24230791322144
570500.0,healthy,732.1657339690927,0.0,1.5,40.66119804200233
571000.0,healthy,795.4166260554235,0.007515678666682134,1.5,26.580117612963218
571500.0,healthy,876.8745083791492,0.0,1.5,27.383347309101932
572000.0,healthy,801.160387814708,0.0,1.5,33.572964425967626
572500.0,healthy,831.962009456039,0.0,1.5,13.192760668338318
573000.0,healthy,852.8084870941141,0.0,1.5,31.020116694822743
573500.0,healthy,771.401015493372,0.0,1.5,28.87197918549601
574000.0,healthy,786.701757166238,0.0,1.5,32.042823922352994
574500.0,healthy,769.8733560767575,0.0,1.5,25.06535510065689
575000.0,healthy,1196.747991425403,7.968,1.5,25.891813530150017
575500.0,healthy,1168.256462805707,7.554437582489179,1.5,34.49047621717592
576000.0,healthy,1113.7371056149173,7.4543716908897535,1.5,23.9119039372896
576500.0,healthy,1058.17648478274,7.652580248668167,1.5,34.48534485131948
577000.0,healthy,1085.4964198585312,7.968,1.5,39.68051655302841
577500.0,healthy,1121.7839214625492,7.968,1.5,31.453419789583716
578000.0,healthy,1153.5733261478076,7.968,1.5,44.412582402577684
578500.0,healthy,1158.5112495416736,7.968,2.5342166828815684,45.65898447247713
579000.0,healthy,1133.9103412053369,7.968,1.5,45.834609917792626
579500.0,healthy,1165.0385025382188,7.968,1.5,30.47520882457621
580000.0,healthy,1214.0764969638008,7.968,1.5,10.33572170282952
580500.0,healthy,1062.1875347786556,4.881730718822117,1.5,26.441686387330396
581000.0,healthy,1050.7152259612294,4.793009650684461,1.5,33.94318758444295
581500.0,healthy,955.8585064451524,2.795487847229188,1.5,27.783251934785856
582000.0,healthy,896.4812523906196,0.643109250267784,1.5,29.58461710835592
582500.0,healthy,850.3962621238579,0.0,1.5,20.945814792706642
583000.0,healthy,822.2648519909689,0.0,1.5,14.29556511653041
583500.0,healthy,816.7443492970235,0.0,1.5,30.483839197773257
584000.0,healthy,793.8770750645505,0.0,1.5,29.59444669296338
584500.0,healthy,783.3733335688029,0.0,1.5,27.685392836741205
585000.0,healthy,776.8300276381302,0.0,1.5,27.027996181415027
585500.0,healthy,618.913025798593,0.0,1.5,24.623563858963323
586000.0,healthy,700.5770478708005,0.4388885613962621,1.5,27.908179328123072
586500.0,healthy,658.4842048349711,0.0,1.5,17.123722747085708
587000.0,healthy,600.0,0.0,1.5,21.75408845391394
587500.0,healthy,620.7707137114003,0.0,1.5,14.280353777089294
588000.0,healthy,600.0,0.0,1.5,14.13414513940874
588500.0,healthy,600.0,0.0,1.5,9.276721838337556
589000.0,healthy,624.0351079364294,0.0,1.5,42.53174019348275
589500.0,healthy,663.7403584364295,0.0,1.5,25.401425229395752
590000.0,healthy,743.4675549067385,0.0,1.5,23.45723887816501
590500.0,healthy,715.2556145898429,0.0,1.5,23.623331737541644
591000.0,healthy,706.7058103223766,0.0,1.5,35.69981746400917
591500.0,healthy,729.6247779936389,0.0,1.5,10.457858383721787
592000.0,healthy,743.9809239886426,0.0,1.5,31.983028169868287
592500.0,healthy,815.9009436342465,0.0,1.5,21.30533671125073
593000.0,healthy,910.165484963319,0.06026732752708247,1.5,38.30792581143079
593500.0,healthy,1010.6685682104027,2.6698072785127542,1.5,9.077122137097938
594000.0,healthy,1074.0537827983112,4.548386582965443,1.5,32.7476222259628
594500.0,healthy,1052.1985014377356,4.300134163579872,1.5,40.834442895726234
595000.0,healthy,905.5023376811012,3.3527284065568255,1.5,18.697047138796922
595500.0,healthy,741.7335254444981,1.150548967696844,1.5,16.027135909645423
596000.0,healthy,632.7252871693344,0.0,1.830792656544259,39.57634269865642
596500.0,healthy,646.3979271544569,0.0,1.5,12.225920785634978
597000.0,healthy,600.0,0.15068988701408498,1.5,34.56600746528853
597500.0,healthy,644.7880709019645,0.5555839488817125,1.5,7.9312051914475
598000.0,healthy,660.805948617364,0.6409960402175664,1.5,8.163244496393087
598500.0,healthy,600.0,0.44059975541025875,1.5,22.93300806925595
599000.0,healthy,649.8660599597324,0.2046467017275761,1.5,29.985824980819974
599500.0,healthy,798.9097325967605,1.6695114534698343,1.5,26.918748703686315
600000.0,healthy,916.8406495573847,3.4145932067843754,1.5,20.428110126227836
600500.0,healthy,1015.1940547749306,4.585130340319121,1.5,24.74554618079419
601000.0,healthy,1036.7930896420064,4.186060427729871,1.5,27.411563840177276
601500.0,healthy,908.1367195866129,1.7651045442801752,1.5,27.400393633245727
602000.0,healthy,817.5832486661719,0.0,1.5,16.775809642810337
602500.0,healthy,858.2053059893074,0.08541230529288786,1.5,23.05794140144632
603000.0,healthy,817.2765948425676,0.0,1.5,21.815524415968266
603500.0,healthy,802.9258002145036,0.0,1.5,21.045842546052075
604000.0,healthy,711.3762715345339,0.0,1.5,20.766578382181876
604500.0,healthy,734.7943451834144,0.0,1.5,24.595312645628066
605000.0,healthy,897.7487310263942,2.471889575011582,1.5,19.5614578606447
605500.0,healthy,784.2860549661891,2.3587344276779127,1.5,24.557694506043102
606000.0,healthy,830.9853579341781,2.3820277459311656,1.5,36.66942708777501
606500.0,healthy,878.1968655206665,4.056996732555675,1.5,27.229211509124102
607000.0,healthy,964.9843469705626,5.193574289789191,1.5,26.66303969327356
607500.0,healthy,961.5239196682447,6.054735998860409,1.5,28.957997166394314
608000.0,healthy,914.9755483521046,5.603491243247063,1.5,22.797362542563125
608500.0,healthy,839.4529698236388,4.060438958789225,1.5,25.51452563670639
609000.0,healthy,852.2255992891671,3.1072690036494044,1.5,35.05647901052964
609500.0,healthy,894.2170507975895,3.5088833709773097,1.5,37.34003349676204
610000.0,healthy,1081.1272058178865,5.6269998897861875,1.5,35.11752162514085
610500.0,healthy,707.5608041828488,0.05586669429306828,1.5,26.046067362368884
611000.0,healthy,795.103429955243,0.0,1.5,15.420550589382438
611500.0,healthy,800.2485406417537,0.0,1.5,9.273034941949637
612000.0,healthy,851.9774794736861,0.0,1.5,26.31537993034936
612500.0,healthy,863.261779794871,0.17480766216448204,1.5,18.5025304705646
613000.0,healthy,960.4327566805051,2.131334754916336,1.5,38.98793632564852
613500.0,healthy,942.9764074323318,2.7965272859568358,1.5,26.74081479006081
614000.0,healthy,1075.8045005321867,4.125447880330597,1.5,34.66665030751103
614500.0,healthy,857.2572427544152,2.448690774983786,1.5,27.1655317768248
615000.0,healthy,709.3832291161478,1.1714176625647663,1.5,23.055096945799782
615500.0,healthy,666.6079924381709,0.0,1.5,14.79197280758552
616000.0,healthy,628.0925534363305,0.21433400932212535,1.5,27.536370742340562
616500.0,healthy,641.9607718724457,0.9011000091928495,1.5,10.559019517592878
617000.0,healthy,670.0731541293278,2.102892327511409,1.5,14.231355004804131
617500.0,healthy,715.2329997276082,2.201505797621377,1.5,19.514017730335397
618000.0,healthy,776.0307522185399,2.21636859234801,1.5,6.029989095368869
618500.0,healthy,761.5226286479117,1.7701014091629221,1.5,30.65943798105084
619000.0,healthy,751.5303621116517,1.0093829759635218,2.5570243687837984,15.442777801934868
619500.0,healthy,795.0545913097842,1.5932997640494542,1.5,33.80009122487502
620000.0,healthy,813.0871953492236,1.3733371832552297,1.5,28.891103454849095
620500.0,healthy,842.2315876208675,1.0010533532312509,1.5,28.366264732976976
621000.0,healthy,857.047440592492,0.0,1.5,15.024039885564017
621500.0,healthy,772.9147009873598,0.0,1.5,19.62517261041393
622000.0,healthy,847.8178629169805,0.0,1.5,19.474625763600745
622500.0,healthy,807.8355316076997,0.0,1.5,18.56757748547818
623000.0,healthy,877.0420952550278,0.0,1.5,25.206216933041834
623500.0,healthy,793.6574375150667,0.0,1.5,28.563459863683068
624000.0,healthy,805.6370000234384,0.0,1.5,46.50477160105784
624500.0,healthy,745.8506943382786,0.0,1.5,19.761270503901276
625000.0,healthy,779.5888460190586,0.0,1.5,14.674822240788306
625500.0,healthy,610.6504606391472,0.0,1.5,22.72177979004079
626000.0,healthy,665.3833971359486,0.03567942303838384,1.5,18.807244478616603
626500.0,healthy,600.0,0.0,1.5,21.192903731539182
627000.0,healthy,600.0,0.0,1.5,21.303731521445044
627500.0,healthy,600.0,0.0,1.5,36.65988955110414
628000.0,healthy,600.0,0.0,1.5,41.54261402511038
628500.0,healthy,600.0,0.0,1.5,22.038326117063832
629000.0,healthy,603.619910726655,0.0,1.5,15.113117585565833
629500.0,healthy,609.2710231586565,0.0,1.5,23.114217292010288
630000.0,healthy,688.965584191438,0.0,1.5,30.962563055775696
630500.0,healthy,731.3225687761351,0.0,1.5,18.914865474044284
631000.0,healthy,723.1501708641294,0.43043985940468793,1.5,22.25024324791682
631500.0,healthy,831.7523236542625,0.9179123250592865,1.5,22.691174286315515
632000.0,healthy,979.7196959970302,2.0258719242078658,1.5,22.428522916877185
632500.0,healthy,1027.6003675441673,3.4100061705191718,1.5,24.34013809456586
633000.0,healthy,1168.9460809116763,5.935506867688662,1.5,40.2979928768991
633500.0,healthy,1170.648747323424,7.017806507052112,1.5,38.58233397823767
634000.0,healthy,1121.2556518389024,5.652374418774969,1.5,18.26008327443295
634500.0,healthy,959.643224358043,3.3479794625561876,1.5,24.032408934281015
635000.0,healthy,1203.7626327775151,7.968,1.5,34.8840894579878
635500.0,healthy,1232.5079024869844,7.838092865875898,1.5,28.368334090590974
636000.0,healthy,1056.3576140760035,7.25088927814576,1.5,16.666758747880465
636500.0,healthy,1124.4057221536382,7.930871212585312,1.5,46.024360758011156
637000.0,healthy,1080.6423269828201,7.755188784359196,1.5,24.524531738802978
637500.0,healthy,996.7472642409443,7.138476712539152,1.5,36.8415668725338
638000.0,healthy,1005.4530660520927,6.824571620417026,1.5,30.11509685144542
638500.0,healthy,988.1518260575796,5.625465272595495,1.5,20.8543050029541
639000.0,healthy,1050.5919130973152,6.4110761257187745,1.5,35.707333382609704
639500.0,healthy,1106.7394202556918,6.985589545331412,1.5,37.466813480683136
640000.0,healthy,1193.833612165599,7.917936159391887,1.5,32.46517892374049
640500.0,healthy,756.7136294431417,0.0,1.5,16.789283383754846
641000.0,healthy,766.467248405937,0.0,1.5,21.863268250948217
641500.0,healthy,782.6620478195157,0.0,1.5,19.613997486111007
642000.0,healthy,843.8851979574309,0.00868201589034555,1.5,24.705874466749805
642500.0,healthy,820.5019840366749,0.1475323467512925,1.5,14.534373389290918
643000.0,healthy,834.0797960165627,0.0,1.5,37.251564811594584
643500.0,healthy,790.138350845278,0.0,1.5,25.272544620592086
644000.0,healthy,808.859918240181,0.0,1.6677942305314708,30.17030835970447
644500.0,healthy,749.6946364717317,0.0,1.5,38.51943710722988
645000.0,healthy,706.0817838445888,0.0,1.5,30.39865696845725
645500.0,healthy,660.6178337147356,0.0,1.5,20.101215501641605
646000.0,healthy,600.0,0.0,1.5,21.650657080661823
646500.0,healthy,669.3012160759848,0.0,1.5,15.282593847285028
647000.0,healthy,600.0,0.013788258659416696,1.5,24.448334027865034
647500.0,healthy,600.0,0.0,1.5,15.711768976231454
648000.0,healthy,600.0,0.0,1.5,18.239685079244087
648500.0,healthy,600.0,0.0,1.9360869981939632,15.624947222748789
649000.0,healthy,607.6082069261322,0.0,1.5,21.634614790625918
649500.0,healthy,688.3201090912958,0.6941079149010037,1.5,13.14676755859914
650000.0,healthy,866.1806407950124,2.3979636958543775,1.5,26.00953002590111
650500.0,healthy,995.9577085021715,4.283221187740144,1.5,25.719822237225014
651000.0,healthy,1041.3250449408379,3.297591210708265,1.5,36.60629256538572
651500.0,healthy,1035.1267200312855,3.378065969568867,1.5,29.574843464225644
652000.0,healthy,1021.0674718892216,3.5529807908382893,1.5,16.381001966124174
652500.0,healthy,1114.3193445034174,3.914892636844293,1.5,31.552748717773873
653000.0,healthy,1065.5699077312772,3.6691596654901897,1.5,38.46313569989634
653500.0,healthy,957.9630136759979,2.766148345858639,1.6691817357990835,36.634288511395
654000.0,healthy,876.0184057100037,0.7742055463348261,1.5,18.23783374704228
654500.0,healthy,670.8717678622576,0.0,1.7213298237071064,13.434717814723902
655000.0,healthy,660.9833251920038,0.0,1.5,25.93500642041424
655500.0,healthy,647.0354754881304,0.0,1.5,19.321701874751504
656000.0,healthy,628.2656221750667,0.0,1.5,28.441780799304244
656500.0,healthy,615.9272810310468,0.0,1.5,38.29371021639354
657000.0,healthy,600.0,0.0,1.5,17.954850012973484
657500.0,healthy,600.0,0.0,1.5,25.815811383972388
658000.0,healthy,634.0776633242799,0.0,1.5,35.16850544274768
658500.0,healthy,626.5601218365302,0.0,1.5,28.230482197878537
659000.0,healthy,618.8902812987518,0.0,1.5,5.283899433632271
659500.0,healthy,695.2186428887765,0.0,1.5,26.31120623257349
660000.0,healthy,691.2513369334528,0.0,1.5,22.408362256744585
660500.0,healthy,807.6201832613299,0.0,1.5,19.545166848183523
661000.0,healthy,734.8102890094393,0.0,1.5,23.945769630641244
661500.0,healthy,736.6773979122827,0.0,1.5,17.340000711833504
662000.0,healthy,797.8227708564372,0.0,1.5,41.26410645056255
662500.0,healthy,812.8338135259959,0.0,1.5,21.247930950624394
663000.0,healthy,822.5402266059856,0.0,1.5,23.752137830518244
663500.0,healthy,861.4224512215777,0.0,1.5,22.050401781853157
664000.0,healthy,808.6196524436131,0.0,1.5,10.158475262722549
664500.0,healthy,718.5667542655959,0.0,1.5,17.66290022354141
665000.0,healthy,1189.4536179821469,7.968,1.5,40.82693326806449
665500.0,healthy,1233.184507499621,7.968,1.5,29.474595081894535
666000.0,healthy,1132.9122209985067,7.968,1.5,29.90938489487357
666500.0,healthy,1150.633999021735,7.968,1.5,14.583853937026635
667000.0,healthy,1092.1103372155653,7.968,1.5,20.123729776300316
667500.0,healthy,1112.6586982442896,7.968,1.5,27.92999620985331
668000.0,healthy,1136.3494937762355,7.968,1.5,27.782341242443913
668500.0,healthy,1053.2840077235078,6.8340053313461535,1.5,35.092802021316054
669000.0,healthy,1112.1478890671328,7.808803807159018,1.5,23.04785517222316
669500.0,healthy,1204.2478431888871,7.968,1.5,43.6528952280107
670000.0,healthy,1279.9523138327518,7.968,1.5,27.521243708539163
670500.0,healthy,918.8061088609,2.7648050413259053,1.5,29.90381861756877
671000.0,healthy,914.0632426973547,2.4181100528628026,1.5,18.798732865356257
671500.0,healthy,1001.8906623898822,2.2427057594747506,1.5,20.71465803517169
672000.0,healthy,975.1251797858965,2.4235808276596607,1.747575036327257,33.56442454148424
672500.0,healthy,1015.3280418423054,3.069741992804841,1.5,26.441939450998728
673000.0,healthy,951.9485614506945,2.761348217917514,1.5,14.621666373434858
673500.0,healthy,933.1495149046359,1.7677163781510798,1.5,43.56439647526598
674000.0,healthy,790.6141098367633,0.0,1.5,48.25561713423004
674500.0,healthy,767.5143595000251,0.0,1.5,28.680164182667188
675000.0,healthy,661.0829088205123,0.0,1.5,21.96559343784768
675500.0,healthy,651.4831818452612,0.0,1.5,13.33867954144079
676000.0,healthy,617.4770184876718,0.0,1.5,13.344060605434402
676500.0,healthy,600.0,0.0,1.5,26.836089112388976
677000.0,healthy,630.4271424905735,0.0,1.5,18.62163060289624
677500.0,healthy,628.6892187628607,0.0,1.5,31.465473673401252
678000.0,healthy,644.6474957959547,0.0,1.5,13.778170158049308
678500.0,healthy,631.9673872247724,0.0,1.5,31.552303731000308
679000.0,healthy,609.0127373811288,0.0,1.5,25.00464363641226
679500.0,healthy,666.6960324001778,0.0,1.5,26.42598438001557
680000.0,healthy,751.2004282138247,0.0,1.5,13.461157890778031
680500.0,healthy,669.8009402472352,0.0,1.5,18.93393715918318
681000.0,healthy,781.6160555744236,0.0,1.6562113948836896,25.172198145445417
681500.0,healthy,789.8220143414023,0.11137523955608013,1.5,33.23333254914702
682000.0,healthy,851.8918069429204,0.0,1.5,14.921818596225563
682500.0,healthy,858.1039144011896,0.0,1.5,16.838240929587215
683000.0,healthy,801.3421407130804,0.2267678921571548,1.5,14.521560338681649
683500.0,healthy,882.1771644522373,1.1749755917155893,1.5,17.020509550743135
684000.0,healthy,786.7798326629352,1.2400164552757604,1.5,23.659631644274157
684500.0,healthy,872.5464597972924,1.481226840506246,1.5,25.08903302427942
685000.0,healthy,761.2088737505471,0.3076202166225349,1.5,28.45401651962348
685500.0,healthy,791.0529285193492,1.7135794559254427,1.5,17.338053691714858
686000.0,healthy,791.9049971275806,1.8472718134898203,1.5,34.93898985887416
686500.0,healthy,730.9088175698414,2.157172633884173,1.5,20.918127068529664
687000.0,healthy,697.2372055852278,1.4499431436722805,1.5,29.061138271696056
687500.0,healthy,621.1198300751739,0.32798204050540924,1.5,25.306476631505603
688000.0,healthy,600.0,0.0,1.5032833665451362,26.530549655488414
688500.0,healthy,607.1801312439505,0.0,1.5,20.682554756118563
689000.0,healthy,748.3302611347832,1.7831535949337363,1.5,29.88261083576137
689500.0,healthy,916.0685599918847,3.8643739087325546,1.5,24.071420505542143
690000.0,healthy,1049.991563117687,4.4277557085091805,1.5,34.22344784393858
690500.0,healthy,984.0037312371985,3.78716116014366,1.5,24.990102645154224
691000.0,healthy,843.5809275167957,2.2448371589297462,1.5,18.21307578564467
691500.0,healthy,863.1300444400567,0.6752726471784029,1.5,19.34887048662925
692000.0,healthy,802.7049046944749,0.0,1.5,25.25996184283254
692500.0,healthy,814.6652930603382,0.0,1.5,17.876830303093534
693000.0,healthy,827.8000130239715,0.0,1.5,35.705025484644736
693500.0,healthy,888.7152006140914,0.0,1.5,33.87722617679118
694000.0,healthy,801.5715141349415,0.0,1.5,19.298249106520245
694500.0,healthy,700.576809433721,0.0,1.5,5.0
695000.0,healthy,675.3939532577051,0.0,1.5,30.466116937978434
695500.0,healthy,674.7217703577915,1.5151837244980266,1.5,19.25199980436551
696000.0,healthy,812.5412469246801,3.6508377158244825,1.5,32.924877855198595
696500.0,healthy,926.1717939523269,5.618719935193171,1.5,11.418784927012553
697000.0,healthy,1016.0291689396465,6.945509052386321,1.5,20.871546573964043
697500.0,healthy,1016.1150670570898,6.362734100960016,1.5,34.898504368725696
698000.0,healthy,957.0306826249022,6.032888814844881,1.5,28.791943942851766
698500.0,healthy,1068.3850392405966,6.224954438398419,1.5,36.00604281788164
699000.0,healthy,1028.8056357370733,6.795586726872098,1.5,41.264567392847624
699500.0,healthy,1103.1757153905126,7.135156800430134,1.5,20.427353538994176
700000.0,healthy,1086.1717324490382,5.807325449635048,1.5,26.30407940320127
700500.0,healthy,740.8986702208683,0.0,1.6621132742462574,25.584040319175628
701000.0,healthy,749.4389851823502,0.0,1.5,12.671015060409859
701500.0,healthy,808.8540001607969,0.0,1.5,15.281157120114472
702000.0,healthy,833.5973773854307,0.0,1.5,20.876996029338528
702500.0,healthy,778.8816306115245,0.0,1.5,26.305194062112648
703000.0,healthy,893.2096964890386,2.0267722623843776,2.1397628884627524,39.78083050844638
703500.0,healthy,997.4958919889202,3.0796413576779234,1.5,32.49148194335621
704000.0,healthy,1046.0086414315795,4.0270069750410205,1.5,20.600611767805525
704500.0,healthy,1025.8912707799288,4.0137794682578,2.0210890411375493,28.4153249066967
705000.0,healthy,963.1700751344737,3.98593359733269,1.5,44.47128629369562
705500.0,healthy,996.0350287622755,4.673859840316179,1.5,27.192183430492566
706000.0,healthy,964.6430575847111,5.121226835049434,1.5,25.74013582655695
706500.0,healthy,862.0996051752634,3.5162894504962794,1.5,21.05813294277904
707000.0,healthy,617.6963736939721,1.7614303951949757,1.5,11.35697142804256
707500.0,healthy,600.0,0.0,1.5,25.238598794376664
708000.0,healthy,600.0,0.0,1.5,36.262016007843016
708500.0,healthy,640.5405463818008,0.0,1.5,29.062433491961585
709000.0,healthy,622.4543473335416,0.0,1.5,25.61517181124806
709500.0,healthy,622.4099286479425,0.0,2.161378126037376,32.80006195793462
710000.0,healthy,705.8022598447691,0.0,1.6561272759922063,21.487980992698674
710500.0,healthy,734.2456250781364,0.0,1.5,36.083420740568826
711000.0,healthy,711.4845709983074,0.0,1.5,15.272370829926702
711500.0,healthy,819.9386351427069,0.0,1.5,34.55992250995353
712000.0,healthy,806.9377102861207,0.0,1.5,35.60005958809957
712500.0,healthy,791.4993962368625,0.0,1.5,36.59581011855022
713000.0,healthy,821.5449250633691,0.0,1.5,20.350125699588038
713500.0,healthy,796.3142143603636,0.09737270352929621,1.5,21.760566304069066
714000.0,healthy,824.0807654620826,0.0,1.5,16.64523812529634
714500.0,healthy,750.2208850452831,0.0,1.5,27.355292916895795
715000.0,healthy,741.2942780343484,0.0,1.5,29.778644837963434
715500.0,healthy,691.8525816600944,0.0,1.5,13.012133323051227
716000.0,healthy,725.5480143576799,0.0,1.5,28.709083000202426
716500.0,healthy,600.0,0.0,2.18922154312586,27.199743659915825
717000.0,healthy,600.0,0.0,1.5,24.09395226782968
717500.0,healthy,620.9678971185615,0.0,1.5,11.62212498596343
718000.0,healthy,600.0,0.0,1.5,12.77409732097792
718500.0,healthy,600.0,0.0,1.5,16.70901374731705
719000.0,healthy,636.9084319222345,0.0,1.5,28.442361224384747
719500.0,healthy,662.4567987019122,0.0,1.5,24.616472748456623
720000.0,healthy,724.9086456231954,0.0,1.5,28.28313956062308
720500.0,healthy,685.2140930290714,0.0,1.5,9.63386267384673
721000.0,healthy,774.8305630828892,0.0,1.5,16.21796821951863
721500.0,healthy,766.2883929845688,0.18932157276586933,1.5,26.910838493902407
722000.0,healthy,1033.1733139923115,2.6956747977457365,1.5,42.38638067559645
722500.0,healthy,1195.3213833005586,5.383544571902558,1.5,24.110518542259634
723000.0,healthy,1195.3064962318595,6.170936254100945,1.5,28.382562912116626
723500.0,healthy,1221.9194907352194,5.755333201473618,1.5,36.09880987057155
724000.0,healthy,981.290763081419,3.9599462544741497,1.871095308284368,20.979848734795084
724500.0,healthy,864.7444405604693,2.4705018184639,1.5,33.63488240808336
725000.0,healthy,1200.2231441640743,7.968,1.5,28.900089672471292
725500.0,healthy,1197.3887596478878,7.968,1.5,39.62509455238903
726000.0,healthy,1199.5153949411344,7.968,1.5,29.491709659861176
726500.0,healthy,1104.4672279053366,7.231170591381096,1.5,30.56709491458111
727000.0,healthy,934.9367544848617,6.213564354151824,1.5,21.089378093291057
727500.0,healthy,819.8430012684079,4.101094043000688,1.5,20.886193409196466
728000.0,healthy,886.4888868238905,4.6717838670788066,1.5,46.69014741804097
728500.0,healthy,1014.9615867468088,6.4937323712644615,1.5,22.730431000766664
729000.0,healthy,1115.2515628228396,7.968,1.5,44.14324690468692
729500.0,healthy,1179.1633689188873,7.968,1.5,35.191002201356255
730000.0,healthy,1269.8072614178457,7.968,1.5,38.34853561714071
730500.0,healthy,750.1768829220006,0.0,1.5,35.77139234693966
731000.0,healthy,751.8606625863692,0.0,1.5,27.726295585937415
731500.0,healthy,753.0883690258258,0.0,1.5,39.458659167762725
732000.0,healthy,792.5030994555624,0.0,1.5,37.36339066701821
732500.0,healthy,825.6094594444061,0.0,1.5,28.732038716992836
733000.0,healthy,804.2008513406987,0.0,1.5,28.54490176379101
733500.0,healthy,787.3115481956261,0.0,1.5,13.265380608010432
734000.0,healthy,751.8588072413326,0.0,1.5,15.696854061820984
734500.0,healthy,669.3438922272793,0.0,1.5,34.632741455748146
735000.0,healthy,714.0796048660687,0.0,1.5,28.18726879073064
735500.0,healthy,631.2528923536584,0.0,1.5,13.161040238061112
736000.0,healthy,614.0186939668265,0.2922206227344569,1.5,22.454490771328224
736500.0,healthy,719.9301033088755,1.3260310704729525,1.5,34.70610774968885
737000.0,healthy,605.9637559555566,1.6021515562665465,1.5,20.371411972085497
737500.0,healthy,600.0,0.35952849700778516,1.5,36.80382821814964
738000.0,healthy,677.512241838708,0.8394714839151247,1.5,23.652808836256483
738500.0,healthy,733.704418361617,2.029709749854033,1.5,35.44396895602777
739000.0,healthy,759.1749244544841,1.949696573572272,1.5,10.42996129635596
739500.0,healthy,715.3318597466787,1.0351341864102621,1.5,22.142967077341304
740000.0,healthy,768.2318452863757,0.20761065144828897,2.357259470916867,14.28855851295509
740500.0,healthy,699.81064417197,0.0,1.5,27.004082459084756
741000.0,healthy,790.5773337939315,0.0,1.5,20.728976862881733
741500.0,healthy,814.9382507103464,0.0,1.7087717216741076,21.249574601091528
742000.0,healthy,939.5092581829647,1.9111498915254335,1.5,23.735548270825188
742500.0,healthy,1063.3043588129074,3.803555853544271,1.5,26.29879504400992
743000.0,healthy,1110.2578040035844,4.500203293813498,1.5,35.98878928450856
743500.0,healthy,1083.744349638734,3.7155695198421377,1.5,31.82067830415461
744000.0,healthy,842.205020117465,1.8384157526965805,1.5,24.873635932004355
744500.0,healthy,827.0606418397564,1.2074294442623696,1.5,18.7780536941428
745000.0,healthy,760.5404455275448,0.5333801630969364,1.5,30.260312194687494
745500.0,healthy,702.2216682647331,0.32867492393048015,1.5,28.420137550662155
746000.0,healthy,632.4812826016304,0.0,1.5,24.586388191112782
746500.0,healthy,627.4947588661851,0.0,1.5,19.84059959960095
747000.0,healthy,600.0,0.0,1.5,38.12028457285322
747500.0,healthy,600.0,0.0,1.5,32.081558523925736
748000.0,healthy,600.0,0.0,1.5,11.38558036699086
748500.0,healthy,679.3480230848415,0.0,1.5,5.0
749000.0,healthy,640.3968799179302,0.0,1.5,15.884212992203263
749500.0,healthy,646.4479816959471,0.0,1.5,28.306917508415257
750000.0,healthy,673.2449863784403,0.0,1.5,25.969559367555533
750500.0,healthy,734.1769286733049,0.0,1.5,22.9808478200388
751000.0,healthy,734.0279823605484,0.0,1.5,21.489987750430874
751500.0,healthy,787.236771712245,0.0,1.601069934014979,31.267928987816802
752000.0,healthy,803.1013513146502,0.0,1.5,22.446869589867184
752500.0,healthy,798.3178027045889,0.0,1.5,30.79410298490253
753000.0,healthy,816.6500918888756,0.0,1.5,33.449638499120596
753500.0,healthy,808.580244462603,0.0,1.5,27.391793328782565
754000.0,healthy,796.8921350942749,0.0,1.5,20.27568987912326
754500.0,healthy,732.9454948922181,0.0,1.5,25.240383810113787
755000.0,healthy,1216.9335864974835,7.968,1.5,32.33987459533073
755500.0,healthy,1117.5094784414591,7.968,1.5,36.16164480590555
756000.0,healthy,1199.5088621144862,7.968,1.5,31.695763821295188
756500.0,healthy,1123.7360181422412,7.968,1.5,20.731214213512004
757000.0,healthy,1113.4898347156811,7.968,1.5,32.32469486612334
757500.0,healthy,1115.6605897995298,7.968,1.5,29.122031750393166
758000.0,healthy,1112.5843055345592,7.968,1.5,23.59998456312898
758500.0,healthy,1141.0515373983626,7.968,1.5,38.298275049401155
759000.0,healthy,1202.168208328207,7.968,1.5,43.67133949047362
759500.0,healthy,1135.9260181575364,7.968,1.5,33.60963376514283
760000.0,healthy,1248.422960601872,7.968,1.5,22.49698332711874
760500.0,healthy,807.4373281086312,0.5070566351242839,1.5,17.06524884253358
761000.0,healthy,941.2182107397421,1.3549817573662286,1.5,34.57532427733683
761500.0,healthy,1006.0925926957811,3.524012639080436,1.5,26.682430756009683
762000.0,healthy,1099.0948997960627,4.8681897351346795,1.5,19.004890162242997
762500.0,healthy,1127.1740723074859,5.495888642663009,1.5,32.95696921631346
763000.0,healthy,1079.727985847619,4.496413726084742,1.5,45.8313250726045
763500.0,healthy,916.3977949725222,1.5024130496497603,1.5,17.82312993458087
764000.0,healthy,753.4628022536658,0.0,1.5,33.58457927136246
764500.0,healthy,760.6166115604,0.0,1.5,20.88544208144145
765000.0,healthy,722.7344267821093,0.0,1.5,10.688221651035255
765500.0,healthy,652.8720320707847,0.0,1.5,8.316007590507253
766000.0,healthy,600.0,0.0,1.5,8.86591113084031
766500.0,healthy,600.0,0.0,1.5,15.444740450474955
767000.0,healthy,600.0,0.0,1.5,26.00706976720332
767500.0,healthy,600.0,0.0,1.5,27.163689967311413
768000.0,healthy,617.2758988468662,0.0,1.5,22.07959573867743
768500.0,healthy,600.0,0.0,1.5,17.205006733820486
769000.0,healthy,689.8578336044873,0.0,1.5,23.426327986545054
769500.0,healthy,687.4716362803024,0.3571443414962838,1.5,21.53145290806143
770000.0,healthy,763.4787060649803,0.0,1.5,24.932072333256293
770500.0,healthy,747.2776226910055,0.0,1.5,5.0
771000.0,healthy,796.1883816102164,0.0,1.6843145336413448,10.16117975437743
771500.0,healthy,787.5928726953866,0.0,1.5,19.775300025981508
772000.0,healthy,900.7781415329425,0.0,1.5002506166427267,21.854452763110352
772500.0,healthy,771.1974153165958,0.0,1.5,7.465520662788052
773000.0,healthy,820.0377997559682,0.0,1.5,17.287622162670413
773500.0,healthy,797.7749262028442,0.0,1.5,37.06670980917211
774000.0,healthy,760.0377641774761,0.0,1.5,30.215381849673047
774500.0,healthy,691.0793597842243,0.0,1.5,21.277116915079066
775000.0,healthy,802.4554960633269,1.6921130409118341,1.5,27.03376894909848
775500.0,healthy,922.9374277090737,4.723604978254508,1.5,35.3229190287941
776000.0,healthy,953.6142898555187,4.972743607246599,1.5,19.27287094272532
776500.0,healthy,921.9330549155453,4.668714021474663,1.5,35.60666842530817
777000.0,healthy,773.821934379312,3.1885980457432663,1.5,24.64702825391441
777500.0,healthy,698.8396418707567,2.168959203412183,1.5,31.784778427617674
778000.0,healthy,724.433940326775,2.316058453155899,1.5,15.490166555130669
778500.0,healthy,730.5643532107806,2.4653172394786185,1.5,25.11290217072269
779000.0,healthy,782.0201355453985,2.369218033868053,1.5,30.06847164836424
779500.0,healthy,658.8312534251515,1.1179059823950759,1.5853553316305506,12.809742760889257
780000.0,healthy,689.3675816277233,0.0,1.5,23.65113176979653
780500.0,healthy,739.9495673045967,0.0,1.5,35.17058809144977
781000.0,healthy,744.6571588775486,0.0,1.5,17.221034020864373
781500.0,healthy,816.8476268361758,0.0,1.6168947169954249,31.835839435356917
782000.0,healthy,898.1409355461665,0.5232433401614749,1.5,17.49326770668724
782500.0,healthy,886.049371902465,0.19827991632151976,1.5,31.14223389197007
783000.0,healthy,880.7365919190795,0.0,1.81689300758919,20.033933362770583
783500.0,healthy,791.0790098320596,0.0,1.5,19.666919216707917
784000.0,healthy,790.9208307594627,0.0,1.5,17.128655607095396
784500.0,healthy,698.4770559454851,0.0,1.5,21.38542022451948
785000.0,healthy,944.8244577792218,3.537347437764724,1.5,32.0543360655825
785500.0,healthy,901.9632714324529,4.009816136866068,1.9370950394760054,44.83876211565801
786000.0,healthy,901.8895465783473,3.508227355940054,1.5,34.38478166251123
786500.0,healthy,803.784338652985,3.040698800717071,1.5,23.696402818648558
787000.0,healthy,771.5810942291056,2.765485246052402,1.5,16.23936598583514
787500.0,healthy,836.7552927674042,3.450998248554802,1.5,10.100697614620302
788000.0,healthy,892.671022195047,5.096501190714585,1.5,28.14487213744117
788500.0,healthy,1090.5870754332386,6.813936185278475,1.5,36.34433793737431
789000.0,healthy,1159.5136584481536,7.697879914889725,1.5,25.939774768103987
789500.0,healthy,1073.797067442078,6.121099206835491,1.5,23.51756568138186
790000.0,healthy,1065.707898345249,4.931306258964623,1.5,34.175985391993905
790500.0,healthy,735.3949594963705,0.0,1.5,14.264526566195817
791000.0,healthy,812.3800376600926,0.0,1.5,15.536508467988536
791500.0,healthy,805.696094217073,0.0,1.5,21.36701954759701
792000.0,healthy,755.569678041682,0.0,2.2147812800856244,28.614076813111403
792500.0,healthy,782.2835202188904,0.0,1.5,33.15655606232327
793000.0,healthy,862.4703404308111,0.5238711013376516,1.5,16.141640645163733
793500.0,healthy,849.8531756610489,1.3355819413974417,1.5,31.543670083773268
794000.0,healthy,951.8985942233395,2.69015266737402,1.5,35.04144074801377
794500.0,healthy,951.3082408004908,4.298619755243937,1.5,18.22467692908944
795000.0,healthy,1103.3386820851488,6.467762476916584,1.5,38.156487681556214
795500.0,healthy,1078.3448501958187,6.572416513313874,1.5,22.367452097892752
796000.0,healthy,974.1033281559837,5.085614224380665,1.5,25.083810496838876
796500.0,healthy,739.3409644632673,2.0089707862975748,1.5,16.108373775962093
797000.0,healthy,625.8797866076295,0.06050894685139426,1.5,31.690094639544867
797500.0,healthy,600.0,0.0,1.5,19.26977026035779
798000.0,healthy,600.0,0.0,1.5,24.72392397829401
798500.0,healthy,600.0,0.0,1.5,23.29555888636182
799000.0,healthy,643.4197481025402,0.0,1.5,23.987954147324256
799500.0,healthy,683.4832099752175,0.0,1.5,28.503387920148693
800000.0,healthy,700.9398698106775,0.0,1.5,30.189624336503364
800500.0,healthy,693.6088973468021,0.0,1.5,17.43526316711747
801000.0,healthy,744.6632866922486,0.0,1.5,31.497669464044918
801500.0,healthy,852.4001669342572,0.581134532829043,1.5,28.36892017771002
802000.0,healthy,822.4922489376795,0.9865928252021423,1.5,8.837306881536087
802500.0,healthy,850.6159978878469,0.0407563200299958,1.5,16.567615502581617
803000.0,healthy,802.4341757101838,0.0,1.5,26.125859364896776
803500.0,healthy,772.8664413468397,0.0,1.5,18.001260065368083
804000.0,healthy,703.9722562984509,0.0,1.5,19.163102492978343
804500.0,healthy,761.6725809676783,0.0,1.5,5.528936828544232
805000.0,healthy,678.7283972867255,0.0,1.5,25.063193977331103
805500.0,healthy,710.6678861965781,0.0,1.5,14.297382124396377
806000.0,healthy,668.2067260506034,0.0,1.5,19.211773613501464
806500.0,healthy,648.8666873864937,0.0,1.5,42.744212771342305
807000.0,healthy,600.0002215798123,0.0,1.5,14.162689041856286
807500.0,healthy,600.0,0.0,1.5,16.92166872180308
808000.0,healthy,600.0,0.0,2.1204848556039715,29.398469531240057
808500.0,healthy,704.0739022450136,1.4883771178961398,1.5,27.07657466122247
809000.0,healthy,734.3710258146884,1.679756665078315,1.5,21.482570905670503
809500.0,healthy,678.6090172519281,0.8626793074256747,1.5,23.075372250899242
810000.0,healthy,708.4648512191321,0.0,1.5,8.48551939420098
810500.0,healthy,780.142160517573,0.0,1.5,25.28397319255685
811000.0,healthy,742.1944433014557,0.0,1.5,25.669361208508437
811500.0,healthy,837.3728628951656,0.3670306112326575,1.5,12.360923564150402
812000.0,healthy,922.9215181727943,1.017738551837344,1.5,24.57173253196303
812500.0,healthy,925.4590814497034,1.150306059050494,1.5,32.88400780418501
813000.0,healthy,897.5025105822308,0.7527081584336,1.5,29.12722179808896
813500.0,healthy,904.8053825139003,0.8830941402689932,1.5,39.88154024024013
814000.0,healthy,922.5334335748462,1.3409078884032513,1.5,32.67526352800902
814500.0,healthy,931.1079711640143,3.237151143964786,1.5,27.870112509473294
815000.0,healthy,1246.8100804097564,7.968,1.5,32.876599396807634
815500.0,healthy,1187.1540482840119,7.968,1.5,40.9510290620794
816000.0,healthy,1163.471443758136,7.968,1.5,16.229459757836494
816500.0,healthy,1086.4634165902214,7.968,1.5,37.927091515607074
817000.0,healthy,1051.355209763495,6.957914846178062,1.5,30.578857839570492
817500.0,healthy,998.9683941931702,7.2045743339114905,1.5,28.96037341160405
818000.0,healthy,998.0012521497841,6.721879400694941,2.556776860041374,21.41956750653747
818500.0,healthy,1092.4279627832807,7.034242930439909,1.5,25.193087241950405
819000.0,healthy,1035.5929799618555,6.602000698409764,1.5,31.979613688630355
819500.0,healthy,994.2511153721622,5.342973442420691,1.5,14.052102640424623
820000.0,healthy,1056.262111493094,4.705374432501295,1.5,35.03930889618307
820500.0,healthy,774.7194130812398,0.0,1.5,9.37825740421381
821000.0,healthy,772.5879855077645,0.0,1.5,36.44150120495675
821500.0,healthy,734.9070268976811,0.0,1.5,20.902065637655845
822000.0,healthy,773.5415375579436,0.0,1.5,14.279895425069112
822500.0,healthy,790.9046406585275,0.0,1.5,9.779911647326879
823000.0,healthy,861.4967135728511,0.0,1.5,18.600923281421167
823500.0,healthy,754.0926055569407,0.0,1.5,16.784586214834846
824000.0,healthy,799.8585993237302,0.0,1.5,27.64816143447921
824500.0,healthy,786.5705693295215,0.0,1.5,16.201873077705145
825000.0,healthy,613.8875314494412,0.0,1.5,29.052385980041663
825500.0,healthy,630.9919843916902,0.0,1.5,23.012132627887823
826000.0,healthy,609.9009181532103,0.0,1.5,23.910543928328476
826500.0,healthy,600.0,0.0,1.5,19.85530454781412
827000.0,healthy,600.0,0.0,1.5,23.403965104774386
827500.0,healthy,645.3950927252548,1.3255568952882921,1.5,19.543667703929877
828000.0,healthy,771.7556954219802,2.437270719672788,1.5,13.56561711830811
828500.0,healthy,812.3197109025582,2.8780464765681244,1.5,28.98062612854828
829000.0,healthy,740.7299287979528,1.8306350799428568,1.6729866546780234,25.891437903161123
829500.0,healthy,720.3529537401516,0.0,1.5,23.282245373214554
830000.0,healthy,706.4394918182699,0.0,1.5,40.41907768430424
830500.0,healthy,733.9951683697864,0.0,1.5,24.654204195240897
831000.0,healthy,802.2701051767184,0.0,1.5,38.00526785750884
831500.0,healthy,826.3011603503197,1.0840598827312233,1.5,29.118258185606493
832000.0,healthy,1020.1152756829483,2.295187387701123,1.5,22.99153378991919
832500.0,healthy,985.2369748794724,2.919937661736271,1.5,17.40559910786782
833000.0,healthy,978.6235134910625,1.9956370938633192,1.5,22.4608125898311
833500.0,healthy,1012.9651665283548,3.6495516232643763,1.5,23.7242411957018
834000.0,healthy,1022.9114545690643,4.253562740923015,1.5,30.073979801011987
834500.0,healthy,995.2415042827522,4.814433134542908,1.5,18.72133280859395
835000.0,healthy,988.1783346762888,4.114921631527484,1.5,33.004323147777406
835500.0,healthy,827.1495997618428,2.555993661526194,1.5,35.43789961713007
836000.0,healthy,608.6932659944167,0.0,1.5,31.76464948738029
836500.0,healthy,616.0088870208682,0.0,1.5,20.653837961395723
837000.0,healthy,600.0,0.0,1.5,21.52070977471546
837500.0,healthy,617.7826220518656,0.0,1.5,19.305488082766328
838000.0,healthy,600.0,0.0,1.5,14.681359138148167
838500.0,healthy,642.12944081093,0.0,1.5,16.06356981825109
839000.0,healthy,620.3102960585919,0.0,1.5,25.10002897070383
839500.0,healthy,675.901839207483,0.0,1.5,23.33090531560754
840000.0,healthy,677.4819759973548,0.0,1.5,5.0
840500.0,healthy,708.4015059375943,0.0,1.5,18.127855442255825
841000.0,healthy,786.6819138898155,0.0,1.5,33.06620855273252
841500.0,healthy,796.4038192979114,0.0,1.5,25.820129286181917
842000.0,healthy,832.8395872825397,0.0,1.5,18.716498653543237
842500.0,healthy,815.4222660949258,0.0,1.5,33.49264441914279
843000.0,healthy,765.8315817058956,0.0,1.5,27.199653615637224
843500.0,healthy,801.4357663651127,0.0,1.5,26.57279894879552
844000.0,healthy,728.1642773536936,0.0,1.5,28.831871916709826
844500.0,healthy,744.12429131455,0.0,1.5,20.147461519291177
845000.0,healthy,1103.3947472256318,6.278727932141065,1.5,27.635069280334488
845500.0,healthy,1148.6592873936363,6.988069803652148,1.5,22.897528704701642
846000.0,healthy,1083.0133424322412,7.832241636182438,1.5,36.41275209479117
846500.0,healthy,1105.4522425591044,7.968,1.5,33.17770992542569
847000.0,healthy,1104.276064337972,7.968,1.8271733222597515,46.42416887181458
847500.0,healthy,1093.5696297389784,7.968,1.5,35.8124011184598
848000.0,healthy,1030.0915093325877,7.968,1.5,36.36851549548256
848500.0,healthy,1106.2212369261647,7.968,1.5,41.2844112525463
849000.0,healthy,1129.5968144829292,7.968,1.5,40.19634902546621
849500.0,healthy,1117.8888816058231,7.968,1.5,29.968945090763462
850000.0,healthy,1234.669423117333,7.968,1.5,25.680960475612068
850500.0,healthy,786.4139278540443,0.35220775683497824,1.5,33.77578734187623
851000.0,healthy,796.7696252352412,1.1647051127386285,1.5,28.521485575931898
851500.0,healthy,902.6758639422519,1.716538296523974,1.5,30.595924171636522
852000.0,healthy,929.8600422251005,1.6923022570318982,1.5,26.690108130685235
852500.0,healthy,860.0957825333844,0.7417937137763211,1.5,41.732949660714425
853000.0,healthy,847.9832057439809,0.0,1.5,19.21498647692249
853500.0,healthy,740.2312673881788,0.0,1.5,5.583613824079759
854000.0,healthy,709.4385031521764,0.0,1.5,33.98055578417012
854500.0,healthy,752.558634108472,0.0,1.5,24.715823672926955
855000.0,healthy,669.0768289374353,0.0,1.5,20.995065666171378
855500.0,healthy,705.4571395012414,0.0,1.5,12.31114392134068
856000.0,healthy,649.1433297938104,0.0,1.8020928138849592,26.512200306693597
856500.0,healthy,600.0,0.0,1.5,24.599026921881382
857000.0,healthy,633.2444971900592,0.0,1.5,19.496236407549183
857500.0,healthy,600.0,0.0,1.5,22.717483487414775
858000.0,healthy,629.8133242473353,0.0,1.5,24.90183777311805
858500.0,healthy,617.3593775537531,0.011524112126359325,1.5,28.261427218035596
859000.0,healthy,627.750146693476,0.0,1.5,20.095888090657496
859500.0,healthy,644.9599616808121,0.0,1.5,44.758202086507765
860000.0,healthy,687.7897752202243,0.0,1.5,22.828853829860375
860500.0,healthy,735.38469724464,0.0,1.5,25.123145864750096
861000.0,healthy,729.7265496417878,0.0,1.5,20.653513142126044
861500.0,healthy,754.602163599927,0.0,1.5,9.4927814926132
862000.0,healthy,789.3753269775361,0.0,1.5,5.0
862500.0,healthy,861.9578510415499,0.0,1.5,29.361001087959412
863000.0,healthy,799.4264695881992,0.0,1.5,25.7381617515643
863500.0,healthy,754.3695334547258,0.0,1.5,9.679287098816644
864000.0,healthy,778.7336444927306,0.0,1.5,24.104146528253366
864500.0,healthy,752.7551092317541,0.5660234699207481,1.5,35.376030949504134
865000.0,healthy,908.7170160928447,2.899088461245343,1.5,16.66073550016683
865500.0,healthy,895.0503488788805,3.2467793853429576,1.5,38.21711148234439
866000.0,healthy,873.3863478812905,3.879968380561675,1.5,22.993549485683857
866500.0,healthy,976.0698102251413,4.12823974443575,1.5,29.224902281890383
867000.0,healthy,952.6670309995959,5.271686584715747,1.5,22.442855881045123
867500.0,healthy,882.800617378196,4.943728048954636,1.8249591679844868,25.859652011978287
868000.0,healthy,913.6231098997077,4.81974121326739,1.5,25.26961659146829
868500.0,healthy,764.4116626670653,2.7176466063754585,1.5,7.338070719551244
869000.0,healthy,613.1737807334515,0.03967067488718992,1.5,36.05876448744595
869500.0,healthy,714.2197095479498,0.0,1.5,34.79726699078873
870000.0,healthy,715.9383258625277,0.0,1.5,25.970861637424978
870500.0,healthy,738.2965164026583,0.0,2.017342223917305,34.62435117814159
871000.0,healthy,756.9284116859643,0.0,1.5,35.47036739911815
871500.0,healthy,805.5449537844639,0.0,1.6100527876109068,27.053769927008172
872000.0,healthy,782.8068229479352,0.26764171774674833,1.5,20.644822718745566
872500.0,healthy,816.3860786045526,0.0,1.5,22.610634063633682
873000.0,healthy,797.8867283999795,0.0,1.5,27.365453458465872
873500.0,healthy,827.5272906747175,0.0,1.5,14.644426688826497
874000.0,healthy,741.5351699373216,0.0,1.5,31.85409004132993
874500.0,healthy,670.3294314090756,0.07572894061848948,1.5,16.88795012116964
875000.0,healthy,1150.372881743758,6.3149309460032885,1.5,25.039927440825938
875500.0,healthy,855.909871900767,3.6843928901801912,1.5,35.02420237668779
876000.0,healthy,689.5883263481447,0.68275592001561,1.5,14.78928268217665
876500.0,healthy,657.340596555922,0.0,1.5,14.281580425353233
877000.0,healthy,612.267276527899,0.11229851920952472,1.5,26.54332581266399
877500.0,healthy,703.2507009586309,1.7193424744368702,1.5,28.645932751069626
878000.0,healthy,849.9721018944097,3.513083137168495,1.5,21.113299044041383
878500.0,healthy,865.7923605269581,4.196524068906811,1.5,35.85584961835937
879000.0,healthy,883.0728974712929,4.812132299054139,1.5,22.808953697234376
879500.0,healthy,1006.231415276138,5.739228937329338,1.5,22.894962455589095
880000.0,healthy,1167.9362967032796,7.438751462143876,1.7010426743644276,38.10070005437269
880500.0,healthy,812.6070473404341,0.7618889283267947,1.5,29.828269687915913
881000.0,healthy,861.3406528096954,1.0211795604306557,1.5,18.229892857361534
881500.0,healthy,922.3860428944466,1.2542689672351743,1.5,31.49609145475395
882000.0,healthy,794.127364284602,0.3713040683048428,1.5,32.18676295247707
882500.0,healthy,853.3145097863547,0.0,1.5,27.330044784438176
883000.0,healthy,764.7420803730189,0.0,1.5,24.33263755519548
883500.0,healthy,797.0999001491149,0.0,1.5,32.45630008972886
884000.0,healthy,872.8280578912139,0.8240200055357925,1.5,21.793695098942855
884500.0,healthy,883.1164669663652,2.4904368532474175,1.5,29.93286456183025
885000.0,healthy,875.3381954398984,2.5179724206036607,1.5,20.393402805883106
885500.0,healthy,836.3124704971596,2.6163212500871564,1.5,39.48298481529784
886000.0,healthy,768.2854500228431,1.9682159138049515,1.5,51.67292324408831
886500.0,healthy,794.0056478494952,2.2715830704092297,1.5,24.867476566297896
887000.0,healthy,753.0599566154347,2.625995194044294,1.5,37.128665727554065
887500.0,healthy,862.8357148836823,3.430753734589136,1.5,29.270660816314244
888000.0,healthy,812.2643776176499,2.669082622596189,1.5,26.672898393016524
888500.0,healthy,638.1282926616955,1.1838563153639505,1.5,49.51626910058678
889000.0,healthy,656.6806753667961,0.0,1.5,20.464273065200043
889500.0,healthy,664.6629847877639,0.0,1.5,19.770236099222533
890000.0,healthy,776.6144015755646,0.0,1.5,13.651313915232182
890500.0,healthy,692.560354502237,0.0,1.5,28.992830128133704
891000.0,healthy,819.6818750627581,0.0,1.5,18.185738816200956
891500.0,healthy,793.9174243162965,0.0,1.5,23.953906246528867
892000.0,healthy,810.5097105173444,0.0,1.5,32.8314280820934
892500.0,healthy,853.394038329753,0.0,1.5,23.95812755275972
893000.0,healthy,806.8449310644309,0.0,1.5,28.497874896853205
893500.0,healthy,819.9984125683432,0.0,1.5,29.541272068958452
894000.0,healthy,859.6622313535566,0.0,1.5,12.04088725065006
894500.0,healthy,724.3174301402124,0.0,1.5,14.70717785186222
895000.0,healthy,672.0154622690162,0.0,1.5,24.675694039785622
895500.0,healthy,621.4989729232423,0.0,1.5,33.62294306454875
896000.0,healthy,605.6670587753889,0.0,1.5,17.988948655497033
896500.0,healthy,600.0,0.0,1.5,34.55216046042283
897000.0,healthy,600.0,0.0,1.5,25.31089396538307
897500.0,healthy,600.0,0.0,1.5,18.591335761490512
898000.0,healthy,604.1882672911697,0.20486954260393855,1.5,23.6460095166631
898500.0,healthy,614.8875699776731,0.6344924661040786,1.5,14.818946009806329
899000.0,healthy,696.1190013590854,0.8431106884478824,1.5,21.352119383624448
899500.0,healthy,743.0429496782093,0.38466706715379395,1.5,36.98369657565814
900000.0,healthy,728.2130488775857,0.6273451673481921,1.5,18.56865204238438
900500.0,healthy,840.9316450624966,1.2685126896161998,1.5,37.751498830931304
901000.0,healthy,900.7477571233715,1.6453797458402015,1.5,28.305789536265806
901500.0,healthy,761.6881000184811,0.4219018240992307,1.5,16.022657621560832
902000.0,healthy,772.2278559670452,0.0,1.5,37.85771351383406
902500.0,healthy,801.2724989597449,0.0,1.5,31.014882344778673
903000.0,healthy,768.897017417285,0.0,1.5,21.343603816785105
903500.0,healthy,793.8145727756897,0.3999966565091645,1.5,23.832771439966486
904000.0,healthy,982.3322138620202,3.1970948474925827,1.5,32.137392473289374
904500.0,healthy,1047.3248178679598,5.183572272586127,1.5,22.86002824580961
905000.0,healthy,1251.3911046210042,7.968,1.5,27.804860668309
905500.0,healthy,1203.35196757597,7.968,1.9518945378593602,32.18063796129329
906000.0,healthy,1175.0959757783316,7.968,1.5,40.34620668580142
906500.0,healthy,1171.5168241402891,7.968,1.5,35.22583700810943
907000.0,healthy,1101.007458400083,7.968,1.5,34.43232867160915
907500.0,healthy,1082.8436565875816,7.968,1.5,28.13391266307396
908000.0,healthy,1103.1474345324025,7.593662083523938,1.5,32.577555968860246
908500.0,healthy,877.2187156754326,4.5604343277920005,1.5,37.020700055297
909000.0,healthy,753.4348001972958,2.351890554263279,1.5,27.539083784232528
909500.0,healthy,717.536931941484,1.0082876950068755,1.5,36.72880112868659
910000.0,healthy,723.2547274783115,1.820350293584885,1.5,27.678591982470664
910500.0,healthy,760.4747703065866,0.0,1.5,16.78286128375592
911000.0,healthy,669.6097863558476,0.0,1.5,13.448756153831159
911500.0,healthy,794.7765074547377,0.0,1.5,17.352470805118816
912000.0,healthy,804.9948794264942,0.0,1.5,20.660062068781023
912500.0,healthy,818.068563991562,0.0,1.5,26.538221957758008
913000.0,healthy,779.4279381000248,0.0,1.5,25.56538040067263
913500.0,healthy,835.0764390444587,0.0,1.5,18.6150842283635
914000.0,healthy,762.6396968228883,0.0,1.5,23.209821462351655
914500.0,healthy,694.5181056858971,0.0,1.5,27.225077777540925
915000.0,healthy,671.8704260818745,0.0,1.5,22.784100002550314
915500.0,healthy,663.2553100618904,0.0,1.5,27.050731935073472
916000.0,healthy,631.7733621767723,0.0,1.5,18.20142354683846
916500.0,healthy,635.2116928594669,0.0,1.5,21.00559494901831
917000.0,healthy,600.0,0.0,1.5,22.641395607831015
917500.0,healthy,609.6628104607161,0.0,1.50937113938745,27.753528329905723
918000.0,healthy,614.2362866315694,0.5868147312591202,1.5,33.24999361235721
918500.0,healthy,683.3654242855386,0.9150266815341195,1.5,35.113715801842275
919000.0,healthy,734.446298895394,1.2826543936086674,1.5,16.24762956957437
919500.0,healthy,787.2867271094805,1.706084079394694,1.5,9.720704365114894
920000.0,healthy,865.2836373919524,3.003448411208939,1.5,22.530391342269123
920500.0,healthy,962.8334012031131,3.619004790643153,1.5,20.110413213428437
921000.0,healthy,1058.6404700962253,3.355921590749403,1.5,25.802816742709854
921500.0,healthy,951.939712665981,2.4260557032542183,1.5,31.26476439044997
922000.0,healthy,924.9716059536785,1.2876334874885196,1.5,37.701415693191635
922500.0,healthy,852.6433261889489,0.15060395978999294,1.5,24.151904107982748
923000.0,healthy,886.1432449526839,0.7443582952561668,1.5,9.315127318896973
923500.0,healthy,862.5584058563323,1.7196335419442246,1.5,29.761600059413205
924000.0,healthy,919.6863961368732,3.2528530314954467,1.5,12.442389526865236
924500.0,healthy,899.9257882727231,2.6164683968710896,1.5,34.71139870562829
925000.0,healthy,777.8148458506543,0.8017450257200315,1.5,26.522065710968068
925500.0,healthy,705.3304840023378,0.0,1.5298141672589942,24.86244123317808
926000.0,healthy,631.8976412853698,0.0,1.5,25.748370666944126
926500.0,healthy,600.0,0.0,1.5,29.89304375974251
927000.0,healthy,600.0,0.0,1.5,15.25173705008189
927500.0,healthy,600.0,0.0,1.5,27.12234321817225
928000.0,healthy,641.3182910795928,0.0,1.5,20.21469808817357
928500.0,healthy,603.9765317386499,0.0,1.5,28.770496130134518
929000.0,healthy,600.0,0.0,1.5,41.925258018691466
929500.0,healthy,626.1965790734331,0.0,1.5,27.87391070009139
930000.0,healthy,737.9993184634794,0.0,1.5,34.34089299237537
930500.0,healthy,813.1353310059153,0.0,1.5,28.926319315627964
931000.0,healthy,750.5771504336279,0.06116726369796269,1.5,16.74988423370755
931500.0,healthy,790.4032972174319,0.0,1.5,14.92006682577296
932000.0,healthy,868.0072531434415,0.0,1.5,24.862135110234647
932500.0,healthy,760.3828692667244,0.0,1.5,33.33421796155538
933000.0,healthy,775.829107184235,0.0,1.5,24.26554487761118
933500.0,healthy,752.7216858684575,0.0,1.5,29.979884569264662
934000.0,healthy,728.1750336742729,0.0,1.5,29.34683892083235
934500.0,healthy,695.577860519359,0.0,1.5,21.837978283554474
935000.0,healthy,978.0821858696868,4.189527071148929,1.5,34.604592168293216
935500.0,healthy,908.9092144396444,3.786171068198885,1.5,30.289159192454974
936000.0,healthy,1013.3152330883776,6.281336742280006,1.5,25.35708812222908
936500.0,healthy,1060.543982291516,7.968,1.5,19.53087648131296
937000.0,healthy,1140.8401525677195,7.968,1.5,36.42209237081114
937500.0,healthy,1137.3382750951416,7.968,1.5,18.293442608355015
938000.0,healthy,1089.2567408291138,7.968,1.5,26.926172806411085
938500.0,healthy,1041.3869488640796,7.968,1.5,35.661482628636946
939000.0,healthy,1141.4114966120592,7.968,1.5,24.77470065806052
939500.0,healthy,1192.3431839811058,7.968,1.5,38.3044901860864
940000.0,healthy,1203.1979813592861,7.968,1.5,21.14033947941972
940500.0,healthy,873.5868024056872,2.4582792708082857,1.5,31.78453929664047
941000.0,healthy,742.3195558253262,0.5746944171698162,1.5,15.158939665403391
941500.0,healthy,773.1563171320346,0.0,1.5,37.59839687076317
942000.0,healthy,787.5535502989912,0.0,1.5,26.110639410647323
942500.0,healthy,824.8976748356408,0.0,1.5,33.21379588354268
943000.0,healthy,841.9011122053433,0.0,1.5,31.265778043905485
943500.0,healthy,828.3887474946617,0.19890790564960456,1.5408812493988182,23.37224338649999
944000.0,healthy,875.5229770226083,1.57454575338439,1.5,37.24312891241165
944500.0,healthy,875.0358841357718,1.5181146516623336,1.5,22.18967649913801
945000.0,healthy,693.7640038684516,0.0,1.5,22.743580185886252
945500.0,healthy,664.6492527891824,0.0,1.7285895754361986,31.571676724671608
946000.0,healthy,679.7234277882841,0.0,1.5,25.535414332053108
946500.0,healthy,600.0,0.0,1.5,21.172966863448696
947000.0,healthy,600.0,0.0,1.5,23.386510504753165
947500.0,healthy,600.0,0.0,1.5,28.57614540304392
948000.0,healthy,642.0649323227468,0.0,1.5,28.43997258269815
948500.0,healthy,634.799748376875,0.0,1.5,19.1720365914913
949000.0,healthy,600.0,0.0,1.5,17.249025300287013
949500.0,healthy,728.3732251522368,0.0,1.5,29.789703874721994
950000.0,healthy,670.4883930227843,0.0,1.5,27.06843068845202
950500.0,healthy,713.5798538336715,0.0,1.5,16.973673486506804
951000.0,healthy,781.8374188985969,0.0,1.5,14.390700329610972
951500.0,healthy,781.700738051255,0.0,1.5,5.476597758602779
952000.0,healthy,806.1112234393537,0.0,1.5,28.782255702308458
952500.0,healthy,800.7458271941775,0.0,1.5,17.062640409045088
953000.0,healthy,789.1290813925583,0.0,1.5,37.899194460192646
953500.0,healthy,835.3589397478393,0.18781854787314947,1.5,19.367341113271763
954000.0,healthy,879.7532204761465,1.0424933560218768,1.5,41.75562835191672
954500.0,healthy,750.8526867261575,0.0,1.5,22.7926757153956
955000.0,healthy,631.3474606114626,0.0,1.5,14.209447787795765
955500.0,healthy,649.7232577712576,0.0,1.5,36.54005466151584
956000.0,healthy,658.1983906951936,0.8855668318530805,1.5,16.983541617528
956500.0,healthy,742.6217597339145,2.537486534368867,1.5,26.261929728204898
957000.0,healthy,866.0717612363158,4.542659312374739,1.5,22.18282890055548
957500.0,healthy,829.9127293536267,4.750710256918427,1.5,22.052917706892583
958000.0,healthy,896.5441693609209,3.880690104533445,1.5,23.93188495822044
958500.0,healthy,702.7616433584711,1.8974112052345569,1.5,19.117553455397662
959000.0,healthy,672.2297226298426,0.5700475082108455,1.5,28.94671192152209
959500.0,healthy,655.6087767920604,0.6735507573050802,1.5,17.254667161952256
960000.0,healthy,773.5033805716232,0.7827914319788964,1.5,10.044930394743377
960500.0,healthy,837.9355495544517,0.9883292704812834,1.5,37.81010363145674
961000.0,healthy,785.3836624197932,0.0,1.5,18.56371594364832
961500.0,healthy,761.1353327245337,0.0,1.5,15.522232420338135
962000.0,healthy,826.8207969629042,0.3531592289160967,1.5,41.12029116752363
962500.0,healthy,823.367430294474,0.0,2.3059467842711032,20.666489324310163
963000.0,healthy,854.9523795234487,0.0,1.5,20.781069792823004
963500.0,healthy,829.8865540797,0.10013399953828991,1.5,30.48018403118199
964000.0,healthy,856.3503929475522,0.0,1.5,28.42381212438217
964500.0,healthy,768.0206249672691,0.0,1.5,14.411574353985735
965000.0,healthy,1009.9926939241797,3.737562103578374,1.5,15.195907685091324
965500.0,healthy,782.2421228025622,2.214857264375443,1.5,18.09127861446676
966000.0,healthy,742.4646503002333,1.3981695752760745,1.5,25.787344129975377
966500.0,healthy,767.609570885515,1.7996094796471838,1.5,17.477838139967908
967000.0,healthy,756.1584164972375,2.267697908265618,1.72713265881245,34.268561422280335
967500.0,healthy,728.0029974616939,2.634860504189568,1.5,27.89373065646688
968000.0,healthy,714.1152469062346,1.243681045559795,1.5,21.257484432738025
968500.0,healthy,718.3111729265172,1.8500279926617267,1.5,17.059541910825338
969000.0,healthy,927.3413884655183,3.7105811972161042,1.5,28.1515150524086
969500.0,healthy,1115.0122401627455,7.090903508159698,1.5,32.67307081028279
970000.0,healthy,1193.3826447306128,7.968,1.5,20.483682871656328
970500.0,healthy,878.1403361211582,2.7746477392407343,1.5,17.63961014358431
971000.0,healthy,897.3073092285617,1.9226638380063283,1.5,26.746969931046475
971500.0,healthy,822.3204150523262,0.5371930974600191,1.5,24.27606571090099
972000.0,healthy,846.8234010866046,0.0,1.5,12.300098971940884
972500.0,healthy,763.9711874313166,0.0,1.5,12.660817988230681
973000.0,healthy,766.3564716408046,0.0,1.5,13.220250561300931
973500.0,healthy,711.5776856682949,0.0,1.5,18.598987749416544
974000.0,healthy,758.8257024943383,0.0,1.5,28.918387385278564
974500.0,healthy,742.0953714029366,0.0,1.5,17.065687288460882
975000.0,healthy,685.8118554495218,0.0,1.5,25.16269901368503
975500.0,healthy,678.978841675649,0.5403719581627452,1.895062564093001,24.77858772487837
976000.0,healthy,742.1657884942305,2.7798362373291927,1.5,36.44118932538858
976500.0,healthy,972.3266677595914,5.039824156252992,1.6515916145506577,25.651602265464614
977000.0,healthy,984.1292656204338,6.734141153425306,1.5,29.922340795316213
977500.0,healthy,1027.0002487356314,6.654442442534432,1.5,24.812206179269655
978000.0,healthy,857.0146012285072,3.759956949916154,1.5,24.322412995426916
978500.0,healthy,791.9792522302158,1.5282300899845525,1.5,24.189352836330407
979000.0,healthy,716.7368400650947,0.0,1.5,26.73554744815605
979500.0,healthy,679.194781693121,0.0,1.5,39.900570483689876
980000.0,healthy,750.691407097878,0.0,1.5,21.02172531743131
980500.0,healthy,751.024211449509,0.0,1.5,24.665461185635102
981000.0,healthy,771.2253275402495,0.0,1.5,24.779943485440402
981500.0,healthy,801.9916354958194,0.0,1.5,11.491214575034315
982000.0,healthy,783.0915621327372,0.0,1.5,21.51994872991092
982500.0,healthy,846.5759609894451,0.0,1.5,20.796319151370326
983000.0,healthy,786.5266231058623,0.0,1.5,23.142458610693357
983500.0,healthy,819.1644330043817,0.0,1.5,23.563321067116497
984000.0,healthy,781.7843442656924,0.0,1.5,36.88846171818017
984500.0,healthy,765.8682372440967,0.0,1.5,27.532225169021682
985000.0,healthy,750.82598658788,0.0,1.5,41.73484931278189
985500.0,healthy,627.5308181476448,0.0,1.5,7.276010930376234
986000.0,healthy,612.4381761254449,0.0,1.765958171733757,31.791585560570574
986500.0,healthy,625.700651272174,0.3439625772850893,1.5,30.54163672112373
987000.0,healthy,600.0,0.0,1.5,21.14714243873229
987500.0,healthy,600.0,0.0,1.5,9.479036375402236
988000.0,healthy,600.0,0.0,1.5,32.703041341158766
988500.0,healthy,616.696934942642,0.0,1.5,18.195557123358803
989000.0,healthy,636.2256426264051,0.0,1.5,21.26494571499676
989500.0,healthy,663.4249947016632,0.0,1.5,16.885533846404176
990000.0,healthy,863.0348234944507,2.325024444274518,1.5,21.424861788812294
990500.0,healthy,893.3383205703931,2.5898714796422757,1.5,30.350830272926
991000.0,healthy,840.4270340355719,1.7228162829565652,1.5,26.467047516998026
991500.0,healthy,865.2588058894603,0.7800362649947693,1.5,17.586127955274673
992000.0,healthy,851.9586081671227,0.5541033510131652,1.5,12.246829227877669
992500.0,healthy,899.9117477182245,1.2459034839296124,1.5,44.97737227981081
993000.0,healthy,983.1701652744042,1.8426211512337818,1.5,36.39738424382682
993500.0,healthy,972.9297487303387,2.800263315775229,1.5,26.515354297165125
994000.0,healthy,929.5751812245634,2.9698929794154827,1.5,40.31809377844378
994500.0,healthy,896.1987225002493,1.8212244205311952,1.5,17.691317121217274
995000.0,healthy,1257.6266563713093,7.968,1.5,39.40114263444439
995500.0,healthy,1167.058067374902,7.968,1.8171377210744433,35.56469051865459
996000.0,healthy,1146.7379425797428,7.968,1.5,22.394026548100612
996500.0,healthy,1091.1246469200685,7.968,1.5,51.28762967773595
997000.0,healthy,1068.5801753730454,7.968,1.5,29.46974462433791
997500.0,healthy,1119.7958476239428,7.968,1.5,34.38340196008966
998000.0,healthy,963.1518143681194,6.491225354983947,1.5383455254190872,31.598943679794214
998500.0,healthy,895.4623034183924,4.371722679055716,1.5,31.193709593611427
999000.0,healthy,854.1209837759654,3.7551899461433895,1.5,45.1968485816689
999500.0,healthy,933.8270308036291,4.222044036808724,1.5,20.195582915182953
1000000.0,healthy,1001.6537579713264,4.4083969253222826,1.5,34.35060392035105
1000500.0,healthy,725.8860330153292,0.0,1.5,33.98594730685069
1001000.0,healthy,790.2570071169235,0.0,1.5,20.703727425927333
1001500.0,healthy,833.670453759778,0.0,1.5,37.145168853945364
1002000.0,healthy,831.6958603031487,0.0,1.5,21.127467501962975
1002500.0,healthy,848.2145927925889,0.02167128674805907,1.5,29.34107274883006
1003000.0,healthy,789.5920328070773,0.0,1.8450736914736157,23.390280151706865
1003500.0,healthy,778.2005205501645,0.0,1.5,28.94852391462492
1004000.0,healthy,759.9483202466612,0.0,1.5,18.946510532930446
1004500.0,healthy,726.7475416377479,0.0,1.5,27.414607021101062
1005000.0,healthy,687.4019312309348,0.0,1.5,33.251704660039294
1005500.0,healthy,693.3932001369692,0.0,1.5,22.56104816737698
1006000.0,healthy,641.8639170163294,0.0,1.5,33.614168846303066
1006500.0,healthy,600.0,0.0,1.5,29.83608897468782
1007000.0,healthy,600.0,0.0,1.5,29.23904733921931
1007500.0,healthy,600.0,0.0,1.5,22.225540557223376
1008000.0,healthy,605.7455272756171,0.0,1.5,17.848667454299527
1008500.0,healthy,614.5134687193543,0.3210565830133385,1.5,26.185066228598636
1009000.0,healthy,816.302203292571,3.187099108466409,1.5,13.991422603824052
1009500.0,healthy,1036.6620615299094,5.524366009373142,1.5,27.228735373658942
1010000.0,healthy,1156.900752870085,7.155258876007431,1.5,29.864014366219777
1010500.0,healthy,1118.3321758284198,6.416237121935157,1.5,36.15062270844122
1011000.0,healthy,1013.2771932363144,3.5666863527238353,1.5,25.805254965969173
1011500.0,healthy,826.0838962434401,1.5918264926644836,1.5,31.672633287193747
1012000.0,healthy,825.4170000370788,0.4881445947379174,1.574243696761655,5.0
1012500.0,healthy,829.5623442226935,0.4852669897295585,1.5,18.02084868822471
1013000.0,healthy,763.1189616513298,0.1182790109628979,1.5,21.428160765723145
1013500.0,healthy,719.2722050065705,0.0,1.5,31.48474910588673
1014000.0,healthy,754.8023741222709,0.0,1.5,20.49869994858394
1014500.0,healthy,748.0528552862468,0.0,1.5,15.791812316114822
1015000.0,healthy,673.0018713842932,0.0,1.5,30.27124568819551
1015500.0,healthy,645.2271746075705,0.0,1.5,17.940511405632925
1016000.0,healthy,671.2447337713178,1.4752406826108524,1.5,5.0
1016500.0,healthy,756.6993062919482,2.2191393311733125,1.5,7.3431607874414055
1017000.0,healthy,649.1276839772264,1.3401235805245169,1.5,24.919603869944066
1017500.0,healthy,668.9194702456979,0.0,1.5,10.293872239984033
1018000.0,healthy,600.0,0.0,1.5,12.147673150292373
1018500.0,healthy,600.0,0.0,1.5,31.741066327879807
1019000.0,healthy,600.0,0.0,1.5,17.324379893934683
1019500.0,healthy,693.822104071447,0.0,1.5,14.732706999872672
1020000.0,healthy,680.9044360550246,0.0,1.5,23.267091806455575
1020500.0,healthy,770.6722298390945,0.0,1.5,35.3521636059311
1021000.0,healthy,766.2450228536496,0.0,1.5,16.886186454554085
1021500.0,healthy,784.7554863094006,0.0,1.5,25.11184494314942
1022000.0,healthy,877.0573035240702,0.0,1.5,26.206291829122154
1022500.0,healthy,765.5233253870617,0.0,1.5,14.838757236099859
1023000.0,healthy,796.4955719226498,0.0,1.5,27.40507654258244
1023500.0,healthy,797.1844869340495,0.0,1.5,11.716039825759081
1024000.0,healthy,796.3896297268194,0.0,1.5,18.30347525528861
1024500.0,healthy,724.4599683250065,0.0,1.5,24.57543793726583
1025000.0,healthy,1011.2440501259794,5.817693895192906,1.5,19.814226906666768
1025500.0,healthy,1175.1234104511532,7.1094200176660225,1.5,34.764540073335695
1026000.0,healthy,1218.8668384320645,7.968,1.5,34.048627483261654
1026500.0,healthy,1163.2624350620738,7.968,1.5,31.55496022244463
1027000.0,healthy,1120.504478521187,7.968,1.5,32.26463338950696
1027500.0,healthy,1078.059837100709,7.968,1.5,30.51165334234349
1028000.0,healthy,1069.601793825606,7.968,1.5,37.638123957605856
1028500.0,healthy,1100.3816843131117,7.968,1.5,29.506377443806453
1029000.0,healthy,1155.053083768457,7.968,1.5,26.46898545267183
1029500.0,healthy,1248.4846074262357,7.968,1.5,46.06873896206318
1030000.0,healthy,1251.9892895666705,7.968,1.5,36.216908534610106
1030500.0,healthy,889.5443467039744,2.3576021940039094,1.5,29.76138322335214
1031000.0,healthy,788.3103768250214,0.3185703999826262,1.5,23.644078309919593
1031500.0,healthy,800.9383254795307,0.0,1.5,26.04503323191947
1032000.0,healthy,784.9728324534645,0.0,1.5,27.23991060907256
1032500.0,healthy,772.4738036263791,0.0,1.8349865734760338,19.718947182371508
1033000.0,healthy,813.7801812340383,0.3723128639345749,1.5,36.20266689269808
1033500.0,healthy,801.3965001959912,0.49305544986261723,1.5,34.20284674366443
1034000.0,healthy,793.0303902118656,0.0,1.5,16.40171692263307
1034500.0,healthy,742.862499279944,0.08749355361144746,1.5,22.320886398430822
1035000.0,healthy,686.6879297197391,0.06877126907767195,1.5,32.73038784371169
1035500.0,healthy,668.8876179690106,0.0,1.5,42.148285764582724
1036000.0,healthy,639.9344040979034,0.0,1.5,28.238084775336855
1036500.0,healthy,600.0,0.0,1.5,38.55143395717248
1037000.0,healthy,600.0,0.0,1.5193888286000155,15.856791847759943
1037500.0,healthy,600.0,0.0,1.5,23.05792418685845
1038000.0,healthy,600.0,0.0,1.560878621848001,39.5012558242541
1038500.0,healthy,636.2431187877578,0.0,1.5,14.136192718644745
1039000.0,healthy,645.542062953194,0.0,1.5,17.10955447884185
1039500.0,healthy,639.8070089271046,0.0,1.5,28.516294581284214
1040000.0,healthy,700.3014670053619,0.0,1.5,18.463902640968378
1040500.0,healthy,808.6183451609759,0.0,1.5,34.96421604785078
1041000.0,healthy,788.1344747302663,0.0,1.5,35.798415884611586
1041500.0,healthy,729.2509684482433,0.0,1.5,28.959876044186665
1042000.0,healthy,843.9843783914417,0.0,1.5,30.6681824227581
1042500.0,healthy,929.5534605303627,1.8124610499863538,1.5,30.573839423672222
1043000.0,healthy,864.8475586631575,2.172696724399981,1.5,14.430197968911989
1043500.0,healthy,929.0077525210808,1.3904231944725245,1.5,27.235118751345542
1044000.0,healthy,758.3324289307413,0.0,1.5,39.37988877075508
1044500.0,healthy,781.8805037675891,0.0,1.5,21.939268766888357
1045000.0,healthy,672.4471347115772,0.0,1.5,20.018270422234476
1045500.0,healthy,702.758830275469,0.0,1.5,23.944791666862237
1046000.0,healthy,678.0458283383124,0.0,1.5,29.937472351469424
1046500.0,healthy,645.8240038909557,0.5851342028415651,1.5,13.270349435913207
1047000.0,healthy,728.2648576021678,1.3769414403049065,1.5,16.00615878412801
1047500.0,healthy,699.9697363014061,1.6925936845537946,1.5,13.421383742577406
1048000.0,healthy,808.4584174547936,2.7315925556471794,1.5,25.74302911676126
1048500.0,healthy,839.1958953102538,4.140727797595455,1.5,21.782974584437174
1049000.0,healthy,1015.2218790353905,5.246771653850005,1.5,25.3984250252322
1049500.0,healthy,1047.0951213401581,5.914965242388432,1.5,44.317705566858315
1050000.0,healthy,1034.8051988651773,5.086317417404057,1.5,27.415333636430532
1050500.0,healthy,834.8033822293513,1.5705367559725518,1.5,14.304556051777297
1051000.0,healthy,759.17595917902,0.0,1.5,23.816871654706773
1051500.0,healthy,788.0072641266428,0.0,1.5,35.823125204717286
1052000.0,healthy,776.4147510012211,0.0,1.5,32.30678083169883
1052500.0,healthy,836.4182886690922,0.0,1.5,27.51414562157571
1053000.0,healthy,845.8410002812448,0.0,1.5,19.774326667066486
1053500.0,healthy,790.6490015549838,0.0,1.5,24.549330355178213
1054000.0,healthy,746.5164333893509,0.0,1.5,20.95155135377016
1054500.0,healthy,743.1033460388797,0.0,1.5,31.250631529484608
1055000.0,healthy,1051.4792795985443,4.627180624681246,1.5,25.983524524064933
1055500.0,healthy,999.1766181236227,5.698394769207584,1.5,20.563979519339632
1056000.0,healthy,1074.8240352770931,5.97697832656141,1.5,23.35269632278905
1056500.0,healthy,985.7649390588554,5.992375613358521,1.5,30.26624379589564
1057000.0,healthy,905.76920739559,4.34309322271569,1.5,13.76676797039247
1057500.0,healthy,780.7734138057322,3.3736017230781257,1.5,32.66241530131086
1058000.0,healthy,782.4803768982765,2.3722210527166845,1.5,31.918262901949305
1058500.0,healthy,761.4670057804049,2.9480552651827714,1.5,27.476458054992023
1059000.0,healthy,954.1642878785862,4.594338877853228,1.5,29.285742090834443
1059500.0,healthy,943.2584318382256,5.451708681749678,1.5,22.454755329207856
1060000.0,healthy,1052.5553263062975,5.561541106676295,1.5,22.696754817488497
1060500.0,healthy,707.7329862092512,0.0,1.5,19.059145441384516
1061000.0,healthy,744.6195252120862,0.0,1.5,28.924561157612473
1061500.0,healthy,751.9907530924485,0.0,1.5,20.327051743464942
1062000.0,healthy,847.3525862143096,0.5723947305672964,1.5,14.685267262463238
1062500.0,healthy,970.2102121825139,1.8144527134575499,1.5,29.46336302223131
1063000.0,healthy,917.7882530662068,2.0729461858149487,1.5,29.944173268718735
1063500.0,healthy,803.8377733498348,1.1992361986464015,1.5,23.547355349999776
1064000.0,healthy,737.8636176901487,0.0,1.5,40.60902908221343
1064500.0,healthy,759.11152081541,0.0,1.5,18.262362804762482
1065000.0,healthy,705.4731589760167,0.4949296452869351,1.5,26.06648239666107
1065500.0,healthy,822.1702760930817,2.2404314692080907,1.5,25.021519424593357
1066000.0,healthy,965.0112283498983,3.878676236557026,1.5,31.280310076705053
1066500.0,healthy,896.8861578933002,3.8607941159503656,1.5,35.08477191429603
1067000.0,healthy,789.2221470985146,3.553846489962798,1.5,37.79758071106176
1067500.0,healthy,762.2416487831981,1.8592321106471157,1.5,24.35554197653746
1068000.0,healthy,698.3051489305102,1.7305543454295373,1.5,37.571861019977035
1068500.0,healthy,751.3395890772238,2.6310430250522954,1.5,16.812015800153375
1069000.0,healthy,803.0467298535832,1.9400394905634435,1.5,22.67900693840598
1069500.0,healthy,660.8651390102267,0.30299195782004323,1.5,24.33158770073171
1070000.0,healthy,709.1526444591403,0.0,1.5,38.71779759554714
1070500.0,healthy,738.7418692433063,0.0,1.5,19.062378627342355
1071000.0,healthy,728.1080234864721,0.0,1.5,22.538769714883717
1071500.0,healthy,738.6925385007962,0.0,1.5,28.648987721266604
1072000.0,healthy,850.550433800427,0.0,1.5,23.475866416528955
1072500.0,healthy,886.8805564711922,0.0,1.5,15.272393704574556
1073000.0,healthy,784.2035314906935,0.0,2.114201218077768,20.110910979696673
1073500.0,healthy,802.7035826986889,0.0,1.5,23.96567332905112
1074000.0,healthy,707.9877153765912,0.0,1.5,25.54104949850629
1074500.0,healthy,765.8802531424947,0.3007238373233365,1.5,23.518557485125683
1075000.0,healthy,639.6285299546306,0.0,1.5,20.41390068621804
1075500.0,healthy,663.9376696128198,0.0,1.5,20.245285995890924
1076000.0,healthy,617.1364597383514,0.0,1.5,27.63184009178043
1076500.0,healthy,622.3255577613947,0.0,1.5,12.027477531482116
1077000.0,healthy,600.0,0.0,1.5,33.6257707456146
1077500.0,healthy,600.0,0.0,1.5,22.645504726569815
1078000.0,healthy,600.0,0.0,1.5,19.744007882062967
1078500.0,healthy,625.4704772579809,0.0,1.5,21.401806966407115
1079000.0,healthy,602.1352443777703,0.0,1.5,15.263761376650306
1079500.0,healthy,660.0436322829961,0.0,1.5,15.815272042218346
1080000.0,healthy,770.347748970685,0.3834704803001524,1.5,11.231006725761418
1080500.0,healthy,807.1419195158143,1.446707857206095,1.5,34.160948460699096
1081000.0,healthy,944.0505076710787,2.495645018340922,1.5,21.085742517181963
1081500.0,healthy,1067.4624377293526,4.141206023997825,1.5,29.15206334078126
1082000.0,healthy,1175.5344066672437,5.870377215519471,1.5,40.288662525678724
1082500.0,healthy,1234.7520454454384,5.567536513464835,1.5,38.42417041060779
1083000.0,healthy,1075.127553804263,4.845668946058109,1.5,23.304528021503696
1083500.0,healthy,925.9159955372402,1.9650699727259247,1.5,20.03037809416299
1084000.0,healthy,732.7640516344225,0.0,1.5,34.887788614771445
1084500.0,healthy,661.6815369707476,0.0,1.5,15.035287886340846
1085000.0,healthy,1189.9082818725933,7.616992351081852,1.5,43.64868281105721
1085500.0,healthy,1141.1552945275396,7.968,1.5,24.623440559768085
1086000.0,healthy,1217.652654489672,7.968,1.5,31.51437076401871
1086500.0,healthy,1147.2291762469229,7.968,1.8408985963722126,33.985935616071174
1087000.0,healthy,1092.0269766497436,7.968,1.5,53.57871982137719
1087500.0,healthy,1177.6719112082887,7.968,1.5,32.07644881563981
1088000.0,healthy,1161.1189634025843,7.968,2.2383684564110222,32.81185555779886
1088500.0,healthy,1166.40567571114,7.968,1.5,28.887829360624853
1089000.0,healthy,1137.9303904642684,7.968,1.5,34.94305451074277
1089500.0,healthy,1246.0153529419601,7.968,1.5,40.22295412039023
1090000.0,healthy,1109.9223420303308,5.497356191734388,1.5,29.434345741809867
1090500.0,healthy,727.732824523502,0.03966601053496001,1.5,22.258941935127933
1091000.0,healthy,735.0724782951119,0.0,1.5,30.734587371957314
1091500.0,healthy,793.0395541976526,0.0,1.5,24.09807711722787
1092000.0,healthy,830.3675901844255,0.0,1.5,36.283886680594875
1092500.0,healthy,825.5767538055969,0.0,1.5,24.745522862781122
1093000.0,healthy,833.9127434216073,0.0,1.5,19.777714984614356
1093500.0,healthy,770.5786688265506,0.0,1.5,21.009200826858756
1094000.0,healthy,745.7122021643427,0.0,1.5,18.60006090418197
1094500.0,healthy,725.805386403747,0.0,1.5,15.29567671491566
1095000.0,healthy,722.5208499203519,0.0,1.5,32.45620217228281
1095500.0,healthy,652.9912116383847,0.0,1.5,20.35694008491048
1096000.0,healthy,630.6033305106797,0.0,1.5,18.4378060548352
1096500.0,healthy,664.9283247915305,0.0,1.5,27.21408255342554
1097000.0,healthy,614.8828313942274,0.0,1.5,20.692735212634148
1097500.0,healthy,600.0,0.17054709100277335,1.5,25.24696184278034
1098000.0,healthy,606.8600378744009,0.04510494590145589,1.5,13.504956905386729
1098500.0,healthy,696.0250640684104,0.7869234449650799,1.5,27.397954278067637
1099000.0,healthy,897.0270092486485,2.9914611544348655,1.5813561959658606,29.75479913660657
1099500.0,healthy,869.8863914422299,3.3236756211034173,1.5,30.63352101211517
1100000.0,healthy,924.55010377237,3.4180277830954084,1.5,30.769713281922744
1100500.0,healthy,904.9442452049344,2.5321520334097514,1.5,36.82918833666791
1101000.0,healthy,930.2436527527061,2.0305213426299367,1.5,31.53234040030026
1101500.0,healthy,915.0716725955486,2.576107045632066,1.5,22.90467311106522
1102000.0,healthy,1088.2908747922086,3.4027576281776524,1.5,30.986813779655275
1102500.0,healthy,979.9231016828719,2.58112242258487,1.5,35.921719997429314
1103000.0,healthy,849.9518302608897,0.4908397247368325,1.5,8.39138095577675
1103500.0,healthy,793.0149967544086,0.0,1.5,22.43137744338285
1104000.0,healthy,762.8551776419182,0.0,1.5,26.758654922918065
1104500.0,healthy,795.598819697499,0.0,1.5,27.663026464668498
1105000.0,healthy,751.4511369247434,0.047106045084252285,1.5,17.49033353788992
1105500.0,healthy,767.7884368842799,1.7209150717534252,1.5,29.58203803209794
1106000.0,healthy,741.4889254458704,1.743422754068709,1.5,23.677816167710528
1106500.0,healthy,617.5959815588669,0.9288156973677673,1.5,19.096077825787525
1107000.0,healthy,606.1613776424524,0.0,1.5,17.27612774149869
1107500.0,healthy,600.0,0.0,1.5,20.237256677171974
1108000.0,healthy,601.1796908704702,0.0,1.5,15.406098079521666
1108500.0,healthy,602.294090999998,0.0,1.646854122943596,25.318088211389743
1109000.0,healthy,632.3839089108308,0.0,1.5,31.15640587227724
1109500.0,healthy,650.1604416882202,0.0,1.5,18.72050894246202
1110000.0,healthy,651.5910711304248,0.0,1.5685274937699867,23.981390433195404
1110500.0,healthy,723.37024893423,0.0,1.5,14.602881689948203
1111000.0,healthy,746.4886450361574,0.0,1.5,12.994888046328278
1111500.0,healthy,839.1789639556165,0.0,1.5,14.901429140847672
1112000.0,healthy,789.868809340647,0.0,1.5,29.489707750271855
1112500.0,healthy,811.7931918519984,0.0,1.5,25.52319582585973
1113000.0,healthy,865.8286828330291,0.0,1.5,28.525140106507706
1113500.0,healthy,854.3919996867816,0.0,1.5,30.952474992203705
1114000.0,healthy,795.557419897123,0.0,2.0511334225399738,20.87233213717165
1114500.0,healthy,780.3001708578747,0.0,1.5,19.737379700572856
1115000.0,healthy,1199.5377657274805,7.968,1.5,26.00323758122733
1115500.0,healthy,1251.0528401117908,7.968,1.5,13.449916587828508
1116000.0,healthy,1189.7869209712737,7.968,1.5,7.592120342629137
1116500.0,healthy,1048.2042491291693,6.539224846243442,1.5,39.94466847809592
1117000.0,healthy,957.8875749766725,5.467622669291318,1.5,41.37812804852315
1117500.0,healthy,977.6152908578888,6.298523566465201,1.5,16.641236494719475
1118000.0,healthy,1112.4975004793635,7.380888715871797,1.5,42.455696155069056
1118500.0,healthy,1150.5143661177267,7.968,1.5,35.47582747679519
1119000.0,healthy,1171.5100324103346,7.968,1.5,42.81377936442372
1119500.0,healthy,1158.3188368426136,7.968,1.5,31.89443136101889
1120000.0,healthy,1216.7280484596956,7.968,1.5,47.88090845135382
1120500.0,healthy,954.1236526479605,3.4441657832073957,1.5,27.777475317825733
1121000.0,healthy,1048.060265910002,4.351779803891919,1.5,24.91367859240188
1121500.0,healthy,1078.4259043196428,3.9986424110471988,1.5,40.48248751591792
1122000.0,healthy,1093.227652361891,4.2420392925387445,1.5,37.87192866929692
1122500.0,healthy,966.3531695415529,1.7508269080905732,1.5836158439702845,16.365811977505754
1123000.0,healthy,772.1626670456543,0.0,1.5,26.643773916501495
1123500.0,healthy,826.6497817287662,0.0,1.5,32.03540578341314
1124000.0,healthy,707.0719788035046,0.0,1.5,14.31063902838829
1124500.0,healthy,748.6631714775972,0.0,1.5,27.75471969289392
1125000.0,healthy,729.6597049339728,0.0,1.5,15.323942034091138
1125500.0,healthy,681.5568079231582,0.0,1.5,28.668615229717858
1126000.0,healthy,600.0,0.0,1.5,16.008932123621666
1126500.0,healthy,658.8638995405436,0.0,1.5,28.657908471652803
1127000.0,healthy,614.8581825280543,0.0,1.5,22.104176200307283
1127500.0,healthy,606.0572261809027,0.0,1.5,16.95961055927362
1128000.0,healthy,601.8013262152808,0.0,1.5,16.156349987139887
1128500.0,healthy,624.8788507262254,0.0,1.5,32.2391376491943
1129000.0,healthy,677.704021490958,0.0,1.5,28.632147698877755
1129500.0,healthy,651.6943311599985,0.0,1.5,11.064244097942096
1130000.0,healthy,660.2079416622158,0.0,1.5,23.280642516518245
1130500.0,healthy,739.5574510244261,0.10758413499588222,1.5,29.283231521176578
1131000.0,healthy,785.4756149664325,0.0,1.5,37.04935570307124
1131500.0,healthy,775.6245630690864,0.0,1.5,24.649752015511204
1132000.0,healthy,762.6761596828586,0.0,1.5,12.229843041199738
1132500.0,healthy,811.3420377885199,0.08743870326504051,1.5,24.414862156708796
1133000.0,healthy,822.4691756985937,0.0,1.5,19.329714824887397
1133500.0,healthy,813.4263831680232,0.0,1.5,25.99696047955357
1134000.0,healthy,732.6573256886081,0.0,1.5,21.016192129879766
1134500.0,healthy,726.9588799743906,0.05888898400913502,1.5,25.254221877677182
1135000.0,healthy,754.9914811736367,1.4522690314986353,1.5,29.86032984866931
1135500.0,healthy,747.0308750975175,1.3539424476254547,1.5,5.390752066236001
1136000.0,healthy,718.5897107384274,0.6013317807588826,1.5,12.782002841363706
1136500.0,healthy,600.0,0.0,1.5,24.7137029933221
1137000.0,healthy,642.0365353448924,0.0,1.5,19.39983749089075
1137500.0,healthy,720.2278421241665,1.6219774837896825,1.5,15.294395247844259
1138000.0,healthy,716.3329576892282,3.237832203936459,1.5,31.421355948248557
1138500.0,healthy,938.20858024805,5.164725308441663,1.5,24.774837971852747
1139000.0,healthy,955.6808626278878,5.620256505909644,1.5,42.09200894740715
1139500.0,healthy,858.2301694183195,3.575703667323138,1.5,31.561348590593596
1140000.0,healthy,809.1191598615694,2.4071185970448714,1.5,26.283981320027358
1140500.0,healthy,788.8640894238596,0.9945816560016946,1.5,21.779623401744796
1141000.0,healthy,744.7455298293422,0.10863629083085646,1.5,16.088495426159536
1141500.0,healthy,777.2541217967654,0.0,1.911421396019512,10.460688831931035
1142000.0,healthy,836.0029266969469,0.0,1.5,18.75352392409677
1142500.0,healthy,797.63012441752,0.0,1.6822982717836505,24.77356894285652
1143000.0,healthy,872.5105586220875,0.0,1.5,34.19650644852403
1143500.0,healthy,787.6062917311518,0.0,1.5,20.74632451604463
1144000.0,healthy,798.545384169002,0.0,1.5,28.727845022580365
1144500.0,healthy,702.3684716249102,0.0,1.5,36.351660772064285
1145000.0,healthy,1102.0915278076302,6.689521860127502,1.5,39.397800676436376
1145500.0,healthy,1125.3355054737974,7.750456239966336,1.5,28.279193390506247
1146000.0,healthy,1119.5670191462348,7.034519291332554,1.8834264742871687,25.500921543829573
1146500.0,healthy,1029.7263520075628,5.827981772144624,1.5,33.39608442152415
1147000.0,healthy,914.1536822738252,4.471701039937868,1.5,34.61698621094391
1147500.0,healthy,897.4170974504957,4.511916119908748,1.5,37.84259960904311
1148000.0,healthy,821.8025030012083,4.632519663076025,1.5,30.420818378143796
1148500.0,healthy,860.500771681515,3.7467781571454455,1.5,20.036379987596863
1149000.0,healthy,799.3613030243496,2.496676102529883,1.5,17.009012014692438
1149500.0,healthy,723.648419293985,1.6633316634254371,1.5,25.870829083090058
1150000.0,healthy,728.4727157346769,0.95099538706384,1.5,37.24860117188588
1150500.0,healthy,682.2185714075664,0.0,1.5,35.40605434980931
1151000.0,healthy,753.5093273939789,0.0,1.5,16.876682965739153
1151500.0,healthy,749.4703821145297,0.2609986954022486,1.5,18.447218716924603
1152000.0,healthy,991.7051968565556,2.7913861745329074,1.5,33.468562596394435
1152500.0,healthy,1112.8495467547286,3.864591857609024,1.5,42.34736059116797
1153000.0,healthy,1050.257637168403,3.234618461217219,1.5,38.67340336197828
1153500.0,healthy,942.9939851424186,2.9803048308462126,1.5,18.037877475098586
1154000.0,healthy,987.292944591614,2.792984009698339,1.5,31.610648722629286
1154500.0,healthy,1021.6932131850317,4.196616805678307,2.211418819924813,42.296590650474045
1155000.0,healthy,999.9005098592551,3.5409126266322604,1.5,36.3523774596455
1155500.0,healthy,820.4796649876711,2.1670417208883475,1.5,22.125833089129863
1156000.0,healthy,657.1875822406566,0.719408931567853,1.5,34.123448603998284
1156500.0,healthy,637.693377640262,0.0,1.5,25.47300982284192
1157000.0,healthy,600.0,0.0,1.5,26.659266734637864
1157500.0,healthy,620.1469733575192,0.0,1.5,17.854739252949418
1158000.0,healthy,600.0,0.7838304682139315,1.5,20.412316279973936
1158500.0,healthy,752.1844816029155,2.4570994900334093,1.5,24.609043552617482
1159000.0,healthy,766.2515096078437,1.9668085189894375,1.5,21.235035111835977
1159500.0,healthy,769.8284968873238,0.5070006274190773,1.5,17.0007618589187
1160000.0,healthy,753.9673004391054,0.0,1.5,20.191291049935153
1160500.0,healthy,751.9968442922833,0.0,1.5,39.29335178907788
1161000.0,healthy,788.5688448819396,0.0,1.5,26.33679111555294
1161500.0,healthy,781.7689314871958,0.0,1.5,21.640578017857507
1162000.0,healthy,775.894876623642,0.0,1.5,37.012689577960046
1162500.0,healthy,798.4958118258045,0.0,1.5,32.07176964978022
1163000.0,healthy,760.2393158361537,0.0,1.5,22.21628619018619
1163500.0,healthy,826.704867273714,0.0,1.5,22.022467997542496
1164000.0,healthy,741.7100970675443,0.0,1.5,23.494215962923587
1164500.0,healthy,684.9247837241028,0.0,1.5,22.473926523364593
1165000.0,healthy,690.9649836302237,0.0,1.5,33.55172418570189
1165500.0,healthy,705.3559191514317,0.0,1.5,30.142145631796158
1166000.0,healthy,631.5408428874291,0.0,1.5,22.640271005795686
1166500.0,healthy,600.0,0.0,1.5,23.16141643950002
1167000.0,healthy,619.938250862446,0.0,1.5,6.496175631499918
1167500.0,healthy,600.0,0.0,1.5,24.995196486369558
1168000.0,healthy,600.0,0.0,1.5,24.965156218460745
1168500.0,healthy,634.2758692164151,0.0,1.5,22.965695294101195
1169000.0,healthy,634.1458844584641,0.0,1.5,36.78505869665582
1169500.0,healthy,652.0048590676155,0.0,1.5,23.322164426369273
1170000.0,healthy,774.5133991943862,0.0,1.5,25.314109445507118
1170500.0,healthy,747.0734234996892,0.8033874508628427,1.5,34.25309522330317
1171000.0,healthy,937.2412528576963,2.9268440938927083,1.5,36.101372581245606
1171500.0,healthy,1095.8560525612063,4.493805898266846,1.5,26.598598979066345
1172000.0,healthy,1118.8061403974496,5.157956738515466,1.5,33.18108584964255
1172500.0,healthy,1083.761397483928,3.74569082231727,1.5,38.38296447774315
1173000.0,healthy,965.609173011706,2.6943576348843252,1.5,26.772009952532162
1173500.0,healthy,846.3031149259925,0.8115718194746613,1.5,13.59012393406092
1174000.0,healthy,769.0745686547949,0.45306977556383515,1.5,18.574483558710334
1174500.0,healthy,823.6381288045592,0.6680809202443044,1.5,15.883514680933471
1175000.0,healthy,1227.7494604574388,7.968,1.5,32.40278639343454
1175500.0,healthy,1131.622420746682,7.968,1.5,18.806473734540337
1176000.0,healthy,1096.7589779782236,7.958402898483562,1.5,29.185601531938094
1176500.0,healthy,1085.1187462908588,7.151284819594248,1.5,13.520990231334508
1177000.0,healthy,1135.9242054133629,7.968,2.6751749289484223,19.765023335246312
1177500.0,healthy,1119.8513957999946,7.968,1.5,42.26835769960165
1178000.0,healthy,1096.7424324785366,7.968,1.5,27.680725775895382
1178500.0,healthy,1143.361598364604,7.968,1.5,30.490389525875162
1179000.0,healthy,1114.14249804425,7.968,1.5,45.572918903476
1179500.0,healthy,1054.7538350111852,6.723279941755009,1.5,30.298597729765014
1180000.0,healthy,964.5409667006896,4.487569960268943,1.5,19.990907978754368
1180500.0,healthy,767.4554907959522,0.0,1.5,23.462092568499145
1181000.0,healthy,859.9349558709974,0.0,1.5,12.718701576018782
1181500.0,healthy,762.4890839480919,0.0,1.5,10.770815474869597
1182000.0,healthy,784.7032206205818,0.0,1.5,26.83729136883794
1182500.0,healthy,842.1406297288235,0.0,1.5,20.778240992355336
1183000.0,healthy,767.5864425144846,0.0,2.1444181318272237,18.828167541996294
1183500.0,healthy,804.4394454482215,0.0,1.5,15.763226897979115
1184000.0,healthy,844.0804287867006,0.0,1.5,29.333396723828873
1184500.0,healthy,759.7626018461428,0.0,1.5,8.713858667118485
1185000.0,healthy,699.6319520070571,0.0,1.5,33.47931500227976
1185500.0,healthy,667.1919153795043,0.3028468897862514,1.5,23.35483749874725
1186000.0,healthy,611.4539039909887,0.0,1.5,31.873357257534067
1186500.0,healthy,611.1593859399429,0.021505904109080622,1.5,33.549618097418495
1187000.0,healthy,600.0,0.0,1.5,14.684748594128695
1187500.0,healthy,600.0,0.0,1.5,8.256028418204929
1188000.0,healthy,600.0,0.0,1.5,21.558546448391787
1188500.0,healthy,600.0,0.0,1.5,30.856996178789913
1189000.0,healthy,618.72072280929,0.0,1.5,20.219782334637777
1189500.0,healthy,697.8588126014992,0.0,1.5,18.864712470702337
1190000.0,healthy,714.5108659079117,0.0,1.5,36.24340017588024
1190500.0,healthy,790.0042009117419,1.1087530066644409,1.5,29.670883157491108
1191000.0,healthy,1028.7489243973218,3.743476015091509,1.5,27.860907466330428
1191500.0,healthy,1146.945090684908,5.467039200104472,1.5,47.29825052354461
1192000.0,healthy,1167.4680743477043,5.341881859810005,1.5,38.58733242491249
1192500.0,healthy,1161.3300122108305,4.354998822892236,1.5,42.03013143836676
1193000.0,healthy,1010.6031688037588,3.060666733047783,1.5,31.37991956371104
1193500.0,healthy,951.656882120101,1.986559167905387,1.5,25.127877776005
1194000.0,healthy,896.801282282803,1.7655821682456725,1.5,27.90781787483691
1194500.0,healthy,851.6534089904382,1.1828701117495617,1.5,29.167571903914386
1195000.0,healthy,714.5484961129401,0.0,1.5,28.131691189929533
1195500.0,healthy,713.2356499225168,0.0,1.5,24.987506707434367
1196000.0,healthy,610.9239751241724,0.0,1.5,17.598329528062962
1196500.0,healthy,606.0557424958578,0.0,1.5,26.617219743940403
1197000.0,healthy,601.0371006040101,0.0,1.5,8.039335061849535
1197500.0,healthy,624.9562478572874,0.0,1.5,17.640682234130868
1198000.0,healthy,600.0,0.0,1.5,30.27589131234093
1198500.0,healthy,703.0432153751437,0.0,1.5,20.498540918655124
1199000.0,healthy,667.6784454681879,0.0,1.5,10.331549533596073
1199500.0,healthy,704.5678488380336,0.0,1.5,26.254116968896593
